# Object Export From Tinkercad Server 2015

mtllib obj.mtl

o obj_0
v 35.88 		-65.003 		16.997
v 35.88 		-66.51 		16.997
v 35.88 		-68.508 		16.997
v 35.88 		-69.96 		16.997
v -76.994 		-34.031 		10.055
v -79.996 		-34.031 		10.055
v -79.996 		-33.936 		9.809
v -76.994 		-33.936 		9.809
v -76.994 		-34.138 		10.296
v -79.996 		-34.138 		10.296
v -76.994 		-34.256 		10.532
v -79.996 		-34.256 		10.532
v -76.994 		-34.386 		10.762
v -79.996 		-34.386 		10.762
v -76.994 		-34.528 		10.985
v -79.996 		-34.528 		10.985
v -76.994 		-34.68 		11.2
v -79.996 		-34.68 		11.2
v -76.994 		-34.842 		11.408
v -79.996 		-34.842 		11.408
v -76.994 		-35.014 		11.608
v -79.996 		-35.014 		11.608
v -76.994 		-35.196 		11.799
v -79.996 		-35.196 		11.799
v -76.994 		-35.387 		11.981
v -79.996 		-35.387 		11.981
v -76.994 		-35.587 		12.154
v -79.996 		-35.587 		12.154
v 35.88 		1.6 		0
v -76.994 		-31.476 		5.939
v -79.996 		-31.476 		5.939
v -76.994 		-31.369 		5.698
v -79.996 		-31.369 		5.698
v 35.88 		-65.003 		0
v 35.86 		-65.003 		0
v 35.86 		-65.003 		11.357
v -76.994 		-31.25 		5.462
v 35.88 		-65 		17
v 35.88 		-66.51 		17
v 35.88 		-68.508 		17
v 35.88 		-69.96 		17
v 35.88 		-65 		0
v 58.55 		0.094 		0
v 57.903 		-69.996 		3.498
v 36.898 		-69.996 		3.498
v 36.898 		-69.996 		13.083
v 57.903 		-69.996 		13.083
v -79.996 		-31.25 		5.462
v 58.55 		0.094 		16.997
v 36.748 		-65 		3.498
v 57.833 		-65 		3.498
v 57.833 		-65 		13.083
v 36.748 		-65 		13.083
v 37.748 		-65.993 		4.888
v 57.053 		-65.993 		4.888
v 57.053 		-65.993 		11.693
v 37.748 		-65.993 		11.693
v 57.833 		-65.993 		13.083
v 57.833 		-65.993 		3.498
v 36.748 		-65.993 		13.083
v 36.748 		-65.993 		3.498
v 57.053 		-67.748 		4.888
v 37.748 		-67.748 		4.888
v 37.748 		-67.748 		11.693
v 57.053 		-67.748 		11.693
v 36.898 		-67.748 		13.083
v 36.898 		-67.748 		3.498
v 57.903 		-67.748 		13.083
v 57.903 		-67.748 		3.498
v -79.996 		-31.12 		5.232
v -79.996 		-30.979 		5.009
v -79.996 		-30.827 		4.794
v -76.994 		-31.12 		5.232
v -79.996 		-31.885 		7.997
v -79.996 		-31.879 		7.733
v -79.996 		-31.859 		7.47
v -79.996 		-31.827 		7.208
v -79.996 		-31.782 		6.948
v -79.996 		-31.724 		6.69
v -79.996 		-31.654 		6.436
v -79.996 		-31.571 		6.185
v 58.55 		-6.328 		0
v 58.55 		-6.328 		16.997
v -79.996 		-31.476 		10.055
v -79.996 		-31.571 		9.809
v -79.996 		-31.654 		9.558
v -79.996 		-31.724 		9.304
v 58.71 		-65 		16.997
v -79.996 		-31.782 		9.046
v -79.996 		-31.827 		8.786
v -79.996 		-31.859 		8.524
v -79.996 		-31.879 		8.261
v -79.996 		-29.919 		12.154
v -79.996 		-30.119 		11.981
v -79.996 		-30.31 		11.799
v -79.996 		-30.492 		11.608
v -79.996 		-30.665 		11.408
v -79.996 		-30.827 		11.2
v -79.996 		-30.979 		10.985
v -79.996 		-31.12 		10.762
v -79.996 		-31.25 		10.532
v -79.996 		-31.369 		10.296
v 58.71 		-65 		0
v -79.996 		-31.885 		16.997
v 58.71 		-58.691 		16.997
v 58.71 		-58.691 		0
v 70.004 		-69.996 		16.997
v 70.004 		-69.996 		0
v 70.004 		5.095 		0
v 70.004 		5.095 		16.997
v 66.509 		-66.51 		16.997
v 66.509 		1.6 		16.997
v 68.507 		3.598 		16.997
v 68.507 		-68.508 		16.997
v 66.509 		1.6 		0
v 66.509 		-66.51 		0
v 68.507 		3.598 		0
v 68.507 		-68.508 		0
v 66.509 		-66.51 		14.498
v 66.509 		1.6 		14.498
v -79.996 		-33.621 		7.997
v 60.368 		-4.177 		16.997
v 60.311 		-4.11 		16.997
v 61.424 		-4.741 		16.997
v 61.338 		-4.726 		16.997
v 61.253 		-4.707 		16.997
v 61.169 		-4.684 		16.997
v 61.086 		-4.656 		16.997
v 61.005 		-4.625 		16.997
v 60.925 		-4.59 		16.997
v 60.847 		-4.55 		16.997
v 60.771 		-4.507 		16.997
v 60.697 		-4.461 		16.997
v 60.626 		-4.411 		16.997
v 60.557 		-4.357 		16.997
v 60.491 		-4.3 		16.997
v 60.428 		-4.24 		16.997
v 61.598 		-4.758 		16.997
v 61.685 		-4.76 		16.997
v 61.511 		-4.752 		16.997
v -72.735 		-4.555 		11.357
v -72.813 		-4.516 		11.357
v 62.445 		-4.59 		16.997
v -72.889 		-4.473 		11.357
v 62.365 		-4.625 		16.997
v -72.963 		-4.426 		11.357
v 62.284 		-4.656 		16.997
v -73.034 		-4.376 		11.357
v 62.201 		-4.684 		16.997
v -73.103 		-4.322 		11.357
v 62.117 		-4.707 		16.997
v -73.169 		-4.265 		11.357
v 62.032 		-4.726 		16.997
v -73.232 		-4.205 		11.357
v -73.292 		-4.142 		11.357
v 61.946 		-4.741 		16.997
v 61.859 		-4.752 		16.997
v 61.772 		-4.758 		16.997
v -72.062 		-4.724 		11.357
v -71.975 		-4.726 		11.357
v -72.149 		-4.717 		11.357
v 63.059 		-4.11 		16.997
v -72.236 		-4.707 		11.357
v 63.002 		-4.177 		16.997
v -72.322 		-4.692 		11.357
v 62.942 		-4.24 		16.997
v 62.879 		-4.3 		16.997
v -72.407 		-4.672 		11.357
v 62.813 		-4.357 		16.997
v 62.744 		-4.411 		16.997
v -72.491 		-4.649 		11.357
v 62.673 		-4.461 		16.997
v -72.574 		-4.622 		11.357
v 62.599 		-4.507 		16.997
v -72.655 		-4.59 		11.357
v 62.523 		-4.55 		16.997
v 60.257 		-4.042 		16.997
v -71.714 		-4.707 		11.357
v 60.207 		-3.97 		16.997
v -71.801 		-4.717 		11.357
v 60.16 		-3.897 		16.997
v -71.888 		-4.724 		11.357
v 60.117 		-3.821 		16.997
v 60.078 		-3.743 		16.997
v 60.043 		-3.663 		16.997
v 60.011 		-3.582 		16.997
v 59.984 		-3.499 		16.997
v 59.961 		-3.415 		16.997
v 59.942 		-3.33 		16.997
v 59.927 		-3.244 		16.997
v 59.916 		-3.157 		16.997
v 59.91 		-3.07 		16.997
v 59.908 		-2.983 		16.997
v 59.91 		-2.896 		16.997
v 59.916 		-2.809 		16.997
v 59.927 		-2.722 		16.997
v 59.942 		-2.636 		16.997
v 59.961 		-2.551 		16.997
v 59.984 		-2.467 		16.997
v 60.011 		-2.384 		16.997
v 60.043 		-2.303 		16.997
v 60.078 		-2.223 		16.997
v 60.117 		-2.145 		16.997
v 60.16 		-2.069 		16.997
v -76.994 		-30.979 		5.009
v 60.207 		-1.995 		16.997
v 68.507 		3.598 		14.498
v 60.257 		-1.924 		16.997
v 60.311 		-1.855 		16.997
v 60.368 		-1.789 		16.997
v 60.428 		-1.726 		16.997
v 60.491 		-1.666 		16.997
v 60.557 		-1.609 		16.997
v 60.626 		-1.555 		16.997
v 60.697 		-1.505 		16.997
v 60.771 		-1.458 		16.997
v 60.847 		-1.415 		16.997
v 60.925 		-1.376 		16.997
v 61.005 		-1.341 		16.997
v -71.215 		-4.555 		11.357
v 61.086 		-1.309 		16.997
v -71.295 		-4.59 		11.357
v 61.169 		-1.282 		16.997
v -71.376 		-4.622 		11.357
v 61.253 		-1.259 		16.997
v -71.459 		-4.649 		11.357
v 61.338 		-1.24 		16.997
v -71.543 		-4.672 		11.357
v 61.424 		-1.225 		16.997
v -71.628 		-4.692 		11.357
v -70.658 		-4.142 		11.357
v 63.454 		-3.157 		16.997
v -70.718 		-4.205 		11.357
v 63.443 		-3.244 		16.997
v 63.428 		-3.33 		16.997
v -70.781 		-4.265 		11.357
v 63.409 		-3.415 		16.997
v -70.847 		-4.322 		11.357
v 63.386 		-3.499 		16.997
v -70.916 		-4.376 		11.357
v 63.359 		-3.582 		16.997
v -70.987 		-4.426 		11.357
v 63.327 		-3.663 		16.997
v -71.061 		-4.473 		11.357
v 63.292 		-3.743 		16.997
v -71.137 		-4.516 		11.357
v 63.253 		-3.821 		16.997
v 63.21 		-3.897 		16.997
v 63.163 		-3.97 		16.997
v -73.733 		-3.208 		11.357
v 63.113 		-4.042 		16.997
v -73.744 		-3.122 		11.357
v -73.75 		-3.035 		11.357
v -73.753 		-2.947 		11.357
v 63.21 		-2.069 		16.997
v -73.75 		-2.86 		11.357
v 63.253 		-2.145 		16.997
v -73.744 		-2.773 		11.357
v 63.292 		-2.223 		16.997
v -73.733 		-2.686 		11.357
v 63.327 		-2.303 		16.997
v -79.996 		-42.201 		3.678
v 63.359 		-2.384 		16.997
v 68.507 		-68.508 		14.498
v 63.386 		-2.467 		16.997
v 63.409 		-2.551 		16.997
v 63.428 		-2.636 		16.997
v 66.509 		-66.51 		2.003
v 66.509 		1.6 		2.003
v 63.443 		-2.722 		16.997
v 63.454 		-2.809 		16.997
v 68.507 		3.598 		2.003
v 63.46 		-2.896 		16.997
v 68.507 		-68.508 		2.003
v 63.463 		-2.983 		16.997
v 63.46 		-3.07 		16.997
v -79.996 		-41.986 		3.526
v -79.996 		-41.763 		3.385
v 58.88 		-66.51 		17
v 58.88 		-66.51 		16.997
v -79.996 		-41.533 		3.254
v 61.511 		-1.214 		16.997
v 58.88 		-65 		16.997
v 58.88 		-65 		17
v -79.996 		-41.297 		3.136
v 58.88 		-69.96 		17
v 58.88 		-69.96 		16.997
v 58.88 		-68.508 		16.997
v 58.88 		-68.508 		17
v 61.598 		-1.208 		16.997
v -79.996 		-41.056 		3.029
v 61.685 		-1.205 		16.997
v 61.772 		-1.208 		16.997
v -79.996 		-40.81 		2.934
v -79.996 		-40.559 		2.851
v 61.859 		-1.214 		16.997
v -79.996 		-40.305 		2.781
v 61.946 		-1.225 		16.997
v -79.996 		-40.047 		2.723
v -79.996 		-39.787 		2.678
v 62.032 		-1.24 		16.997
v -79.996 		-39.525 		2.645
v 62.117 		-1.259 		16.997
v -79.996 		-39.262 		2.626
v -79.996 		-38.998 		2.62
v 62.201 		-1.282 		16.997
v 62.284 		-1.309 		16.997
v -79.996 		-38.735 		2.626
v 65.003 		-6.328 		16.997
v 65.003 		-58.691 		16.997
v -79.996 		-38.471 		2.645
v 62.365 		-1.341 		16.997
v -79.996 		-38.209 		2.678
v 62.445 		-1.376 		16.997
v -79.996 		-37.949 		2.723
v -79.996 		-37.692 		2.781
v -79.996 		-37.438 		2.851
v -79.996 		-37.187 		2.934
v 62.523 		-1.415 		16.997
v -79.996 		-36.941 		3.029
v -76.994 		-30.827 		4.794
v 62.599 		-1.458 		16.997
v 62.673 		-1.505 		16.997
v -79.996 		-36.699 		3.136
v -79.996 		-36.464 		3.254
v 62.744 		-1.555 		16.997
v -76.994 		-31.885 		7.997
v -76.994 		-31.879 		7.733
v -79.996 		-36.234 		3.385
v -79.996 		-36.011 		3.526
v -76.994 		-31.859 		7.47
v 62.813 		-1.609 		16.997
v -79.996 		-35.795 		3.678
v -76.994 		-31.827 		7.208
v 62.879 		-1.666 		16.997
v -79.996 		-35.587 		3.84
v -76.994 		-31.782 		6.948
v -79.996 		-35.387 		4.013
v 62.942 		-1.726 		16.997
v -76.994 		-31.724 		6.69
v -76.994 		-31.654 		6.436
v 63.002 		-1.789 		16.997
v -76.994 		-31.571 		6.185
v -79.996 		-35.196 		4.195
v 63.059 		-1.855 		16.997
v -79.996 		-35.014 		4.386
v 63.113 		-1.924 		16.997
v -79.996 		-34.842 		4.586
v 63.163 		-1.995 		16.997
v -76.994 		-31.476 		10.055
v -76.994 		-31.571 		9.809
v -76.994 		-31.654 		9.558
v -76.994 		-31.724 		9.304
v 61.685 		-1.205 		0
v -76.994 		-31.782 		9.046
v -76.994 		-31.827 		8.786
v -79.996 		-30.119 		4.013
v -76.994 		-31.859 		8.524
v -79.996 		-29.919 		3.84
v -76.994 		-31.879 		8.261
v 63.463 		-2.983 		0
v 65.003 		-6.328 		0
v -76.994 		-29.919 		12.154
v -76.994 		-30.119 		11.981
v 61.685 		-4.76 		0
v -76.994 		-30.31 		11.799
v -76.994 		-30.492 		11.608
v 59.908 		-2.983 		0
v 65.003 		-58.691 		0
v -73.349 		-4.076 		11.357
v -73.403 		-4.007 		11.357
v -73.453 		-3.935 		11.357
v -73.5 		-3.862 		11.357
v -73.543 		-3.786 		11.357
v -73.582 		-3.708 		11.357
v -73.617 		-3.628 		11.357
v -73.649 		-3.546 		11.357
v -73.676 		-3.464 		11.357
v -76.994 		-30.665 		11.408
v -76.994 		-30.827 		11.2
v -73.699 		-3.379 		11.357
v -76.994 		-30.979 		10.985
v -73.718 		-3.294 		11.357
v -76.994 		-31.12 		10.762
v -76.994 		-31.25 		10.532
v -73.718 		-2.6 		11.357
v -76.994 		-31.369 		10.296
v -73.699 		-2.515 		11.357
v -73.676 		-2.431 		11.357
v 61.429 		-63.758 		0
v -73.649 		-2.348 		11.357
v 61.343 		-63.743 		0
v -73.617 		-2.267 		11.357
v 61.258 		-63.724 		0
v -73.582 		-2.187 		11.357
v 61.174 		-63.701 		0
v -73.543 		-2.109 		11.357
v 61.091 		-63.674 		0
v 61.01 		-63.642 		0
v -76.994 		-34.031 		5.939
v -76.994 		-34.138 		5.698
v -76.994 		-34.256 		5.462
v -76.994 		-34.386 		5.232
v -76.994 		-34.528 		5.009
v -76.994 		-34.68 		4.794
v 60.93 		-63.607 		0
v 60.852 		-63.568 		0
v 60.776 		-63.525 		0
v -76.994 		-33.621 		7.997
v -76.994 		-33.628 		7.733
v -76.994 		-33.647 		7.47
v -76.994 		-33.68 		7.208
v -76.994 		-33.725 		6.948
v -76.994 		-33.783 		6.69
v -76.994 		-33.853 		6.436
v -76.994 		-33.936 		6.185
v -76.994 		-35.784 		7.962
v 60.373 		-63.194 		0
v 60.316 		-63.128 		0
v 60.262 		-63.059 		0
v 60.212 		-62.988 		0
v -76.994 		-33.853 		9.558
v 60.165 		-62.914 		0
v -76.994 		-33.783 		9.304
v -76.994 		-33.725 		9.046
v -76.994 		-33.68 		8.786
v -76.994 		-33.647 		8.524
v -76.994 		-33.628 		8.261
v 60.122 		-62.838 		0
v 60.083 		-62.76 		0
v 60.048 		-62.68 		0
v 60.016 		-62.599 		0
v -79.996 		-30.665 		4.586
v 59.989 		-62.516 		0
v 60.702 		-63.478 		0
v 60.631 		-63.428 		0
v 60.562 		-63.374 		0
v 60.496 		-63.317 		0
v 60.433 		-63.257 		0
v 59.966 		-62.432 		0
v 59.947 		-62.347 		0
v 59.932 		-62.261 		0
v 59.921 		-62.174 		0
v 59.915 		-62.087 		0
v 59.913 		-62 		0
v 59.915 		-61.913 		0
v 59.921 		-61.826 		0
v 59.932 		-61.739 		0
v 59.947 		-61.653 		0
v 59.966 		-61.568 		0
v 59.989 		-61.484 		0
v 61.603 		-63.775 		0
v 61.69 		-63.778 		0
v 61.516 		-63.769 		0
v 62.45 		-63.607 		0
v 62.37 		-63.642 		0
v 62.289 		-63.674 		0
v 62.206 		-63.701 		0
v 62.122 		-63.724 		0
v 62.037 		-63.743 		0
v 61.951 		-63.758 		0
v -73.5 		-2.033 		11.357
v 61.864 		-63.769 		0
v 61.777 		-63.775 		0
v -73.453 		-1.959 		11.357
v -73.403 		-1.888 		11.357
v 62.604 		-63.525 		0
v 62.528 		-63.568 		0
v -73.349 		-1.819 		11.357
v -73.292 		-1.753 		11.357
v -76.994 		-29.722 		8.032
v -73.232 		-1.69 		11.357
v 63.168 		-62.988 		0
v -73.169 		-1.63 		11.357
v 63.118 		-63.059 		0
v 63.064 		-63.128 		0
v -73.103 		-1.573 		11.357
v 63.007 		-63.194 		0
v -73.034 		-1.519 		11.357
v 62.947 		-63.257 		0
v 62.884 		-63.317 		0
v -72.963 		-1.469 		11.357
v 62.818 		-63.374 		0
v -72.889 		-1.422 		11.357
v 62.749 		-63.428 		0
v -72.813 		-1.379 		11.357
v 62.678 		-63.478 		0
v -72.735 		-1.34 		11.357
v 63.391 		-62.516 		0
v 63.364 		-62.599 		0
v 63.332 		-62.68 		0
v -72.655 		-1.304 		11.357
v 63.297 		-62.76 		0
v -72.574 		-1.273 		11.357
v 63.258 		-62.838 		0
v 63.215 		-62.914 		0
v -72.491 		-1.246 		11.357
v -72.407 		-1.222 		11.357
v 63.391 		-61.484 		0
v -72.322 		-1.203 		11.357
v 63.414 		-61.568 		0
v -72.236 		-1.188 		11.357
v 63.433 		-61.653 		0
v -72.149 		-1.177 		11.357
v 63.448 		-61.739 		0
v 63.459 		-61.826 		0
v -72.062 		-1.171 		11.357
v 63.465 		-61.913 		0
v 63.468 		-62 		0
v 63.465 		-62.087 		0
v -71.975 		-1.169 		11.357
v 63.459 		-62.174 		0
v -71.888 		-1.171 		11.357
v 63.448 		-62.261 		0
v 63.433 		-62.347 		0
v -71.801 		-1.177 		11.357
v 63.414 		-62.432 		0
v -71.714 		-1.188 		11.357
v 60.016 		-61.401 		0
v 60.048 		-61.32 		0
v 60.083 		-61.24 		0
v 60.122 		-61.162 		0
v 60.165 		-61.086 		0
v 60.212 		-61.012 		0
v 60.262 		-60.941 		0
v 60.316 		-60.872 		0
v 60.373 		-60.806 		0
v 60.433 		-60.743 		0
v 60.496 		-60.683 		0
v 60.562 		-60.626 		0
v 60.631 		-60.572 		0
v 60.702 		-60.522 		0
v 60.776 		-60.475 		0
v 60.852 		-60.432 		0
v 60.93 		-60.393 		0
v 61.01 		-60.358 		0
v 61.091 		-60.326 		0
v 61.174 		-60.299 		0
v 61.258 		-60.276 		0
v 61.343 		-60.257 		0
v 61.429 		-60.242 		0
v -76.994 		-42.201 		3.678
v 61.516 		-60.231 		0
v -76.994 		-41.986 		3.526
v 61.603 		-60.225 		0
v -76.994 		-41.763 		3.385
v 61.69 		-60.223 		0
v -76.994 		-41.533 		3.254
v 61.777 		-60.225 		0
v -76.994 		-41.297 		3.136
v 61.864 		-60.231 		0
v -76.994 		-41.056 		3.029
v 61.951 		-60.242 		0
v 62.037 		-60.257 		0
v -76.994 		-40.81 		2.934
v 62.122 		-60.276 		0
v -76.994 		-40.559 		2.851
v 62.206 		-60.299 		0
v -76.994 		-40.305 		2.781
v 62.289 		-60.326 		0
v -76.994 		-40.047 		2.723
v 62.37 		-60.358 		0
v 62.45 		-60.393 		0
v -76.994 		-39.787 		2.678
v -76.994 		-39.525 		2.645
v 63.118 		-60.941 		0
v -76.994 		-39.262 		2.626
v 63.168 		-61.012 		0
v -76.994 		-38.998 		2.62
v 63.215 		-61.086 		0
v 63.258 		-61.162 		0
v -76.994 		-38.735 		2.626
v 63.297 		-61.24 		0
v 63.332 		-61.32 		0
v -76.994 		-38.471 		2.645
v 63.364 		-61.401 		0
v -76.994 		-38.209 		2.678
v -76.994 		-37.949 		2.723
v -76.994 		-37.692 		2.781
v -76.994 		-37.438 		2.851
v 62.528 		-60.432 		0
v -70.206 		-3.122 		11.357
v -76.994 		-37.187 		2.934
v 62.604 		-60.475 		0
v -70.217 		-3.208 		11.357
v -76.994 		-36.941 		3.029
v 62.678 		-60.522 		0
v -70.232 		-3.294 		11.357
v -76.994 		-36.699 		3.136
v -70.251 		-3.379 		11.357
v 62.749 		-60.572 		0
v 62.818 		-60.626 		0
v -70.274 		-3.464 		11.357
v 62.884 		-60.683 		0
v 62.947 		-60.743 		0
v -70.301 		-3.546 		11.357
v 63.007 		-60.806 		0
v -70.333 		-3.628 		11.357
v 63.064 		-60.872 		0
v -70.368 		-3.708 		11.357
v -70.407 		-3.786 		11.357
v -70.45 		-3.862 		11.357
v -70.497 		-3.935 		11.357
v -70.547 		-4.007 		11.357
v -70.601 		-4.076 		11.357
v -70.407 		-2.109 		11.357
v -70.368 		-2.187 		11.357
v -70.333 		-2.267 		11.357
v -70.301 		-2.348 		11.357
v -70.274 		-2.431 		11.357
v -70.251 		-2.515 		11.357
v -76.994 		-36.464 		3.254
v -76.994 		-36.234 		3.385
v -70.232 		-2.6 		11.357
v -76.994 		-36.011 		3.526
v -70.217 		-2.686 		11.357
v -76.994 		-35.795 		3.678
v -76.994 		-35.587 		3.84
v -70.206 		-2.773 		11.357
v -76.994 		-35.387 		4.013
v -70.2 		-2.86 		11.357
v -70.198 		-2.947 		11.357
v -76.994 		-35.196 		4.195
v -76.994 		-35.014 		4.386
v -70.2 		-3.035 		11.357
v -76.994 		-34.842 		4.586
v -76.994 		-30.119 		4.013
v -76.994 		-29.919 		3.84
v -76.994 		-30.665 		4.586
v -76.994 		-30.492 		4.386
v -79.996 		-30.492 		4.386
v -76.994 		-30.31 		4.195
v -79.996 		-30.31 		4.195
v -76.994 		-39.033 		4.783
v -79.996 		-29.722 		0
v -79.996 		-53.32 		13.06
v -79.996 		-53.566 		12.965
v -79.996 		-53.807 		12.858
v -79.996 		-54.043 		12.74
v -79.996 		-54.273 		12.609
v -76.994 		-54.111 		6.11
v -79.996 		-54.496 		12.468
v -79.996 		-54.711 		12.316
v -79.996 		-51.245 		13.368
v -79.996 		-51.508 		13.375
v -79.996 		-51.772 		13.368
v -79.996 		-52.035 		13.349
v -79.996 		-52.297 		13.316
v -79.996 		-52.557 		13.271
v -79.996 		-52.815 		13.213
v -79.996 		-53.069 		13.143
v -71.628 		-1.203 		11.357
v -71.543 		-1.222 		11.357
v -79.996 		-49.209 		12.858
v -79.996 		-49.451 		12.965
v -71.459 		-1.246 		11.357
v -79.996 		-49.697 		13.06
v -71.376 		-1.273 		11.357
v -79.996 		-49.948 		13.143
v -79.996 		-50.202 		13.213
v -71.295 		-1.304 		11.357
v -79.996 		-50.459 		13.271
v -71.215 		-1.34 		11.357
v -79.996 		-50.719 		13.316
v -79.996 		-50.981 		13.349
v -71.137 		-1.379 		11.357
v -79.996 		-48.305 		12.316
v -76.994 		-54.015 		5.985
v -71.061 		-1.422 		11.357
v -79.996 		-48.521 		12.468
v -79.996 		-48.744 		12.609
v -70.987 		-1.469 		11.357
v -79.996 		-48.974 		12.74
v -76.994 		-53.913 		5.864
v -70.916 		-1.519 		11.357
v -70.847 		-1.573 		11.357
v -76.994 		-53.806 		5.749
v -79.996 		-47.19 		4.794
v -70.781 		-1.63 		11.357
v -79.996 		-47.038 		5.009
v -70.718 		-1.69 		11.357
v -79.996 		-46.896 		5.232
v -79.996 		-46.766 		5.462
v -70.658 		-1.753 		11.357
v -79.996 		-46.648 		5.698
v -79.996 		-46.541 		5.939
v -70.601 		-1.819 		11.357
v -79.996 		-46.446 		6.185
v -70.547 		-1.888 		11.357
v -79.996 		-46.363 		6.436
v -70.497 		-1.959 		11.357
v -79.996 		-46.293 		6.69
v -79.996 		-46.235 		6.948
v 61.429 		-63.758 		16.997
v -70.45 		-2.033 		11.357
v -79.996 		-46.19 		7.208
v 61.343 		-63.743 		16.997
v -79.996 		-46.157 		7.47
v 61.258 		-63.724 		16.997
v -79.996 		-46.138 		7.733
v 61.174 		-63.701 		16.997
v -79.996 		-46.131 		7.997
v 61.091 		-63.674 		16.997
v -71.975 		-1.169 		0
v -79.996 		-46.138 		8.261
v -76.994 		-53.693 		5.639
v 61.01 		-63.642 		16.997
v -79.996 		-46.157 		8.524
v -69.039 		0.094 		0
v 60.93 		-63.607 		16.997
v -79.996 		-46.19 		8.786
v -76.994 		-53.574 		5.535
v 60.852 		-63.568 		16.997
v -79.996 		-46.235 		9.046
v -70.198 		-2.947 		0
v -79.996 		-46.293 		9.304
v -76.994 		-53.451 		5.436
v -69.039 		-5.988 		0
v -79.996 		-46.363 		9.558
v -79.996 		-46.446 		9.809
v -79.996 		-46.541 		10.055
v -71.975 		-4.726 		0
v -73.753 		-2.947 		0
v -79.996 		-46.648 		10.296
v -79.996 		-46.766 		10.532
v -68.973 		-58.981 		11.357
v -68.973 		-58.981 		0
v -79.996 		-46.896 		10.762
v -74.94 		-58.981 		0
v -74.94 		-58.981 		11.357
v -79.996 		-47.038 		10.985
v -73.741 		-62.347 		0
v -79.996 		-47.19 		11.2
v -73.756 		-62.261 		0
v -73.766 		-62.174 		0
v -76.994 		-53.323 		5.344
v -73.773 		-62.087 		0
v -73.775 		-62 		0
v -73.773 		-61.913 		0
v -73.766 		-61.826 		0
v -73.756 		-61.739 		0
v -73.741 		-61.653 		0
v -72.758 		-63.608 		0
v -72.835 		-63.568 		0
v -72.911 		-63.525 		0
v -72.085 		-63.776 		0
v -71.998 		-63.778 		0
v -72.172 		-63.77 		0
v -72.258 		-63.759 		0
v -72.344 		-63.744 		0
v -72.429 		-63.725 		0
v -72.514 		-63.702 		0
v -72.596 		-63.674 		0
v -72.678 		-63.643 		0
v 60.776 		-63.525 		16.997
v -79.996 		-47.352 		11.408
v -79.996 		-47.524 		11.608
v 60.373 		-63.194 		16.997
v -79.996 		-47.706 		11.799
v -79.996 		-47.897 		11.981
v 60.316 		-63.128 		16.997
v -79.996 		-48.097 		12.154
v 60.262 		-63.059 		16.997
v 60.212 		-62.988 		16.997
v 60.165 		-62.914 		16.997
v 60.122 		-62.838 		16.997
v 60.083 		-62.76 		16.997
v 60.048 		-62.68 		16.997
v 60.016 		-62.599 		16.997
v -79.996 		-43.966 		5.939
v 59.989 		-62.516 		16.997
v -79.996 		-43.859 		5.698
v -79.996 		-43.74 		5.462
v 60.702 		-63.478 		16.997
v -79.996 		-43.61 		5.232
v -79.996 		-43.469 		5.009
v 60.631 		-63.428 		16.997
v -79.996 		-43.317 		4.794
v 60.562 		-63.374 		16.997
v 60.496 		-63.317 		16.997
v 60.433 		-63.257 		16.997
v -79.996 		-44.375 		7.997
v -79.996 		-44.369 		7.733
v 59.966 		-62.432 		16.997
v -79.996 		-44.349 		7.47
v 59.947 		-62.347 		16.997
v -79.996 		-44.317 		7.208
v -79.996 		-44.272 		6.948
v 59.932 		-62.261 		16.997
v -79.996 		-44.214 		6.69
v 59.921 		-62.174 		16.997
v -79.996 		-44.144 		6.436
v -79.996 		-44.061 		6.185
v 59.915 		-62.087 		16.997
v 59.913 		-62 		16.997
v 59.915 		-61.913 		16.997
v -79.996 		-43.966 		10.055
v 59.921 		-61.826 		16.997
v -79.996 		-44.061 		9.809
v -79.996 		-44.144 		9.558
v 59.932 		-61.739 		16.997
v -76.994 		-54.594 		7.097
v -79.996 		-44.214 		9.304
v 59.947 		-61.653 		16.997
v -79.996 		-44.272 		9.046
v 59.966 		-61.568 		16.997
v -79.996 		-44.317 		8.786
v -76.994 		-54.546 		6.947
v -79.996 		-44.349 		8.524
v 59.989 		-61.484 		16.997
v -79.996 		-44.369 		8.261
v -76.994 		-54.491 		6.799
v -79.996 		-42.409 		12.154
v 61.603 		-63.775 		16.997
v -71.737 		-63.759 		0
v 61.69 		-63.778 		16.997
v -71.823 		-63.77 		0
v -76.994 		-54.429 		6.654
v 61.516 		-63.769 		16.997
v -71.91 		-63.776 		0
v -76.994 		-54.359 		6.513
v -72.985 		-63.479 		0
v 62.45 		-63.607 		16.997
v -73.056 		-63.428 		0
v -76.994 		-54.283 		6.375
v -73.125 		-63.375 		0
v 62.37 		-63.642 		16.997
v -73.191 		-63.318 		0
v 62.289 		-63.674 		16.997
v -73.254 		-63.258 		0
v -76.994 		-54.2 		6.24
v -73.315 		-63.194 		0
v 62.206 		-63.701 		16.997
v -73.372 		-63.128 		0
v 62.122 		-63.724 		16.997
v -73.425 		-63.059 		0
v 62.037 		-63.743 		16.997
v -73.475 		-62.988 		0
v 61.951 		-63.758 		16.997
v -79.996 		-42.609 		11.981
v 61.864 		-63.769 		16.997
v -79.996 		-42.8 		11.799
v -79.996 		-42.982 		11.608
v 61.777 		-63.775 		16.997
v -79.996 		-43.155 		11.408
v -79.996 		-43.317 		11.2
v -79.996 		-43.469 		10.985
v -79.996 		-43.61 		10.762
v -79.996 		-43.74 		10.532
v 62.604 		-63.525 		16.997
v -79.996 		-43.859 		10.296
v 62.528 		-63.568 		16.997
v -79.996 		-44.375 		16.997
v -73.522 		-62.914 		0
v -73.565 		-62.838 		0
v -73.604 		-62.76 		0
v -73.64 		-62.681 		0
v -73.671 		-62.599 		0
v -73.698 		-62.516 		0
v -73.722 		-62.432 		0
v -73.722 		-61.568 		0
v -73.698 		-61.484 		0
v -71.084 		-63.525 		0
v -71.16 		-63.568 		0
v -71.238 		-63.608 		0
v -71.317 		-63.643 		0
v -71.399 		-63.674 		0
v -71.482 		-63.702 		0
v -71.566 		-63.725 		0
v -71.651 		-63.744 		0
v -70.681 		-63.194 		0
v -70.741 		-63.258 		0
v -70.804 		-63.318 		0
v -70.87 		-63.375 		0
v -70.939 		-63.428 		0
v -71.01 		-63.479 		0
v -70.297 		-62.516 		0
v -70.324 		-62.599 		0
v -70.355 		-62.681 		0
v -70.391 		-62.76 		0
v -70.43 		-62.838 		0
v -76.994 		-54.717 		8.19
v -70.473 		-62.914 		0
v -70.52 		-62.988 		0
v -70.57 		-63.059 		0
v -76.994 		-54.722 		8.032
v -70.624 		-63.128 		0
v -76.994 		-54.72 		7.874
v -70.297 		-61.484 		0
v -70.273 		-61.568 		0
v -76.994 		-54.71 		7.717
v -70.254 		-61.653 		0
v -70.239 		-61.739 		0
v -70.229 		-61.826 		0
v -76.994 		-54.693 		7.56
v -70.222 		-61.913 		0
v -70.22 		-62 		0
v -76.994 		-54.667 		7.404
v -70.222 		-62.087 		0
v -70.229 		-62.174 		0
v -70.239 		-62.261 		0
v -76.994 		-54.635 		7.25
v -70.254 		-62.347 		0
v -70.273 		-62.432 		0
v 63.168 		-62.988 		16.997
v -73.671 		-61.401 		0
v -73.64 		-61.319 		0
v -75.003 		-54.111 		6.11
v -73.604 		-61.24 		0
v -75.003 		-54.015 		5.985
v -73.565 		-61.162 		0
v -73.522 		-61.086 		0
v -75.003 		-53.913 		5.864
v -73.475 		-61.012 		0
v 63.118 		-63.059 		16.997
v -75.003 		-53.806 		5.749
v -73.425 		-60.941 		0
v 63.064 		-63.128 		16.997
v -75.003 		-53.693 		5.639
v 63.007 		-63.194 		16.997
v 62.947 		-63.257 		16.997
v -73.372 		-60.872 		0
v -75.003 		-53.574 		5.535
v -73.315 		-60.806 		0
v 62.884 		-63.317 		16.997
v -75.003 		-53.451 		5.436
v -73.254 		-60.742 		0
v 62.818 		-63.374 		16.997
v -73.191 		-60.682 		0
v -75.003 		-53.323 		5.344
v 62.749 		-63.428 		16.997
v -73.125 		-60.625 		0
v -73.056 		-60.572 		0
v 62.678 		-63.478 		16.997
v -72.985 		-60.521 		0
v -75.003 		-54.594 		7.097
v -72.911 		-60.475 		0
v -75.003 		-54.546 		6.947
v -72.835 		-60.432 		0
v 63.391 		-62.516 		16.997
v -75.003 		-54.491 		6.799
v 63.364 		-62.599 		16.997
v -72.758 		-60.392 		0
v 63.332 		-62.68 		16.997
v -75.003 		-54.429 		6.654
v 63.297 		-62.76 		16.997
v -75.003 		-54.359 		6.513
v 63.258 		-62.838 		16.997
v -75.003 		-54.283 		6.375
v -72.678 		-60.357 		0
v 63.215 		-62.914 		16.997
v -75.003 		-54.2 		6.24
v -72.596 		-60.326 		0
v -72.514 		-60.298 		0
v 63.391 		-61.484 		16.997
v -72.429 		-60.275 		0
v -75.003 		-54.717 		8.19
v -72.344 		-60.256 		0
v 63.414 		-61.568 		16.997
v -75.003 		-54.722 		8.032
v -72.258 		-60.241 		0
v 63.433 		-61.653 		16.997
v -75.003 		-54.72 		7.874
v -72.172 		-60.23 		0
v 63.448 		-61.739 		16.997
v -72.085 		-60.224 		0
v -75.003 		-54.71 		7.717
v -71.998 		-60.222 		0
v 63.459 		-61.826 		16.997
v -75.003 		-54.693 		7.56
v -71.91 		-60.224 		0
v 63.465 		-61.913 		16.997
v -71.823 		-60.23 		0
v -75.003 		-54.667 		7.404
v -71.737 		-60.241 		0
v -75.003 		-54.635 		7.25
v 63.468 		-62 		16.997
v 63.465 		-62.087 		16.997
v -71.16 		-60.432 		0
v -71.084 		-60.475 		0
v 63.459 		-62.174 		16.997
v 63.448 		-62.261 		16.997
v 63.433 		-62.347 		16.997
v -71.01 		-60.521 		0
v 63.414 		-62.432 		16.997
v -79.996 		-54.711 		3.678
v -70.939 		-60.572 		0
v -79.996 		-54.496 		3.526
v -70.87 		-60.625 		0
v -70.804 		-60.682 		0
v -79.996 		-54.273 		3.385
v -70.741 		-60.742 		0
v -79.996 		-54.043 		3.254
v 60.016 		-61.401 		16.997
v -70.681 		-60.806 		0
v -79.996 		-53.807 		3.136
v 60.048 		-61.32 		16.997
v -79.996 		-53.566 		3.029
v -79.996 		-53.32 		2.934
v -71.651 		-60.256 		0
v 60.083 		-61.24 		16.997
v -71.566 		-60.275 		0
v -71.482 		-60.298 		0
v 60.122 		-61.162 		16.997
v -79.996 		-53.069 		2.851
v -71.399 		-60.326 		0
v -79.996 		-52.815 		2.781
v 60.165 		-61.086 		16.997
v -79.996 		-52.557 		2.723
v -71.317 		-60.357 		0
v 60.212 		-61.012 		16.997
v -79.996 		-52.297 		2.678
v -71.238 		-60.392 		0
v 60.262 		-60.941 		16.997
v -79.996 		-52.035 		2.645
v -79.996 		-51.772 		2.626
v 60.316 		-60.872 		16.997
v -79.996 		-51.508 		2.62
v 60.373 		-60.806 		16.997
v -70.624 		-60.872 		0
v -79.996 		-51.245 		2.626
v -70.57 		-60.941 		0
v -70.52 		-61.012 		0
v -79.996 		-50.981 		2.645
v 60.433 		-60.743 		16.997
v -70.473 		-61.086 		0
v -70.43 		-61.162 		0
v 60.496 		-60.683 		16.997
v -79.996 		-50.719 		2.678
v -70.391 		-61.24 		0
v -79.996 		-50.459 		2.723
v -70.355 		-61.319 		0
v 60.562 		-60.626 		16.997
v -70.324 		-61.401 		0
v -79.996 		-50.202 		2.781
v 60.631 		-60.572 		16.997
v -79.996 		-49.948 		2.851
v -79.996 		-49.697 		2.934
v 60.702 		-60.522 		16.997
v -79.996 		-49.451 		3.029
v 60.776 		-60.475 		16.997
v -79.996 		-49.209 		3.136
v 60.852 		-60.432 		16.997
v -79.996 		-48.974 		3.254
v 60.93 		-60.393 		16.997
v -79.996 		-48.744 		3.385
v -79.996 		-48.521 		3.526
v 61.01 		-60.358 		16.997
v -79.996 		-48.305 		3.678
v -79.996 		-48.097 		3.84
v 61.091 		-60.326 		16.997
v -79.996 		-47.897 		4.013
v 61.174 		-60.299 		16.997
v 61.258 		-60.276 		16.997
v -79.996 		-47.706 		4.195
v 61.343 		-60.257 		16.997
v -79.996 		-47.524 		4.386
v -79.996 		-47.352 		4.586
v 61.429 		-60.242 		16.997
v 61.516 		-60.231 		16.997
v 61.603 		-60.225 		16.997
v -76.994 		-53.191 		5.258
v 61.69 		-60.223 		16.997
v 61.777 		-60.225 		16.997
v -76.994 		-53.054 		5.179
v 61.864 		-60.231 		16.997
v 61.951 		-60.242 		16.997
v -76.994 		-52.914 		5.106
v 62.037 		-60.257 		16.997
v 62.122 		-60.276 		16.997
v -76.994 		-52.771 		5.041
v 62.206 		-60.299 		16.997
v 62.289 		-60.326 		16.997
v -76.994 		-52.624 		4.982
v 62.37 		-60.358 		16.997
v -76.994 		-52.475 		4.931
v 62.45 		-60.393 		16.997
v -76.994 		-52.323 		4.888
v -76.994 		-52.17 		4.851
v -76.994 		-52.015 		4.823
v -76.994 		-51.858 		4.802
v -76.994 		-51.701 		4.788
v -76.994 		-51.543 		4.783
v -76.994 		-51.386 		4.785
v -76.994 		-51.228 		4.795
v -75.003 		-53.191 		5.258
v -75.003 		-53.054 		5.179
v -79.996 		-42.609 		4.013
v -79.996 		-42.409 		3.84
v -79.996 		-44.375 		2.62
v -79.996 		-43.155 		4.586
v -79.996 		-42.982 		4.386
v -79.996 		-42.8 		4.195
v -79.996 		-55.119 		4.013
v -79.996 		-54.919 		3.84
v -79.996 		-56.476 		5.939
v -79.996 		-56.369 		5.698
v -79.996 		-56.25 		5.462
v -79.996 		-56.12 		5.232
v -79.996 		-55.979 		5.009
v -79.996 		-55.827 		4.794
v -79.996 		-55.665 		4.586
v -79.996 		-55.492 		4.386
v -79.996 		-55.31 		4.195
v 63.118 		-60.941 		16.997
v -75.003 		-52.914 		5.106
v 63.168 		-61.012 		16.997
v -75.003 		-52.771 		5.041
v 63.215 		-61.086 		16.997
v -75.003 		-52.624 		4.982
v 63.258 		-61.162 		16.997
v 63.297 		-61.24 		16.997
v -75.003 		-52.475 		4.931
v 63.332 		-61.32 		16.997
v -75.003 		-52.323 		4.888
v 63.364 		-61.401 		16.997
v 62.528 		-60.432 		16.997
v -75.003 		-52.17 		4.851
v 62.604 		-60.475 		16.997
v -75.003 		-52.015 		4.823
v 62.678 		-60.522 		16.997
v 62.749 		-60.572 		16.997
v 62.818 		-60.626 		16.997
v 62.884 		-60.683 		16.997
v 62.947 		-60.743 		16.997
v 63.007 		-60.806 		16.997
v 63.064 		-60.872 		16.997
v 35.86 		-59.811 		0
v 35.86 		-59.811 		11.357
v -50.62 		-69.996 		16.997
v -57.559 		-69.996 		2.851
v -57.81 		-69.996 		2.934
v -58.056 		-69.996 		3.029
v -79.996 		-56.885 		7.997
v -79.996 		-56.879 		7.733
v -79.996 		-56.859 		7.47
v -79.996 		-56.827 		7.208
v -79.996 		-56.782 		6.948
v -79.996 		-56.724 		6.69
v -79.996 		-56.654 		6.436
v -79.996 		-56.571 		6.185
v -79.996 		-56.476 		10.055
v -79.996 		-56.571 		9.809
v -79.996 		-56.654 		9.558
v -79.996 		-56.724 		9.304
v -79.996 		-56.782 		9.046
v -79.996 		-56.827 		8.786
v -79.996 		-56.859 		8.524
v -79.996 		-56.879 		8.261
v -79.996 		-54.919 		12.154
v -79.996 		-55.119 		11.981
v -79.996 		-55.31 		11.799
v -79.996 		-55.492 		11.608
v -79.996 		-55.665 		11.408
v -79.996 		-55.827 		11.2
v -79.996 		-55.979 		10.985
v -79.996 		-56.12 		10.762
v -79.996 		-56.25 		10.532
v -79.996 		-56.369 		10.296
v -58.297 		-69.996 		3.136
v -58.533 		-69.996 		3.254
v -58.763 		-69.996 		3.385
v -58.986 		-69.996 		3.526
v -59.201 		-69.996 		3.678
v -59.409 		-69.996 		3.84
v -59.609 		-69.996 		4.013
v -59.8 		-69.996 		4.195
v -59.982 		-69.996 		4.386
v -60.155 		-69.996 		4.586
v -60.317 		-69.996 		4.794
v -60.469 		-69.996 		5.009
v -79.996 		-69.996 		0
v -79.996 		-69.996 		16.997
v -75.003 		0.094 		16.997
v -75.003 		-65.003 		16.997
v -79.996 		-19.395 		16.997
v -78.499 		3.598 		16.997
v -79.996 		5.095 		16.997
v -76.501 		1.6 		16.997
v -75.003 		-23.294 		16.997
v -75.003 		-51.858 		4.802
v -75.003 		-51.701 		4.788
v -75.003 		-51.543 		4.783
v -75.003 		-51.386 		4.785
v -75.003 		-51.228 		4.795
v -76.994 		-51.071 		4.812
v -76.501 		-66.51 		16.997
v -76.994 		-50.916 		4.838
v -78.499 		-68.508 		16.997
v -76.994 		-50.761 		4.87
v -76.994 		-50.609 		4.911
v -76.994 		-50.459 		4.959
v -76.994 		-50.311 		5.014
v -76.994 		-50.166 		5.076
v -79.996 		5.095 		0
v -75.003 		0.094 		0
v -76.994 		-50.024 		5.146
v -75 		0.094 		0
v -75 		0.094 		11.357
v -76.994 		-49.886 		5.222
v -76.994 		-49.752 		5.305
v -60.61 		-69.996 		5.232
v -60.74 		-69.996 		5.462
v -76.994 		-49.622 		5.394
v -60.859 		-69.996 		5.698
v -60.966 		-69.996 		5.939
v -76.994 		-49.497 		5.49
v -61.061 		-69.996 		6.185
v -76.994 		-49.376 		5.592
v -61.144 		-69.996 		6.436
v -61.214 		-69.996 		6.69
v -61.272 		-69.996 		6.948
v -76.994 		-49.261 		5.699
v -75.003 		-65.003 		0
v -75.003 		-51.071 		4.812
v -75.003 		-50.916 		4.838
v -75.003 		-50.761 		4.87
v -75.003 		-50.609 		4.911
v -75.003 		-50.459 		4.959
v -75.003 		-50.311 		5.014
v -75.003 		-16.621 		6.112
v -75.003 		-50.166 		5.076
v -75.003 		-16.525 		5.987
v -75.003 		-16.423 		5.866
v -75.003 		-50.024 		5.146
v -75.003 		-49.886 		5.222
v -75.003 		-49.752 		5.305
v -75.003 		-17.232 		8.034
v -75.003 		-17.227 		8.192
v -75.003 		-49.622 		5.394
v -75.003 		-17.23 		7.876
v -75.003 		-49.497 		5.49
v -75.003 		-17.22 		7.719
v -75.003 		-49.376 		5.592
v -75.003 		-17.203 		7.562
v -75.003 		-17.177 		7.406
v -75.003 		-49.261 		5.699
v -75.003 		-17.145 		7.252
v -61.317 		-69.996 		7.208
v -61.35 		-69.996 		7.47
v -76.994 		-49.151 		5.812
v -61.369 		-69.996 		7.733
v -61.375 		-69.996 		7.997
v -76.994 		-49.046 		5.931
v -55.471 		-69.996 		2.645
v -76.994 		-48.948 		6.054
v -55.734 		-69.996 		2.626
v -55.998 		-69.996 		2.62
v -56.262 		-69.996 		2.626
v -56.525 		-69.996 		2.645
v -56.787 		-69.996 		2.678
v -57.047 		-69.996 		2.723
v 60.368 		-4.177 		0
v -57.305 		-69.996 		2.781
v 60.311 		-4.11 		0
v -76.994 		-48.856 		6.182
v -53.463 		-69.996 		3.254
v -53.699 		-69.996 		3.136
v -76.994 		-48.77 		6.314
v -75.003 		-17.104 		7.1
v 61.424 		-4.741 		0
v -76.994 		-48.69 		6.451
v -75.003 		-17.056 		6.949
v 61.338 		-4.726 		0
v -75.003 		-17.001 		6.801
v 61.253 		-4.707 		0
v -75.003 		-16.939 		6.656
v -76.994 		-48.618 		6.591
v -75.003 		-16.869 		6.515
v 61.169 		-4.684 		0
v -75.003 		-16.793 		6.377
v 61.086 		-4.656 		0
v -75.003 		-16.71 		6.242
v -76.994 		-48.552 		6.735
v 61.005 		-4.625 		0
v 60.925 		-4.59 		0
v -75.003 		-16.316 		5.751
v 60.847 		-4.55 		0
v -76.994 		-48.494 		6.881
v -75.003 		-16.203 		5.641
v 60.771 		-4.507 		0
v -75.003 		-16.084 		5.537
v 60.697 		-4.461 		0
v -75.003 		-15.961 		5.438
v -76.994 		-48.443 		7.03
v 60.626 		-4.411 		0
v -75.003 		-15.833 		5.346
v 60.557 		-4.357 		0
v 60.491 		-4.3 		0
v -75.003 		-15.701 		5.26
v -76.994 		-48.399 		7.182
v 60.428 		-4.24 		0
v -75.003 		-15.564 		5.181
v -75.003 		-15.424 		5.108
v -76.994 		-48.363 		7.336
v 61.598 		-4.758 		0
v 61.511 		-4.752 		0
v -75.003 		-15.281 		5.043
v -76.994 		-48.334 		7.491
v -75.003 		-15.134 		4.984
v 62.445 		-4.59 		0
v -75.003 		-14.985 		4.933
v -53.94 		-69.996 		3.029
v 62.365 		-4.625 		0
v -76.994 		-48.313 		7.647
v -54.186 		-69.996 		2.934
v 62.284 		-4.656 		0
v -54.437 		-69.996 		2.851
v 62.201 		-4.684 		0
v -76.994 		-48.3 		7.804
v -54.691 		-69.996 		2.781
v 62.117 		-4.707 		0
v -54.949 		-69.996 		2.723
v 62.032 		-4.726 		0
v -55.209 		-69.996 		2.678
v -76.994 		-48.294 		7.962
v 61.946 		-4.741 		0
v 61.859 		-4.752 		0
v 61.772 		-4.758 		0
v -52.387 		-69.996 		4.013
v -76.994 		-48.297 		8.12
v -52.587 		-69.996 		3.84
v -52.795 		-69.996 		3.678
v 63.059 		-4.11 		0
v -53.01 		-69.996 		3.526
v 63.002 		-4.177 		0
v -53.233 		-69.996 		3.385
v 62.942 		-4.24 		0
v 62.879 		-4.3 		0
v -75.003 		-49.151 		5.812
v 62.813 		-4.357 		0
v -51.03 		-69.996 		5.939
v 62.744 		-4.411 		0
v -75.003 		-49.046 		5.931
v -51.137 		-69.996 		5.698
v 62.673 		-4.461 		0
v -75.003 		-48.948 		6.054
v -51.255 		-69.996 		5.462
v 62.599 		-4.507 		0
v -51.386 		-69.996 		5.232
v 62.523 		-4.55 		0
v -51.527 		-69.996 		5.009
v -75.003 		-48.856 		6.182
v -51.679 		-69.996 		4.794
v -75.003 		-48.77 		6.314
v -51.841 		-69.996 		4.586
v -52.014 		-69.996 		4.386
v -75.003 		-48.69 		6.451
v 60.257 		-4.042 		0
v -52.196 		-69.996 		4.195
v -75.003 		-48.618 		6.591
v 60.207 		-3.97 		0
v 60.16 		-3.897 		0
v -50.62 		-69.996 		7.997
v -75.003 		-48.552 		6.735
v -50.627 		-69.996 		7.733
v 60.117 		-3.821 		0
v -50.646 		-69.996 		7.47
v -75.003 		-48.494 		6.881
v -50.679 		-69.996 		7.208
v 60.078 		-3.743 		0
v -75.003 		-48.443 		7.03
v -50.724 		-69.996 		6.948
v 60.043 		-3.663 		0
v -50.782 		-69.996 		6.69
v 60.011 		-3.582 		0
v -50.852 		-69.996 		6.436
v -50.935 		-69.996 		6.185
v -75.003 		-48.399 		7.182
v 59.984 		-3.499 		0
v 59.961 		-3.415 		0
v -75.003 		-48.363 		7.336
v 59.942 		-3.33 		0
v -75.003 		-48.334 		7.491
v 59.927 		-3.244 		0
v -61.369 		-69.996 		8.261
v 59.916 		-3.157 		0
v -75.003 		-48.313 		7.647
v -61.35 		-69.996 		8.524
v -75.003 		-48.3 		7.804
v -61.317 		-69.996 		8.786
v -61.272 		-69.996 		9.046
v 59.91 		-3.07 		0
v -61.214 		-69.996 		9.304
v -75.003 		-48.294 		7.962
v -61.144 		-69.996 		9.558
v -75.003 		-48.297 		8.12
v -61.061 		-69.996 		9.809
v 59.91 		-2.896 		0
v -60.966 		-69.996 		10.055
v 59.916 		-2.809 		0
v 59.927 		-2.722 		0
v -76.994 		-54.523 		9.113
v 59.942 		-2.636 		0
v -60.859 		-69.996 		10.296
v 59.961 		-2.551 		0
v -60.74 		-69.996 		10.532
v -76.994 		-54.574 		8.964
v 59.984 		-2.467 		0
v -60.61 		-69.996 		10.762
v 60.011 		-2.384 		0
v -60.469 		-69.996 		10.985
v 60.043 		-2.303 		0
v -76.994 		-54.617 		8.812
v -60.317 		-69.996 		11.2
v 60.078 		-2.223 		0
v -60.155 		-69.996 		11.408
v -59.982 		-69.996 		11.608
v 60.117 		-2.145 		0
v -76.994 		-54.654 		8.658
v -59.8 		-69.996 		11.799
v 60.16 		-2.069 		0
v -59.609 		-69.996 		11.981
v -59.409 		-69.996 		12.154
v 60.207 		-1.995 		0
v -75.003 		-14.833 		4.89
v 60.257 		-1.924 		0
v 60.311 		-1.855 		0
v -75.003 		-14.68 		4.853
v 60.368 		-1.789 		0
v -75.003 		-14.525 		4.825
v -75.003 		-14.368 		4.804
v -75.003 		-14.211 		4.79
v 60.428 		-1.726 		0
v -75.003 		-14.053 		4.785
v 60.491 		-1.666 		0
v -75.003 		-13.896 		4.787
v -75.003 		-13.738 		4.797
v 60.557 		-1.609 		0
v -75.003 		-13.581 		4.814
v 60.626 		-1.555 		0
v -75.003 		-13.426 		4.84
v 60.697 		-1.505 		0
v -75.003 		-13.271 		4.873
v 60.771 		-1.458 		0
v -75.003 		-13.119 		4.913
v 60.847 		-1.415 		0
v -75.003 		-12.969 		4.961
v 60.925 		-1.376 		0
v -75.003 		-12.821 		5.016
v 61.005 		-1.341 		0
v -75.003 		-12.676 		5.078
v 61.086 		-1.309 		0
v -75.003 		-12.534 		5.148
v -75.003 		-12.396 		5.224
v 61.169 		-1.282 		0
v 61.253 		-1.259 		0
v -75.003 		-12.262 		5.307
v -75.003 		-12.132 		5.396
v 61.338 		-1.24 		0
v 61.424 		-1.225 		0
v -75.003 		-12.007 		5.492
v -75.003 		-11.886 		5.594
v -75.003 		-11.771 		5.701
v -75.003 		-11.661 		5.814
v 63.454 		-3.157 		0
v -75.003 		-11.556 		5.933
v 63.443 		-3.244 		0
v -75.003 		-11.458 		6.056
v 63.428 		-3.33 		0
v 63.409 		-3.415 		0
v 63.386 		-3.499 		0
v -75.003 		-11.366 		6.184
v 63.359 		-3.582 		0
v -75.003 		-11.28 		6.316
v 63.327 		-3.663 		0
v -75.003 		-11.2 		6.453
v 63.292 		-3.743 		0
v -75.003 		-11.128 		6.593
v 63.253 		-3.821 		0
v -75.003 		-11.062 		6.737
v 63.21 		-3.897 		0
v -75.003 		-11.004 		6.883
v 63.163 		-3.97 		0
v -75.003 		-10.953 		7.032
v 63.113 		-4.042 		0
v -59.201 		-69.996 		12.316
v -58.986 		-69.996 		12.468
v 63.21 		-2.069 		0
v -58.763 		-69.996 		12.609
v 63.253 		-2.145 		0
v -58.533 		-69.996 		12.74
v -58.297 		-69.996 		12.858
v 63.292 		-2.223 		0
v -58.056 		-69.996 		12.965
v 63.327 		-2.303 		0
v -57.81 		-69.996 		13.06
v 63.359 		-2.384 		0
v -57.559 		-69.996 		13.143
v 63.386 		-2.467 		0
v 63.409 		-2.551 		0
v 63.428 		-2.636 		0
v -57.305 		-69.996 		13.213
v -57.047 		-69.996 		13.271
v 63.443 		-2.722 		0
v -56.787 		-69.996 		13.316
v 63.454 		-2.809 		0
v -56.525 		-69.996 		13.349
v 63.46 		-2.896 		0
v -56.262 		-69.996 		13.368
v -55.998 		-69.996 		13.375
v -55.734 		-69.996 		13.368
v 63.46 		-3.07 		0
v -55.471 		-69.996 		13.349
v 61.511 		-1.214 		0
v -55.209 		-69.996 		13.316
v 61.598 		-1.208 		0
v -54.949 		-69.996 		13.271
v -54.691 		-69.996 		13.213
v 61.772 		-1.208 		0
v 61.859 		-1.214 		0
v -54.437 		-69.996 		13.143
v -54.186 		-69.996 		13.06
v 61.946 		-1.225 		0
v -53.94 		-69.996 		12.965
v 62.032 		-1.24 		0
v -53.699 		-69.996 		12.858
v 62.117 		-1.259 		0
v -53.463 		-69.996 		12.74
v -76.994 		-54.682 		8.503
v 62.201 		-1.282 		0
v 62.284 		-1.309 		0
v -51.03 		-69.996 		10.055
v 62.365 		-1.341 		0
v -76.994 		-54.703 		8.347
v -50.935 		-69.996 		9.809
v 62.445 		-1.376 		0
v -50.852 		-69.996 		9.558
v -50.782 		-69.996 		9.304
v -50.724 		-69.996 		9.046
v 62.523 		-1.415 		0
v -50.679 		-69.996 		8.786
v 62.599 		-1.458 		0
v -50.646 		-69.996 		8.524
v 62.673 		-1.505 		0
v -76.994 		-53.866 		10.182
v 62.744 		-1.555 		0
v 62.813 		-1.609 		0
v -75.003 		-10.909 		7.184
v 62.879 		-1.666 		0
v -75.003 		-10.873 		7.338
v -75.003 		-10.844 		7.493
v 62.942 		-1.726 		0
v -75.003 		-10.823 		7.649
v 63.002 		-1.789 		0
v -75.003 		-10.81 		7.806
v 63.059 		-1.855 		0
v -75.003 		-10.804 		7.964
v 63.113 		-1.924 		0
v -75.003 		-10.807 		8.122
v 63.163 		-1.995 		0
v -75.003 		-16.481 		10.065
v -75.003 		-16.579 		9.942
v -75.003 		-16.671 		9.814
v -75.003 		-16.757 		9.682
v -75.003 		-16.836 		9.545
v -75.003 		-16.909 		9.405
v -75.003 		-16.974 		9.262
v -75.003 		-17.033 		9.115
v -75.003 		-17.084 		8.966
v -75.003 		-17.127 		8.814
v -75.003 		-17.164 		8.661
v -75.003 		-17.192 		8.505
v -75.003 		-17.213 		8.349
v -75.003 		-16.376 		10.184
v -75.003 		-15.361 		10.92
v -75.003 		-15.502 		10.85
v -75.003 		-15.641 		10.774
v -75.003 		-15.775 		10.691
v -75.003 		-15.905 		10.602
v -75.003 		-16.03 		10.506
v -75.003 		-16.151 		10.404
v -75.003 		-16.266 		10.297
v -75.003 		-14.455 		11.184
v -75.003 		-14.611 		11.158
v -75.003 		-14.765 		11.126
v -75.003 		-14.918 		11.085
v -75.003 		-15.068 		11.037
v -75.003 		-15.216 		10.982
v -75.003 		-14.298 		11.201
v -75.003 		-13.357 		11.145
v -75.003 		-13.512 		11.173
v -75.003 		-13.668 		11.194
v -50.627 		-69.996 		8.261
v -75.003 		-13.826 		11.208
v -75.003 		-13.983 		11.213
v -52.587 		-69.996 		12.154
v -75.003 		-14.141 		11.211
v -52.387 		-69.996 		11.981
v -52.196 		-69.996 		11.799
v -75.003 		-12.336 		10.738
v -75.003 		-12.472 		10.817
v -75.003 		-12.613 		10.89
v -75.003 		-12.756 		10.955
v -75.003 		-12.903 		11.014
v -75.003 		-13.052 		11.065
v -75.003 		-13.203 		11.109
v -75.003 		-10.816 		8.279
v -52.014 		-69.996 		11.608
v -75.003 		-10.834 		8.436
v -75.003 		-10.859 		8.592
v -75.003 		-10.892 		8.746
v -75.003 		-10.933 		8.899
v -75.003 		-10.98 		9.049
v -75.003 		-11.036 		9.197
v -75.003 		-11.098 		9.342
v -75.003 		-11.167 		9.483
v -75.003 		-11.244 		9.621
v -75.003 		-11.327 		9.756
v -75.003 		-11.416 		9.886
v -75.003 		-11.512 		10.011
v -75.003 		-11.613 		10.132
v -75.003 		-11.721 		10.247
v -75.003 		-11.834 		10.357
v -75.003 		-11.952 		10.462
v -75.003 		-12.076 		10.56
v -75.003 		-12.204 		10.652
v -51.841 		-69.996 		11.408
v -51.679 		-69.996 		11.2
v -51.527 		-69.996 		10.985
v -51.386 		-69.996 		10.762
v -51.255 		-69.996 		10.532
v -51.137 		-69.996 		10.296
v -76.994 		-53.971 		10.063
v -53.233 		-69.996 		12.609
v -53.01 		-69.996 		12.468
v -76.994 		-54.069 		9.94
v -52.795 		-69.996 		12.316
v -76.994 		-54.161 		9.812
v -76.994 		-54.247 		9.68
v -75.003 		-19.395 		0
v -76.994 		-54.326 		9.543
v -75.003 		-29.111 		6.11
v -75.003 		-29.015 		5.985
v -75.003 		-28.913 		5.864
v -76.994 		-54.399 		9.403
v -75.003 		-28.806 		5.749
v -75.003 		-28.693 		5.639
v -76.994 		-54.464 		9.259
v -75.003 		-29.594 		7.097
v -75.003 		-29.546 		6.947
v -75.003 		-29.491 		6.799
v -75.003 		-29.429 		6.654
v -75.003 		-29.359 		6.513
v -76.994 		-53.265 		10.689
v -75.003 		-29.283 		6.375
v -75.003 		-29.2 		6.24
v -76.994 		-53.395 		10.6
v -76.994 		-53.52 		10.504
v -76.994 		-53.641 		10.402
v -76.994 		-53.756 		10.295
v -61.375 		-69.996 		0
v -75.003 		-54.523 		9.113
v -75.003 		-54.574 		8.964
v -75.003 		-54.617 		8.812
v -75.003 		-54.654 		8.658
v -75.003 		-54.682 		8.503
v 29.35 		0.094 		0
v -75.003 		-54.703 		8.347
v 29.35 		0.094 		11.357
v -75.003 		-53.866 		10.182
v -75.003 		-53.971 		10.063
v -75.003 		-54.069 		9.94
v -75.003 		-54.161 		9.812
v -75.003 		-54.247 		9.68
v -75.003 		-54.326 		9.543
v -57.482 		-65.003 		5.146
v -75.003 		-54.399 		9.403
v -57.62 		-65.003 		5.222
v -57.755 		-65.003 		5.305
v -75.003 		-54.464 		9.259
v -57.885 		-65.003 		5.394
v -58.01 		-65.003 		5.49
v -75.003 		-53.265 		10.689
v -58.131 		-65.003 		5.592
v -75.003 		-53.395 		10.6
v -58.246 		-65.003 		5.699
v -75.003 		-53.52 		10.504
v -58.356 		-65.003 		5.812
v -75.003 		-53.641 		10.402
v -58.46 		-65.003 		5.931
v -58.559 		-65.003 		6.054
v -58.651 		-65.003 		6.182
v -58.737 		-65.003 		6.314
v -58.816 		-65.003 		6.451
v -75.003 		-53.756 		10.295
v -58.889 		-65.003 		6.591
v -58.954 		-65.003 		6.735
v -59.013 		-65.003 		6.881
v -76.994 		-51.945 		11.182
v -76.994 		-51.788 		11.199
v -75.003 		-51.788 		11.199
v -75.003 		-51.945 		11.182
v -59.064 		-65.003 		7.03
v -76.994 		-52.101 		11.156
v -75.003 		-52.101 		11.156
v -59.107 		-65.003 		7.182
v -59.144 		-65.003 		7.336
v -76.994 		-52.255 		11.124
v -75.003 		-52.255 		11.124
v -59.172 		-65.003 		7.491
v -59.193 		-65.003 		7.647
v -59.207 		-65.003 		7.804
v -76.994 		-52.408 		11.083
v -75.003 		-52.408 		11.083
v -59.212 		-65.003 		7.962
v -59.21 		-65.003 		8.12
v -76.994 		-52.558 		11.035
v -75.003 		-52.558 		11.035
v -55.336 		-65.003 		4.851
v -76.994 		-52.706 		10.98
v -75.003 		-52.706 		10.98
v -55.492 		-65.003 		4.823
v -55.648 		-65.003 		4.802
v -76.994 		-52.851 		10.918
v -75.003 		-52.851 		10.918
v -55.805 		-65.003 		4.788
v -55.963 		-65.003 		4.783
v -76.994 		-52.992 		10.848
v -75.003 		-52.992 		10.848
v -56.121 		-65.003 		4.785
v -56.278 		-65.003 		4.795
v -76.994 		-53.131 		10.772
v -56.435 		-65.003 		4.812
v -75.003 		-53.131 		10.772
v -56.591 		-65.003 		4.838
v -56.745 		-65.003 		4.87
v -56.897 		-65.003 		4.911
v -57.048 		-65.003 		4.959
v -57.196 		-65.003 		5.014
v -57.341 		-65.003 		5.076
v -76.994 		-51.316 		11.206
v -75.003 		-51.316 		11.206
v -76.994 		-51.473 		11.211
v -54.315 		-65.003 		5.258
v -75.003 		-51.473 		11.211
v -54.452 		-65.003 		5.179
v -54.592 		-65.003 		5.106
v -75.003 		-51.631 		11.209
v -76.994 		-51.631 		11.209
v -54.735 		-65.003 		5.041
v -54.882 		-65.003 		4.982
v -55.031 		-65.003 		4.931
v -55.183 		-65.003 		4.888
v -53.395 		-65.003 		6.11
v -53.491 		-65.003 		5.985
v -75.003 		-29.717 		8.19
v -53.593 		-65.003 		5.864
v -75.003 		-29.722 		8.032
v -53.7 		-65.003 		5.749
v -75.003 		-29.72 		7.874
v -53.813 		-65.003 		5.639
v -75.003 		-29.71 		7.717
v -53.932 		-65.003 		5.535
v -75.003 		-29.693 		7.56
v -54.055 		-65.003 		5.436
v -75.003 		-29.667 		7.404
v -75.003 		-29.635 		7.25
v -54.183 		-65.003 		5.344
v -53.306 		-65.003 		6.24
v -52.789 		-65.003 		8.19
v -52.784 		-65.003 		8.032
v -52.786 		-65.003 		7.874
v -52.796 		-65.003 		7.717
v -52.813 		-65.003 		7.56
v -52.839 		-65.003 		7.404
v -52.871 		-65.003 		7.25
v -52.912 		-65.003 		7.097
v -52.96 		-65.003 		6.947
v -53.015 		-65.003 		6.799
v -53.077 		-65.003 		6.654
v -53.147 		-65.003 		6.513
v -53.223 		-65.003 		6.375
v -59.2 		-65.003 		8.277
v -59.183 		-65.003 		8.434
v -59.157 		-65.003 		8.59
v -59.124 		-65.003 		8.744
v -59.084 		-65.003 		8.897
v -59.036 		-65.003 		9.047
v -58.981 		-65.003 		9.195
v -58.919 		-65.003 		9.34
v -58.849 		-65.003 		9.481
v -58.773 		-65.003 		9.619
v -76.994 		-50.246 		10.953
v -58.69 		-65.003 		9.754
v -58.601 		-65.003 		9.884
v -58.505 		-65.003 		10.009
v -76.994 		-50.393 		11.012
v -58.403 		-65.003 		10.13
v -76.994 		-50.542 		11.063
v -76.994 		-50.693 		11.106
v -76.994 		-50.847 		11.143
v -76.994 		-51.002 		11.171
v -75.003 		-28.574 		5.535
v -75.003 		-28.451 		5.436
v -76.994 		-51.158 		11.192
v -75.003 		-28.323 		5.344
v -75.003 		-28.191 		5.258
v -75.003 		-28.054 		5.179
v -75.003 		-27.914 		5.106
v -75.003 		-27.771 		5.041
v -76.994 		-49.211 		10.245
v -75.003 		-27.624 		4.982
v -76.994 		-49.324 		10.355
v -75.003 		-27.475 		4.931
v -75.003 		-27.323 		4.888
v -76.994 		-49.442 		10.459
v -75.003 		-27.17 		4.851
v -75.003 		-27.015 		4.823
v -76.994 		-49.566 		10.558
v -75.003 		-26.858 		4.802
v -75.003 		-26.701 		4.788
v -76.994 		-49.694 		10.65
v -75.003 		-26.543 		4.783
v -76.994 		-49.826 		10.736
v -75.003 		-26.386 		4.785
v -75.003 		-26.228 		4.795
v -75.003 		-26.071 		4.812
v -76.994 		-49.962 		10.815
v -75.003 		-25.916 		4.838
v -75.003 		-25.761 		4.87
v -76.994 		-50.103 		10.888
v -75.003 		-25.609 		4.911
v -58.296 		-65.003 		10.245
v -58.183 		-65.003 		10.355
v -58.064 		-65.003 		10.459
v -57.941 		-65.003 		10.558
v -75.003 		-25.459 		4.959
v -75.003 		-25.311 		5.014
v -75.003 		-25.166 		5.076
v -75.003 		-25.024 		5.146
v -75.003 		-24.886 		5.222
v -57.813 		-65.003 		10.65
v -57.681 		-65.003 		10.736
v -57.544 		-65.003 		10.815
v -57.404 		-65.003 		10.888
v -75.003 		-50.246 		10.953
v -75.003 		-50.393 		11.012
v -75.003 		-24.752 		5.305
v -75.003 		-50.542 		11.063
v -75.003 		-24.622 		5.394
v -75.003 		-50.693 		11.106
v -75.003 		-24.497 		5.49
v -75.003 		-50.847 		11.143
v -75.003 		-24.376 		5.592
v -75.003 		-51.002 		11.171
v -75.003 		-24.261 		5.699
v -75.003 		-51.158 		11.192
v -55.561 		-65.003 		11.182
v -55.718 		-65.003 		11.199
v -55.405 		-65.003 		11.156
v -57.26 		-65.003 		10.953
v -75.003 		-24.151 		5.812
v -75.003 		-24.046 		5.931
v -75.003 		-23.948 		6.054
v -75.003 		-23.856 		6.182
v -57.114 		-65.003 		11.012
v -56.965 		-65.003 		11.063
v -56.813 		-65.003 		11.106
v -56.659 		-65.003 		11.143
v -56.504 		-65.003 		11.171
v -75.003 		-23.77 		6.314
v -75.003 		-23.69 		6.451
v -75.003 		-23.618 		6.591
v -56.348 		-65.003 		11.192
v -56.191 		-65.003 		11.206
v -56.033 		-65.003 		11.211
v -75.003 		-23.552 		6.735
v -75.003 		-23.494 		6.881
v -75.003 		-23.443 		7.03
v -75.003 		-23.399 		7.182
v -75.003 		-23.363 		7.336
v -55.875 		-65.003 		11.209
v -53.64 		-65.003 		10.182
v -53.535 		-65.003 		10.063
v -53.437 		-65.003 		9.94
v -53.345 		-65.003 		9.812
v -53.259 		-65.003 		9.68
v -55.251 		-65.003 		11.124
v -55.098 		-65.003 		11.083
v -54.948 		-65.003 		11.035
v -54.8 		-65.003 		10.98
v -54.655 		-65.003 		10.918
v -54.514 		-65.003 		10.848
v -54.376 		-65.003 		10.772
v -54.241 		-65.003 		10.689
v -54.111 		-65.003 		10.6
v -53.986 		-65.003 		10.504
v -53.865 		-65.003 		10.402
v -53.75 		-65.003 		10.295
v -53.18 		-65.003 		9.543
v -53.107 		-65.003 		9.403
v -53.042 		-65.003 		9.259
v -52.983 		-65.003 		9.113
v -52.932 		-65.003 		8.964
v -52.888 		-65.003 		8.812
v -52.852 		-65.003 		8.658
v -52.824 		-65.003 		8.503
v -52.803 		-65.003 		8.347
v -75.003 		-23.334 		7.491
v -75.003 		-23.313 		7.647
v -68.973 		-65.003 		0
v -75.003 		-23.3 		7.804
v -68.973 		-65.003 		11.357
v -75.003 		-23.294 		7.962
v -75.003 		-23.297 		8.12
v -57.559 		-66.994 		2.851
v -75.003 		-49.211 		10.245
v -57.81 		-66.994 		2.934
v -75.003 		-29.523 		9.113
v -75.003 		-49.324 		10.355
v -58.056 		-66.994 		3.029
v -58.297 		-66.994 		3.136
v -75.003 		-29.574 		8.964
v -75.003 		-49.442 		10.459
v -75.003 		-29.617 		8.812
v -58.533 		-66.994 		3.254
v -75.003 		-49.566 		10.558
v -75.003 		-29.654 		8.658
v -58.763 		-66.994 		3.385
v -75.003 		-29.682 		8.503
v -75.003 		-49.694 		10.65
v -58.986 		-66.994 		3.526
v -75.003 		-29.703 		8.347
v -59.201 		-66.994 		3.678
v -75.003 		-49.826 		10.736
v -59.409 		-66.994 		3.84
v -75.003 		-49.962 		10.815
v -59.609 		-66.994 		4.013
v -75.003 		-50.103 		10.888
v -59.8 		-66.994 		4.195
v -59.982 		-66.994 		4.386
v -76.994 		-48.306 		8.277
v -60.155 		-66.994 		4.586
v -60.317 		-66.994 		4.794
v -76.994 		-48.324 		8.434
v -60.469 		-66.994 		5.009
v -76.994 		-48.349 		8.59
v -76.994 		-48.382 		8.744
v -76.994 		-48.423 		8.897
v -76.994 		-48.47 		9.047
v -76.994 		-48.526 		9.195
v -76.994 		-48.588 		9.34
v -76.994 		-48.657 		9.481
v -76.994 		-48.734 		9.619
v -76.994 		-48.817 		9.754
v -76.994 		-48.906 		9.884
v -76.994 		-49.002 		10.009
v -76.994 		-49.103 		10.13
v -75.003 		-48.306 		8.277
v -75.003 		-48.324 		8.434
v -75.003 		-48.349 		8.59
v -75.003 		-48.382 		8.744
v -75.003 		-48.423 		8.897
v -75.003 		-48.47 		9.047
v -75.003 		-48.526 		9.195
v -75.003 		-28.866 		10.182
v -75.003 		-48.588 		9.34
v -75.003 		-28.971 		10.063
v -75.003 		-48.657 		9.481
v -75.003 		-29.069 		9.94
v -75.003 		-29.161 		9.812
v -75.003 		-48.734 		9.619
v -75.003 		-29.247 		9.68
v -75.003 		-48.817 		9.754
v -75.003 		-29.326 		9.543
v -75.003 		-48.906 		9.884
v -75.003 		-29.399 		9.403
v -75.003 		-49.002 		10.009
v -75.003 		-29.464 		9.259
v -75.003 		-49.103 		10.13
v -75.003 		-28.756 		10.295
v -76.994 		-53.32 		13.06
v -76.994 		-53.566 		12.965
v -75.003 		-27.706 		10.98
v -76.994 		-53.807 		12.858
v -76.994 		-54.043 		12.74
v -60.61 		-66.994 		5.232
v -76.994 		-54.273 		12.609
v -60.74 		-66.994 		5.462
v -76.994 		-54.496 		12.468
v -60.859 		-66.994 		5.698
v -76.994 		-54.711 		12.316
v -60.966 		-66.994 		5.939
v -61.061 		-66.994 		6.185
v -76.994 		-51.245 		13.368
v -61.144 		-66.994 		6.436
v -76.994 		-51.508 		13.375
v -61.214 		-66.994 		6.69
v -76.994 		-51.772 		13.368
v -61.272 		-66.994 		6.948
v -76.994 		-52.035 		13.349
v -61.317 		-66.994 		7.208
v -76.994 		-52.297 		13.316
v -61.35 		-66.994 		7.47
v -76.994 		-52.557 		13.271
v -61.369 		-66.994 		7.733
v -76.994 		-52.815 		13.213
v -61.375 		-66.994 		7.997
v -76.994 		-53.069 		13.143
v -55.471 		-66.994 		2.645
v -76.994 		-49.209 		12.858
v -55.734 		-66.994 		2.626
v -76.994 		-49.451 		12.965
v -55.998 		-66.994 		2.62
v -76.994 		-49.697 		13.06
v -56.262 		-66.994 		2.626
v -76.994 		-49.948 		13.143
v -56.525 		-66.994 		2.645
v -76.994 		-50.202 		13.213
v -56.787 		-66.994 		2.678
v -76.994 		-50.459 		13.271
v -57.047 		-66.994 		2.723
v -76.994 		-50.719 		13.316
v -57.305 		-66.994 		2.781
v -76.994 		-50.981 		13.349
v -53.463 		-66.994 		3.254
v -76.994 		-48.305 		12.316
v -53.699 		-66.994 		3.136
v -76.994 		-48.521 		12.468
v -53.94 		-66.994 		3.029
v -76.994 		-48.744 		12.609
v -75.003 		-27.851 		10.918
v -54.186 		-66.994 		2.934
v -76.994 		-48.974 		12.74
v -76.994 		-47.19 		4.794
v -76.994 		-47.038 		5.009
v -76.994 		-46.896 		5.232
v -76.994 		-46.766 		5.462
v -76.994 		-46.648 		5.698
v -76.994 		-46.541 		5.939
v -76.994 		-46.446 		6.185
v -76.994 		-46.363 		6.436
v -76.994 		-46.293 		6.69
v -76.994 		-46.235 		6.948
v -76.994 		-46.19 		7.208
v -76.994 		-46.157 		7.47
v -76.994 		-46.138 		7.733
v -76.994 		-46.131 		7.997
v -76.994 		-46.138 		8.261
v -76.994 		-46.157 		8.524
v -76.994 		-46.19 		8.786
v -75.003 		-27.992 		10.848
v -75.003 		-28.131 		10.772
v -76.994 		-46.235 		9.046
v -76.994 		-46.293 		9.304
v -75.003 		-28.265 		10.689
v -75.003 		-28.395 		10.6
v -76.994 		-46.363 		9.558
v -76.994 		-46.446 		9.809
v -75.003 		-28.52 		10.504
v -76.994 		-46.541 		10.055
v -75.003 		-28.641 		10.402
v -75.003 		-26.945 		11.182
v -75.003 		-26.788 		11.199
v -76.994 		-46.648 		10.296
v -75.003 		-27.101 		11.156
v -76.994 		-46.766 		10.532
v -75.003 		-27.255 		11.124
v -75.003 		-27.408 		11.083
v -76.994 		-46.896 		10.762
v -75.003 		-27.558 		11.035
v -76.994 		-47.038 		10.985
v -76.994 		-47.19 		11.2
v -76.994 		-47.352 		11.408
v -75.003 		-26.631 		11.209
v -54.437 		-66.994 		2.851
v -54.691 		-66.994 		2.781
v -76.994 		-47.524 		11.608
v -76.994 		-47.706 		11.799
v -54.949 		-66.994 		2.723
v -75.003 		-24.694 		10.65
v -76.994 		-47.897 		11.981
v -55.209 		-66.994 		2.678
v -75.003 		-24.826 		10.736
v -76.994 		-48.097 		12.154
v -75.003 		-24.962 		10.815
v -75.003 		-25.103 		10.888
v -52.387 		-66.994 		4.013
v -75.003 		-25.246 		10.953
v -52.587 		-66.994 		3.84
v -75.003 		-25.393 		11.012
v -52.795 		-66.994 		3.678
v -75.003 		-25.542 		11.063
v -53.01 		-66.994 		3.526
v -75.003 		-25.693 		11.106
v -53.233 		-66.994 		3.385
v -75.003 		-25.847 		11.143
v -76.994 		-43.966 		5.939
v -75.003 		-26.002 		11.171
v -51.03 		-66.994 		5.939
v -75.003 		-26.158 		11.192
v -51.137 		-66.994 		5.698
v -76.994 		-43.859 		5.698
v -75.003 		-26.316 		11.206
v -76.994 		-43.74 		5.462
v -75.003 		-26.473 		11.211
v -51.255 		-66.994 		5.462
v -76.994 		-43.61 		5.232
v -51.386 		-66.994 		5.232
v -75.003 		-23.306 		8.277
v -76.994 		-43.469 		5.009
v -51.527 		-66.994 		5.009
v -75.003 		-23.324 		8.434
v -76.994 		-43.317 		4.794
v -51.679 		-66.994 		4.794
v -75.003 		-23.349 		8.59
v -51.841 		-66.994 		4.586
v -75.003 		-23.382 		8.744
v -52.014 		-66.994 		4.386
v -75.003 		-23.423 		8.897
v -76.994 		-44.375 		7.997
v -75.003 		-23.47 		9.047
v -76.994 		-44.369 		7.733
v -52.196 		-66.994 		4.195
v -75.003 		-23.526 		9.195
v -76.994 		-44.349 		7.47
v -76.994 		-44.317 		7.208
v -50.62 		-66.994 		7.997
v -50.627 		-66.994 		7.733
v -76.994 		-44.272 		6.948
v -75.003 		-23.588 		9.34
v -50.646 		-66.994 		7.47
v -76.994 		-44.214 		6.69
v -75.003 		-23.657 		9.481
v -50.679 		-66.994 		7.208
v -75.003 		-23.734 		9.619
v -50.724 		-66.994 		6.948
v -75.003 		-23.817 		9.754
v -50.782 		-66.994 		6.69
v -76.994 		-44.144 		6.436
v -75.003 		-23.906 		9.884
v -76.994 		-44.061 		6.185
v -75.003 		-24.002 		10.009
v -50.852 		-66.994 		6.436
v -50.935 		-66.994 		6.185
v -76.994 		-43.966 		10.055
v -61.369 		-66.994 		8.261
v -76.994 		-44.061 		9.809
v -61.35 		-66.994 		8.524
v -76.994 		-44.144 		9.558
v -61.317 		-66.994 		8.786
v -76.994 		-44.214 		9.304
v -61.272 		-66.994 		9.046
v -76.994 		-44.272 		9.046
v -61.214 		-66.994 		9.304
v -76.994 		-44.317 		8.786
v -61.144 		-66.994 		9.558
v -76.994 		-44.349 		8.524
v -61.061 		-66.994 		9.809
v -76.994 		-44.369 		8.261
v -60.966 		-66.994 		10.055
v -76.994 		-42.409 		12.154
v -60.859 		-66.994 		10.296
v -76.994 		-42.609 		11.981
v -60.74 		-66.994 		10.532
v -76.994 		-42.8 		11.799
v -60.61 		-66.994 		10.762
v -76.994 		-42.982 		11.608
v -60.469 		-66.994 		10.985
v -76.994 		-43.155 		11.408
v -60.317 		-66.994 		11.2
v -76.994 		-43.317 		11.2
v -60.155 		-66.994 		11.408
v -76.994 		-43.469 		10.985
v -59.982 		-66.994 		11.608
v -76.994 		-43.61 		10.762
v -59.8 		-66.994 		11.799
v -76.994 		-43.74 		10.532
v -59.609 		-66.994 		11.981
v -76.994 		-43.859 		10.296
v -59.409 		-66.994 		12.154
v -59.201 		-66.994 		12.316
v -58.986 		-66.994 		12.468
v -58.763 		-66.994 		12.609
v -58.533 		-66.994 		12.74
v -58.297 		-66.994 		12.858
v -58.056 		-66.994 		12.965
v -57.81 		-66.994 		13.06
v -57.559 		-66.994 		13.143
v -57.305 		-66.994 		13.213
v -57.047 		-66.994 		13.271
v -56.787 		-66.994 		13.316
v -56.525 		-66.994 		13.349
v -56.262 		-66.994 		13.368
v -55.998 		-66.994 		13.375
v -55.734 		-66.994 		13.368
v -55.471 		-66.994 		13.349
v -75.003 		-24.103 		10.13
v -55.209 		-66.994 		13.316
v -75.003 		-24.211 		10.245
v -54.949 		-66.994 		13.271
v -75.003 		-24.324 		10.355
v -54.691 		-66.994 		13.213
v -75.003 		-24.442 		10.459
v -75.003 		-24.566 		10.558
v -54.437 		-66.994 		13.143
v -54.186 		-66.994 		13.06
v -53.94 		-66.994 		12.965
v -53.699 		-66.994 		12.858
v -53.463 		-66.994 		12.74
v -51.03 		-66.994 		10.055
v -50.935 		-66.994 		9.809
v -50.852 		-66.994 		9.558
v -50.782 		-66.994 		9.304
v -50.724 		-66.994 		9.046
v -50.679 		-66.994 		8.786
v -50.646 		-66.994 		8.524
v -75.003 		-29.722 		2.003
v -50.627 		-66.994 		8.261
v -75.003 		-41.601 		6.11
v -52.587 		-66.994 		12.154
v -75.003 		-41.505 		5.985
v -75.003 		-41.403 		5.864
v -52.387 		-66.994 		11.981
v -75.003 		-41.296 		5.749
v -52.196 		-66.994 		11.799
v -75.003 		-41.183 		5.639
v -52.014 		-66.994 		11.608
v -51.841 		-66.994 		11.408
v -75.003 		-41.064 		5.535
v -51.679 		-66.994 		11.2
v -51.527 		-66.994 		10.985
v -51.386 		-66.994 		10.762
v -75.003 		-42.084 		7.097
v -75.003 		-42.036 		6.947
v -51.255 		-66.994 		10.532
v -75.003 		-41.981 		6.799
v -51.137 		-66.994 		10.296
v -53.233 		-66.994 		12.609
v -75.003 		-41.919 		6.654
v -75.003 		-41.849 		6.513
v -53.01 		-66.994 		12.468
v -52.795 		-66.994 		12.316
v -75.003 		-41.773 		6.375
v -75.003 		-41.69 		6.24
v -75.003 		-42.207 		8.19
v -75.003 		-42.212 		8.032
v -57.482 		-66.994 		5.146
v -75.003 		-42.21 		7.874
v -57.62 		-66.994 		5.222
v -75.003 		-42.2 		7.717
v -57.755 		-66.994 		5.305
v -57.885 		-66.994 		5.394
v -75.003 		-42.183 		7.56
v -75.003 		-42.157 		7.404
v -58.01 		-66.994 		5.49
v -76.994 		-42.212 		8.032
v -75.003 		-42.125 		7.25
v -58.131 		-66.994 		5.592
v -75.003 		-40.941 		5.436
v -58.246 		-66.994 		5.699
v -75.003 		-40.813 		5.344
v -58.356 		-66.994 		5.812
v -75.003 		-40.681 		5.258
v -75.003 		-40.544 		5.179
v -58.46 		-66.994 		5.931
v -75.003 		-40.404 		5.106
v -58.559 		-66.994 		6.054
v -75.003 		-40.261 		5.041
v -75.003 		-40.114 		4.982
v -75.003 		-39.965 		4.931
v -58.651 		-66.994 		6.182
v -75.003 		-39.813 		4.888
v -75.003 		-39.66 		4.851
v -58.737 		-66.994 		6.314
v -75.003 		-39.505 		4.823
v -58.816 		-66.994 		6.451
v -75.003 		-39.348 		4.802
v -76.994 		-54.711 		3.678
v -58.889 		-66.994 		6.591
v -75.003 		-39.191 		4.788
v -76.994 		-54.496 		3.526
v -75.003 		-39.033 		4.783
v -58.954 		-66.994 		6.735
v -59.013 		-66.994 		6.881
v -75.003 		-38.876 		4.785
v -59.064 		-66.994 		7.03
v -75.003 		-38.718 		4.795
v -75.003 		-38.561 		4.812
v -75.003 		-38.406 		4.838
v -75.003 		-38.251 		4.87
v -59.107 		-66.994 		7.182
v -75.003 		-38.099 		4.911
v -59.144 		-66.994 		7.336
v -75.003 		-37.949 		4.959
v -59.172 		-66.994 		7.491
v -75.003 		-37.801 		5.014
v -75.003 		-37.656 		5.076
v -75.003 		-37.514 		5.146
v -75.003 		-37.376 		5.222
v -75.003 		-37.242 		5.305
v -75.003 		-37.112 		5.394
v -75.003 		-36.987 		5.49
v -75.003 		-36.866 		5.592
v -76.994 		-54.273 		3.385
v -76.994 		-54.043 		3.254
v -76.994 		-53.807 		3.136
v -76.994 		-53.566 		3.029
v -76.994 		-53.32 		2.934
v -76.994 		-53.069 		2.851
v -76.994 		-52.815 		2.781
v -76.994 		-52.557 		2.723
v -76.994 		-52.297 		2.678
v -76.994 		-52.035 		2.645
v -76.994 		-51.772 		2.626
v -76.994 		-51.508 		2.62
v -76.994 		-51.245 		2.626
v -76.994 		-50.981 		2.645
v -76.994 		-50.719 		2.678
v -76.994 		-50.459 		2.723
v -76.994 		-50.202 		2.781
v -76.994 		-49.948 		2.851
v -76.994 		-49.697 		2.934
v -76.994 		-49.451 		3.029
v -76.994 		-49.209 		3.136
v -76.994 		-48.974 		3.254
v -75.003 		-36.751 		5.699
v -76.994 		-48.744 		3.385
v -75.003 		-36.641 		5.812
v -76.994 		-48.521 		3.526
v -75.003 		-36.536 		5.931
v -76.994 		-48.305 		3.678
v -75.003 		-36.438 		6.054
v -76.994 		-48.097 		3.84
v -76.994 		-47.897 		4.013
v -75.003 		-36.346 		6.182
v -59.193 		-66.994 		7.647
v -75.003 		-36.26 		6.314
v -76.994 		-47.706 		4.195
v -59.207 		-66.994 		7.804
v -75.003 		-36.18 		6.451
v -76.994 		-47.524 		4.386
v -75.003 		-36.108 		6.591
v -59.212 		-66.994 		7.962
v -75.003 		-36.042 		6.735
v -75.003 		-35.984 		6.881
v -76.994 		-47.352 		4.586
v -75.003 		-35.933 		7.03
v -76.994 		-42.609 		4.013
v -75.003 		-35.889 		7.182
v -75.003 		-35.853 		7.336
v -75.003 		-35.824 		7.491
v -76.994 		-42.409 		3.84
v -75.003 		-35.803 		7.647
v -75.003 		-35.79 		7.804
v -75.003 		-35.784 		7.962
v -76.994 		-43.155 		4.586
v -75.003 		-35.787 		8.12
v -76.994 		-42.982 		4.386
v -76.994 		-42.8 		4.195
v -75.003 		-42.013 		9.113
v -75.003 		-42.064 		8.964
v -75.003 		-42.107 		8.812
v -75.003 		-42.144 		8.658
v -75.003 		-42.172 		8.503
v -75.003 		-42.193 		8.347
v -75.003 		-41.356 		10.182
v -75.003 		-41.461 		10.063
v -75.003 		-41.559 		9.94
v -75.003 		-41.651 		9.812
v -75.003 		-41.737 		9.68
v -75.003 		-41.816 		9.543
v -75.003 		-41.889 		9.403
v -75.003 		-41.954 		9.259
v -75.003 		-41.01 		10.504
v -75.003 		-41.131 		10.402
v -75.003 		-41.246 		10.295
v -75.003 		-40.048 		11.035
v -75.003 		-40.196 		10.98
v -75.003 		-40.341 		10.918
v -75.003 		-40.482 		10.848
v -75.003 		-40.621 		10.772
v -75.003 		-40.755 		10.689
v -76.994 		-55.119 		4.013
v -76.994 		-54.919 		3.84
v -76.994 		-56.476 		5.939
v -76.994 		-56.369 		5.698
v -76.994 		-56.25 		5.462
v -76.994 		-56.12 		5.232
v -76.994 		-55.979 		5.009
v -76.994 		-55.827 		4.794
v -76.994 		-55.665 		4.586
v -76.994 		-55.492 		4.386
v -76.994 		-55.31 		4.195
v -76.994 		-56.885 		7.997
v -76.994 		-56.879 		7.733
v -76.994 		-56.859 		7.47
v -76.994 		-56.827 		7.208
v -76.994 		-56.782 		6.948
v -76.994 		-56.724 		6.69
v -76.994 		-56.654 		6.436
v -76.994 		-56.571 		6.185
v -76.994 		-56.476 		10.055
v -76.994 		-56.571 		9.809
v -76.994 		-56.654 		9.558
v -76.994 		-56.724 		9.304
v -76.994 		-56.782 		9.046
v -76.994 		-56.827 		8.786
v -76.994 		-56.859 		8.524
v -76.994 		-56.879 		8.261
v -76.994 		-54.919 		12.154
v -76.994 		-55.119 		11.981
v -76.994 		-55.31 		11.799
v -76.994 		-55.492 		11.608
v -76.994 		-55.665 		11.408
v -76.994 		-55.827 		11.2
v -76.994 		-55.979 		10.985
v -76.994 		-56.12 		10.762
v -76.994 		-56.25 		10.532
v -76.994 		-56.369 		10.296
v -75.003 		-40.885 		10.6
v -75.003 		-39.435 		11.182
v -75.003 		-39.278 		11.199
v -75.003 		-39.591 		11.156
v -75.003 		-39.745 		11.124
v -75.003 		-39.898 		11.083
v -75.003 		-38.963 		11.211
v -75.003 		-39.121 		11.209
v -75.003 		-38.032 		11.063
v -75.003 		-38.183 		11.106
v -75.003 		-38.337 		11.143
v -75.003 		-38.492 		11.171
v -75.003 		-38.648 		11.192
v -75.003 		-38.806 		11.206
v -75.003 		-36.932 		10.459
v -75.003 		-37.056 		10.558
v -75.003 		-37.184 		10.65
v -75.003 		-37.316 		10.736
v -75.003 		-37.452 		10.815
v -75.003 		-37.593 		10.888
v -75.003 		-37.736 		10.953
v -75.003 		-37.883 		11.012
v -76.501 		-66.51 		0
v -78.499 		-68.508 		0
v -75.003 		-35.796 		8.277
v -75.003 		-35.814 		8.434
v -75.003 		-35.839 		8.59
v -76.501 		-66.51 		14.498
v -75.003 		-35.872 		8.744
v -78.499 		-68.508 		14.498
v -75.003 		-35.913 		8.897
v -75.003 		-35.96 		9.047
v -75.003 		-36.016 		9.195
v -59.21 		-66.994 		8.12
v -75.003 		-36.078 		9.34
v -75.003 		-36.147 		9.481
v -76.501 		-66.51 		2.003
v -75.003 		-36.224 		9.619
v -78.499 		-68.508 		2.003
v -75.003 		-36.307 		9.754
v -75.003 		-36.396 		9.884
v -75.003 		-36.492 		10.009
v -75.003 		-36.593 		10.13
v -75.003 		-36.701 		10.245
v -75 		-5.988 		0
v -75 		-5.988 		11.357
v -75.003 		-36.814 		10.355
v -75.003 		-42.212 		14.498
v -74.94 		-65.003 		11.357
v -75.003 		-42.212 		2.003
v -74.94 		-65.003 		0
v -55.336 		-66.994 		4.851
v -55.492 		-66.994 		4.823
v -55.648 		-66.994 		4.802
v -55.805 		-66.994 		4.788
v -55.963 		-66.994 		4.783
v -56.121 		-66.994 		4.785
v -56.278 		-66.994 		4.795
v -56.435 		-66.994 		4.812
v -56.591 		-66.994 		4.838
v -56.745 		-66.994 		4.87
v -56.897 		-66.994 		4.911
v -57.048 		-66.994 		4.959
v -57.196 		-66.994 		5.014
v -57.341 		-66.994 		5.076
v -54.315 		-66.994 		5.258
v -54.452 		-66.994 		5.179
v -54.592 		-66.994 		5.106
v -54.735 		-66.994 		5.041
v -54.882 		-66.994 		4.982
v -55.031 		-66.994 		4.931
v -55.183 		-66.994 		4.888
v -53.395 		-66.994 		6.11
v -53.491 		-66.994 		5.985
v -53.593 		-66.994 		5.864
v -53.7 		-66.994 		5.749
v -53.813 		-66.994 		5.639
v -53.932 		-66.994 		5.535
v -54.055 		-66.994 		5.436
v -54.183 		-66.994 		5.344
v -53.306 		-66.994 		6.24
v -52.789 		-66.994 		8.19
v -52.784 		-66.994 		8.032
v -52.786 		-66.994 		7.874
v -52.796 		-66.994 		7.717
v -52.813 		-66.994 		7.56
v -52.839 		-66.994 		7.404
v -52.871 		-66.994 		7.25
v -52.912 		-66.994 		7.097
v -52.96 		-66.994 		6.947
v -53.015 		-66.994 		6.799
v -53.077 		-66.994 		6.654
v -53.147 		-66.994 		6.513
v -53.223 		-66.994 		6.375
v -59.2 		-66.994 		8.277
v -59.183 		-66.994 		8.434
v -59.157 		-66.994 		8.59
v -59.124 		-66.994 		8.744
v -59.084 		-66.994 		8.897
v -59.036 		-66.994 		9.047
v -58.981 		-66.994 		9.195
v -58.919 		-66.994 		9.34
v -58.849 		-66.994 		9.481
v -58.773 		-66.994 		9.619
v -58.69 		-66.994 		9.754
v -58.601 		-66.994 		9.884
v -58.505 		-66.994 		10.009
v -58.403 		-66.994 		10.13
v -58.296 		-66.994 		10.245
v -58.183 		-66.994 		10.355
v -58.064 		-66.994 		10.459
v -57.941 		-66.994 		10.558
v -57.813 		-66.994 		10.65
v -57.681 		-66.994 		10.736
v -57.544 		-66.994 		10.815
v -57.404 		-66.994 		10.888
v -55.718 		-66.994 		11.199
v -55.561 		-66.994 		11.182
v -55.405 		-66.994 		11.156
v -57.26 		-66.994 		10.953
v -57.114 		-66.994 		11.012
v -56.965 		-66.994 		11.063
v -56.813 		-66.994 		11.106
v -56.659 		-66.994 		11.143
v -56.504 		-66.994 		11.171
v -56.348 		-66.994 		11.192
v -56.191 		-66.994 		11.206
v -56.033 		-66.994 		11.211
v -55.875 		-66.994 		11.209
v -53.64 		-66.994 		10.182
v -53.535 		-66.994 		10.063
v -53.437 		-66.994 		9.94
v -69.039 		0.094 		11.357
v -53.345 		-66.994 		9.812
v -53.259 		-66.994 		9.68
v -55.251 		-66.994 		11.124
v -55.098 		-66.994 		11.083
v -54.948 		-66.994 		11.035
v -54.8 		-66.994 		10.98
v -54.655 		-66.994 		10.918
v -54.514 		-66.994 		10.848
v -54.376 		-66.994 		10.772
v -54.241 		-66.994 		10.689
v -54.111 		-66.994 		10.6
v -53.986 		-66.994 		10.504
v -53.865 		-66.994 		10.402
v -53.75 		-66.994 		10.295
v -53.18 		-66.994 		9.543
v -53.107 		-66.994 		9.403
v -53.042 		-66.994 		9.259
v -52.983 		-66.994 		9.113
v -52.932 		-66.994 		8.964
v -52.888 		-66.994 		8.812
v -52.852 		-66.994 		8.658
v -52.824 		-66.994 		8.503
v -52.803 		-66.994 		8.347
v -76.994 		-17.629 		4.015
v -79.996 		-17.629 		4.015
v -76.994 		-17.429 		3.842
v -79.996 		-17.429 		3.842
v -76.994 		-17.221 		3.68
v -79.996 		-17.221 		3.68
v -76.994 		-17.006 		3.528
v -79.996 		-17.006 		3.528
v -76.994 		-16.783 		3.387
v -79.996 		-16.783 		3.387
v -76.994 		-16.553 		3.257
v -79.996 		-16.553 		3.257
v -76.994 		-18.986 		5.941
v -79.996 		-18.986 		5.941
v -76.994 		-18.879 		5.7
v -79.996 		-18.879 		5.7
v -76.994 		-18.76 		5.464
v -79.996 		-18.76 		5.464
v -76.994 		-18.63 		5.234
v -79.996 		-18.63 		5.234
v -76.994 		-18.489 		5.011
v -79.996 		-18.489 		5.011
v -76.994 		-18.337 		4.796
v -79.996 		-18.337 		4.796
v -76.994 		-18.175 		4.588
v -79.996 		-18.175 		4.588
v -76.994 		-18.002 		4.388
v -79.996 		-18.002 		4.388
v -76.994 		-17.82 		4.197
v -79.996 		-17.82 		4.197
v -79.996 		-19.395 		7.999
v -76.994 		-19.395 		7.999
v -76.994 		-19.389 		7.735
v -79.996 		-19.389 		7.735
v -76.994 		-19.369 		7.472
v -79.996 		-19.369 		7.472
v -76.994 		-19.337 		7.21
v -79.996 		-19.337 		7.21
v -76.994 		-19.292 		6.95
v -79.996 		-19.292 		6.95
v -76.994 		-19.234 		6.692
v -79.996 		-19.234 		6.692
v -76.994 		-19.164 		6.438
v -79.996 		-19.164 		6.438
v -76.994 		-19.081 		6.187
v -79.996 		-19.081 		6.187
v -76.994 		-16.317 		3.138
v -79.996 		-16.317 		3.138
v -76.994 		-16.076 		3.031
v -79.996 		-16.076 		3.031
v -76.994 		-15.83 		2.936
v -79.996 		-15.83 		2.936
v -76.994 		-15.579 		2.853
v -79.996 		-15.579 		2.853
v -76.994 		-15.325 		2.783
v -79.996 		-15.325 		2.783
v -76.994 		-15.067 		2.725
v -79.996 		-15.067 		2.725
v -76.994 		-14.807 		2.68
v -79.996 		-14.807 		2.68
v -76.994 		-14.545 		2.647
v -79.996 		-14.545 		2.647
v -76.994 		-14.282 		2.628
v -79.996 		-14.282 		2.628
v -76.994 		-14.018 		2.622
v -79.996 		-14.018 		2.622
v -76.994 		-13.755 		2.628
v -79.996 		-13.755 		2.628
v -76.994 		-13.491 		2.647
v -79.996 		-13.491 		2.647
v -76.994 		-13.229 		2.68
v -79.996 		-13.229 		2.68
v -76.994 		-12.969 		2.725
v -79.996 		-12.969 		2.725
v -76.994 		-12.712 		2.783
v -79.996 		-12.712 		2.783
v -76.994 		-12.458 		2.853
v -79.996 		-12.458 		2.853
v -76.994 		-12.207 		2.936
v -79.996 		-12.207 		2.936
v -76.994 		-11.961 		3.031
v -79.996 		-11.961 		3.031
v -76.994 		-11.719 		3.138
v -79.996 		-11.719 		3.138
v -76.994 		-11.484 		3.257
v -79.996 		-11.484 		3.257
v -76.994 		-11.254 		3.387
v -79.996 		-11.254 		3.387
v -76.994 		-11.031 		3.528
v -79.996 		-11.031 		3.528
v -76.994 		-10.815 		3.68
v -79.996 		-10.815 		3.68
v -76.994 		-10.607 		3.842
v -79.996 		-10.607 		3.842
v -76.994 		-10.407 		4.015
v -79.996 		-10.407 		4.015
v -76.994 		-10.216 		4.197
v -79.996 		-10.216 		4.197
v -76.994 		-10.034 		4.388
v -79.996 		-10.034 		4.388
v -76.994 		-9.862 		4.588
v -79.996 		-9.862 		4.588
v -76.994 		-9.7 		4.796
v -79.996 		-9.7 		4.796
v -76.994 		-9.548 		5.011
v -79.996 		-9.548 		5.011
v -76.994 		-9.406 		5.234
v -79.996 		-9.406 		5.234
v -76.994 		-9.276 		5.464
v -79.996 		-9.276 		5.464
v -76.994 		-9.158 		5.7
v -79.996 		-9.158 		5.7
v -76.994 		-9.051 		5.941
v -79.996 		-9.051 		5.941
v -76.994 		-8.956 		6.187
v -79.996 		-8.956 		6.187
v -76.994 		-8.873 		6.438
v -79.996 		-8.873 		6.438
v -76.994 		-8.803 		6.692
v -79.996 		-8.803 		6.692
v -76.994 		-8.745 		6.95
v -79.996 		-8.745 		6.95
v -76.994 		-8.7 		7.21
v -79.996 		-8.7 		7.21
v -76.994 		-8.667 		7.472
v -79.996 		-8.667 		7.472
v -76.994 		-8.648 		7.735
v -79.996 		-8.648 		7.735
v -76.994 		-8.641 		7.999
v -79.996 		-8.641 		7.999
v -76.994 		-18.986 		10.057
v -79.996 		-18.986 		10.057
v -76.994 		-19.081 		9.811
v -79.996 		-19.081 		9.811
v -76.994 		-19.164 		9.56
v -79.996 		-19.164 		9.56
v -76.994 		-19.234 		9.306
v -79.996 		-19.234 		9.306
v -76.994 		-19.292 		9.048
v -79.996 		-19.292 		9.048
v -76.994 		-19.337 		8.788
v -79.996 		-19.337 		8.788
v -76.994 		-19.369 		8.526
v -79.996 		-19.369 		8.526
v -76.994 		-19.389 		8.263
v -79.996 		-19.389 		8.263
v -76.994 		-17.429 		12.156
v -79.996 		-17.429 		12.156
v -76.994 		-17.629 		11.983
v -79.996 		-17.629 		11.983
v -76.994 		-17.82 		11.801
v -79.996 		-17.82 		11.801
v -76.994 		-18.002 		11.61
v -79.996 		-18.002 		11.61
v -76.994 		-18.175 		11.41
v -79.996 		-18.175 		11.41
v -76.994 		-18.337 		11.202
v -79.996 		-18.337 		11.202
v -76.994 		-18.489 		10.987
v -79.996 		-18.489 		10.987
v -76.994 		-18.63 		10.764
v -79.996 		-18.63 		10.764
v -76.994 		-18.76 		10.534
v -79.996 		-18.76 		10.534
v -76.994 		-18.879 		10.298
v -79.996 		-18.879 		10.298
v -76.994 		-16.553 		12.742
v -79.996 		-16.553 		12.742
v -76.994 		-16.783 		12.611
v -79.996 		-16.783 		12.611
v -76.994 		-17.006 		12.47
v -79.996 		-17.006 		12.47
v -76.994 		-17.221 		12.318
v -79.996 		-17.221 		12.318
v -76.994 		-14.545 		13.351
v -79.996 		-14.545 		13.351
v -76.994 		-14.807 		13.318
v -79.996 		-14.807 		13.318
v -76.994 		-15.067 		13.273
v -79.996 		-15.067 		13.273
v -76.994 		-15.325 		13.215
v -79.996 		-15.325 		13.215
v -76.994 		-15.579 		13.145
v -79.996 		-15.579 		13.145
v -76.994 		-15.83 		13.062
v -79.996 		-15.83 		13.062
v -76.994 		-16.076 		12.967
v -79.996 		-16.076 		12.967
v -76.994 		-16.317 		12.86
v -79.996 		-16.317 		12.86
v -76.994 		-12.458 		13.145
v -79.996 		-12.458 		13.145
v -76.994 		-12.712 		13.215
v -79.996 		-12.712 		13.215
v -76.994 		-12.969 		13.273
v -79.996 		-12.969 		13.273
v -76.994 		-13.229 		13.318
v -79.996 		-13.229 		13.318
v -76.994 		-13.491 		13.351
v -79.996 		-13.491 		13.351
v -76.994 		-13.755 		13.37
v -79.996 		-13.755 		13.37
v -76.994 		-14.018 		13.377
v -79.996 		-14.018 		13.377
v -76.994 		-14.282 		13.37
v -79.996 		-14.282 		13.37
v -76.994 		-8.648 		8.263
v -79.996 		-8.648 		8.263
v -76.994 		-8.667 		8.526
v -79.996 		-8.667 		8.526
v -76.994 		-8.7 		8.788
v -79.996 		-8.7 		8.788
v -76.994 		-8.745 		9.048
v -79.996 		-8.745 		9.048
v -76.994 		-8.803 		9.306
v -79.996 		-8.803 		9.306
v -76.994 		-8.873 		9.56
v -79.996 		-8.873 		9.56
v -76.994 		-8.956 		9.811
v -79.996 		-8.956 		9.811
v -76.994 		-9.051 		10.057
v -79.996 		-9.051 		10.057
v -76.994 		-9.158 		10.298
v -79.996 		-9.158 		10.298
v -76.994 		-9.276 		10.534
v -79.996 		-9.276 		10.534
v -76.994 		-9.406 		10.764
v -79.996 		-9.406 		10.764
v -76.994 		-9.548 		10.987
v -79.996 		-9.548 		10.987
v -76.994 		-9.7 		11.202
v -79.996 		-9.7 		11.202
v -76.994 		-9.862 		11.41
v -79.996 		-9.862 		11.41
v -76.994 		-10.034 		11.61
v -79.996 		-10.034 		11.61
v -76.994 		-10.216 		11.801
v -79.996 		-10.216 		11.801
v -76.994 		-10.407 		11.983
v -79.996 		-10.407 		11.983
v -76.994 		-10.607 		12.156
v -79.996 		-10.607 		12.156
v -76.994 		-10.815 		12.318
v -79.996 		-10.815 		12.318
v -76.994 		-11.031 		12.47
v -79.996 		-11.031 		12.47
v -76.994 		-11.254 		12.611
v -79.996 		-11.254 		12.611
v -76.994 		-11.484 		12.742
v -79.996 		-11.484 		12.742
v -76.994 		-11.719 		12.86
v -79.996 		-11.719 		12.86
v -76.994 		-11.961 		12.967
v -79.996 		-11.961 		12.967
v -76.994 		-12.207 		13.062
v -79.996 		-12.207 		13.062
v -69.039 		-5.988 		11.357
v -73.741 		-62.347 		11.357
v -73.756 		-62.261 		11.357
v -73.766 		-62.174 		11.357
v -73.773 		-62.087 		11.357
v -73.775 		-62 		11.357
v -73.773 		-61.913 		11.357
v -73.766 		-61.826 		11.357
v -78.499 		3.598 		14.498
v -76.994 		-16.621 		6.112
v -76.994 		-16.525 		5.987
v -76.994 		-16.423 		5.866
v -73.756 		-61.739 		11.357
v -73.741 		-61.653 		11.357
v -76.994 		-17.227 		8.192
v -76.994 		-17.232 		8.034
v -76.994 		-17.23 		7.876
v -72.758 		-63.608 		11.357
v -76.994 		-17.22 		7.719
v -72.835 		-63.568 		11.357
v -72.911 		-63.525 		11.357
v -76.994 		-17.203 		7.562
v -76.994 		-17.177 		7.406
v -76.994 		-17.145 		7.252
v -71.998 		-63.778 		11.357
v -72.085 		-63.776 		11.357
v -76.994 		-17.104 		7.1
v -72.172 		-63.77 		11.357
v -76.994 		-17.056 		6.949
v -72.258 		-63.759 		11.357
v -76.994 		-17.001 		6.801
v -72.344 		-63.744 		11.357
v -76.994 		-16.939 		6.656
v -72.429 		-63.725 		11.357
v -76.994 		-16.869 		6.515
v -72.514 		-63.702 		11.357
v -76.994 		-16.793 		6.377
v -72.596 		-63.674 		11.357
v -76.994 		-16.71 		6.242
v -72.678 		-63.643 		11.357
v -71.737 		-63.759 		11.357
v -76.994 		-16.316 		5.751
v -71.823 		-63.77 		11.357
v -76.994 		-16.203 		5.641
v -71.91 		-63.776 		11.357
v -76.994 		-16.084 		5.537
v -76.994 		-15.961 		5.438
v -76.994 		-15.833 		5.346
v -76.994 		-15.701 		5.26
v -72.985 		-63.479 		11.357
v -76.994 		-15.564 		5.181
v -73.056 		-63.428 		11.357
v -76.994 		-15.424 		5.108
v -73.125 		-63.375 		11.357
v -73.191 		-63.318 		11.357
v -73.254 		-63.258 		11.357
v -76.994 		-15.281 		5.043
v -73.315 		-63.194 		11.357
v -76.994 		-15.134 		4.984
v -73.372 		-63.128 		11.357
v -73.425 		-63.059 		11.357
v -76.994 		-14.985 		4.933
v -73.475 		-62.988 		11.357
v -76.994 		-14.833 		4.89
v -76.994 		-14.68 		4.853
v -76.994 		-14.525 		4.825
v -73.522 		-62.914 		11.357
v -76.994 		-14.368 		4.804
v -73.565 		-62.838 		11.357
v -73.604 		-62.76 		11.357
v -76.994 		-14.211 		4.79
v -76.994 		-14.053 		4.785
v -76.994 		-13.896 		4.787
v -76.994 		-13.738 		4.797
v -76.994 		-13.581 		4.814
v -76.994 		-13.426 		4.84
v -76.994 		-13.271 		4.873
v -76.994 		-13.119 		4.913
v -76.994 		-12.969 		4.961
v -76.994 		-12.821 		5.016
v -76.994 		-12.676 		5.078
v -76.994 		-12.534 		5.148
v -76.994 		-12.396 		5.224
v -76.994 		-12.262 		5.307
v -76.994 		-12.132 		5.396
v -76.994 		-12.007 		5.492
v -76.994 		-11.886 		5.594
v -76.994 		-11.771 		5.701
v -76.994 		-11.661 		5.814
v -76.994 		-11.556 		5.933
v -76.994 		-11.458 		6.056
v -76.994 		-11.366 		6.184
v -76.994 		-11.28 		6.316
v -76.994 		-11.2 		6.453
v -76.994 		-11.128 		6.593
v -76.994 		-11.062 		6.737
v -76.994 		-11.004 		6.883
v -76.994 		-10.953 		7.032
v -73.64 		-62.681 		11.357
v -73.671 		-62.599 		11.357
v -76.994 		-10.909 		7.184
v -73.698 		-62.516 		11.357
v -76.994 		-10.873 		7.338
v -76.994 		-10.844 		7.493
v -73.722 		-62.432 		11.357
v -76.994 		-10.823 		7.649
v -76.994 		-10.81 		7.806
v -73.722 		-61.568 		11.357
v -76.994 		-10.804 		7.964
v -73.698 		-61.484 		11.357
v -76.994 		-10.807 		8.122
v -71.084 		-63.525 		11.357
v -71.16 		-63.568 		11.357
v -71.238 		-63.608 		11.357
v -71.317 		-63.643 		11.357
v -71.399 		-63.674 		11.357
v -71.482 		-63.702 		11.357
v -71.566 		-63.725 		11.357
v -71.651 		-63.744 		11.357
v -70.681 		-63.194 		11.357
v -70.741 		-63.258 		11.357
v -70.804 		-63.318 		11.357
v -70.87 		-63.375 		11.357
v -70.939 		-63.428 		11.357
v -71.01 		-63.479 		11.357
v -70.297 		-62.516 		11.357
v -70.324 		-62.599 		11.357
v -70.355 		-62.681 		11.357
v -70.391 		-62.76 		11.357
v -70.43 		-62.838 		11.357
v -70.473 		-62.914 		11.357
v -70.52 		-62.988 		11.357
v -70.57 		-63.059 		11.357
v -70.624 		-63.128 		11.357
v -76.994 		-16.481 		10.065
v -76.994 		-16.579 		9.942
v -76.994 		-16.671 		9.814
v -76.994 		-16.757 		9.682
v -76.994 		-16.836 		9.545
v -76.994 		-16.909 		9.405
v -76.994 		-16.974 		9.262
v -76.994 		-17.033 		9.115
v -76.994 		-17.084 		8.966
v -76.994 		-17.127 		8.814
v -76.994 		-17.164 		8.661
v -76.994 		-17.192 		8.505
v -70.297 		-61.484 		11.357
v -70.273 		-61.568 		11.357
v -70.254 		-61.653 		11.357
v -70.239 		-61.739 		11.357
v -70.229 		-61.826 		11.357
v -70.222 		-61.913 		11.357
v -70.22 		-62 		11.357
v -70.222 		-62.087 		11.357
v -70.229 		-62.174 		11.357
v -70.239 		-62.261 		11.357
v -70.254 		-62.347 		11.357
v -70.273 		-62.432 		11.357
v -73.671 		-61.401 		11.357
v -73.64 		-61.319 		11.357
v -73.604 		-61.24 		11.357
v -73.565 		-61.162 		11.357
v -73.522 		-61.086 		11.357
v -73.475 		-61.012 		11.357
v -73.425 		-60.941 		11.357
v -73.372 		-60.872 		11.357
v -73.315 		-60.806 		11.357
v -73.254 		-60.742 		11.357
v -73.191 		-60.682 		11.357
v -73.125 		-60.625 		11.357
v -73.056 		-60.572 		11.357
v -72.985 		-60.521 		11.357
v -72.911 		-60.475 		11.357
v -72.835 		-60.432 		11.357
v -72.758 		-60.392 		11.357
v -72.678 		-60.357 		11.357
v -72.596 		-60.326 		11.357
v -72.514 		-60.298 		11.357
v -72.429 		-60.275 		11.357
v -72.344 		-60.256 		11.357
v -72.258 		-60.241 		11.357
v -72.172 		-60.23 		11.357
v -72.085 		-60.224 		11.357
v -71.998 		-60.222 		11.357
v -71.91 		-60.224 		11.357
v -71.823 		-60.23 		11.357
v -71.737 		-60.241 		11.357
v -71.16 		-60.432 		11.357
v -71.084 		-60.475 		11.357
v -71.01 		-60.521 		11.357
v -70.939 		-60.572 		11.357
v -70.87 		-60.625 		11.357
v -70.804 		-60.682 		11.357
v -70.741 		-60.742 		11.357
v -70.681 		-60.806 		11.357
v -71.651 		-60.256 		11.357
v -71.566 		-60.275 		11.357
v -71.482 		-60.298 		11.357
v -71.399 		-60.326 		11.357
v -71.317 		-60.357 		11.357
v -71.238 		-60.392 		11.357
v -70.624 		-60.872 		11.357
v -70.57 		-60.941 		11.357
v -70.52 		-61.012 		11.357
v -70.473 		-61.086 		11.357
v -70.43 		-61.162 		11.357
v -70.391 		-61.24 		11.357
v -70.355 		-61.319 		11.357
v -70.324 		-61.401 		11.357
v -72.735 		-4.555 		0
v -72.813 		-4.516 		0
v -72.889 		-4.473 		0
v -72.963 		-4.426 		0
v -73.034 		-4.376 		0
v -73.103 		-4.322 		0
v -73.169 		-4.265 		0
v -73.232 		-4.205 		0
v -73.292 		-4.142 		0
v -72.062 		-4.724 		0
v -72.149 		-4.717 		0
v -72.236 		-4.707 		0
v -72.322 		-4.692 		0
v -72.407 		-4.672 		0
v -72.491 		-4.649 		0
v -72.574 		-4.622 		0
v -72.655 		-4.59 		0
v -71.714 		-4.707 		0
v -71.801 		-4.717 		0
v -76.994 		-17.213 		8.349
v -76.994 		-16.376 		10.184
v -76.994 		-15.361 		10.92
v -76.994 		-15.502 		10.85
v -76.994 		-15.641 		10.774
v -76.994 		-15.775 		10.691
v -76.994 		-15.905 		10.602
v -76.994 		-16.03 		10.506
v -76.994 		-16.151 		10.404
v -76.994 		-16.266 		10.297
v -71.888 		-4.724 		0
v -76.994 		-14.455 		11.184
v -71.215 		-4.555 		0
v -71.295 		-4.59 		0
v -76.994 		-14.611 		11.158
v -71.376 		-4.622 		0
v -76.994 		-14.765 		11.126
v -71.459 		-4.649 		0
v -76.994 		-14.918 		11.085
v -71.543 		-4.672 		0
v -76.994 		-15.068 		11.037
v -71.628 		-4.692 		0
v -76.994 		-15.216 		10.982
v -70.658 		-4.142 		0
v -70.718 		-4.205 		0
v -76.994 		-14.298 		11.201
v -70.781 		-4.265 		0
v -76.994 		-13.357 		11.145
v -70.847 		-4.322 		0
v -76.994 		-13.512 		11.173
v -70.916 		-4.376 		0
v -70.987 		-4.426 		0
v -76.994 		-13.668 		11.194
v -71.061 		-4.473 		0
v -76.994 		-13.826 		11.208
v -71.137 		-4.516 		0
v -76.994 		-13.983 		11.213
v -76.994 		-14.141 		11.211
v -76.994 		-12.336 		10.738
v -73.733 		-3.208 		0
v -76.994 		-12.472 		10.817
v -73.744 		-3.122 		0
v -76.994 		-12.613 		10.89
v -73.75 		-3.035 		0
v -76.994 		-12.756 		10.955
v -76.994 		-12.903 		11.014
v -73.75 		-2.86 		0
v -73.744 		-2.773 		0
v -76.994 		-13.052 		11.065
v -73.733 		-2.686 		0
v -76.994 		-13.203 		11.109
v -73.349 		-4.076 		0
v -73.403 		-4.007 		0
v -73.453 		-3.935 		0
v -73.5 		-3.862 		0
v -76.994 		-10.816 		8.279
v -73.543 		-3.786 		0
v -73.582 		-3.708 		0
v -76.994 		-10.834 		8.436
v -73.617 		-3.628 		0
v -76.994 		-10.859 		8.592
v -73.649 		-3.546 		0
v -73.676 		-3.464 		0
v -76.994 		-10.892 		8.746
v -73.699 		-3.379 		0
v -76.994 		-10.933 		8.899
v -73.718 		-3.294 		0
v -76.994 		-10.98 		9.049
v -76.994 		-11.036 		9.197
v -73.718 		-2.6 		0
v -73.699 		-2.515 		0
v -73.676 		-2.431 		0
v -73.649 		-2.348 		0
v -76.994 		-11.098 		9.342
v -73.617 		-2.267 		0
v -76.994 		-11.167 		9.483
v -73.582 		-2.187 		0
v -73.543 		-2.109 		0
v -76.994 		-11.244 		9.621
v -76.994 		-11.327 		9.756
v -76.994 		-11.416 		9.886
v -76.994 		-11.512 		10.011
v -73.5 		-2.033 		0
v -73.453 		-1.959 		0
v -76.994 		-11.613 		10.132
v -73.403 		-1.888 		0
v -73.349 		-1.819 		0
v -73.292 		-1.753 		0
v -73.232 		-1.69 		0
v -76.994 		-11.721 		10.247
v -73.169 		-1.63 		0
v -76.994 		-11.834 		10.357
v -73.103 		-1.573 		0
v -76.994 		-11.952 		10.462
v -73.034 		-1.519 		0
v -76.994 		-12.076 		10.56
v -72.963 		-1.469 		0
v -72.889 		-1.422 		0
v -76.994 		-12.204 		10.652
v -72.813 		-1.379 		0
v -72.735 		-1.34 		0
v -72.655 		-1.304 		0
v -72.574 		-1.273 		0
v -72.491 		-1.246 		0
v -72.407 		-1.222 		0
v -72.322 		-1.203 		0
v -72.236 		-1.188 		0
v -72.149 		-1.177 		0
v -72.062 		-1.171 		0
v -71.888 		-1.171 		0
v -71.801 		-1.177 		0
v -71.714 		-1.188 		0
v -70.206 		-3.122 		0
v -70.217 		-3.208 		0
v -70.232 		-3.294 		0
v -70.251 		-3.379 		0
v -70.274 		-3.464 		0
v -70.301 		-3.546 		0
v -70.333 		-3.628 		0
v -70.368 		-3.708 		0
v -70.407 		-3.786 		0
v -70.45 		-3.862 		0
v -70.497 		-3.935 		0
v -70.547 		-4.007 		0
v -70.601 		-4.076 		0
v -70.407 		-2.109 		0
v -70.368 		-2.187 		0
v -70.333 		-2.267 		0
v -70.301 		-2.348 		0
v -70.274 		-2.431 		0
v -70.251 		-2.515 		0
v -70.232 		-2.6 		0
v -70.217 		-2.686 		0
v -70.206 		-2.773 		0
v -70.2 		-2.86 		0
v -70.2 		-3.035 		0
v -71.628 		-1.203 		0
v -71.543 		-1.222 		0
v -71.459 		-1.246 		0
v -71.376 		-1.273 		0
v -71.295 		-1.304 		0
v -71.215 		-1.34 		0
v -71.137 		-1.379 		0
v -71.061 		-1.422 		0
v -70.987 		-1.469 		0
v -70.916 		-1.519 		0
v -70.847 		-1.573 		0
v -70.781 		-1.63 		0
v -70.718 		-1.69 		0
v -70.658 		-1.753 		0
v -70.601 		-1.819 		0
v -70.547 		-1.888 		0
v -70.497 		-1.959 		0
v -70.45 		-2.033 		0
v 29.35 		-5.088 		0
v 29.35 		-5.088 		11.357
v 29.86 		-65.003 		11.357
v 29.86 		-69.996 		0
v 29.86 		-65.003 		0
v 29.86 		-59.811 		11.357
v 29.86 		-59.811 		0
v 35.35 		0.094 		11.357
v 31.729 		-3.258 		11.357
v 31.671 		-3.222 		11.357
v 31.615 		-3.184 		11.357
v 31.56 		-3.143 		11.357
v 31.508 		-3.1 		11.357
v 31.458 		-3.054 		11.357
v 31.411 		-3.006 		11.357
v 31.366 		-2.956 		11.357
v 31.324 		-2.904 		11.357
v 31.284 		-2.849 		11.357
v 31.247 		-2.793 		11.357
v 31.213 		-2.736 		11.357
v 31.182 		-2.676 		11.357
v 31.154 		-2.616 		11.357
v 31.129 		-2.554 		11.357
v 31.108 		-2.491 		11.357
v 31.09 		-2.427 		11.357
v 31.074 		-2.362 		11.357
v 31.063 		-2.296 		11.357
v 31.054 		-2.231 		11.357
v 31.049 		-2.164 		11.357
v 31.048 		-2.098 		11.357
v 32.244 		-3.436 		11.357
v 32.176 		-3.424 		11.357
v 32.109 		-3.41 		11.357
v 32.043 		-3.392 		11.357
v 31.978 		-3.371 		11.357
v 31.913 		-3.347 		11.357
v 31.85 		-3.321 		11.357
v 31.789 		-3.291 		11.357
v 32.381 		-3.449 		11.357
v 32.45 		-3.45 		11.357
v 32.313 		-3.444 		11.357
v 32.724 		-3.424 		11.357
v 32.656 		-3.436 		11.357
v 32.587 		-3.444 		11.357
v 32.519 		-3.449 		11.357
v 31.049 		-2.032 		11.357
v 31.054 		-1.965 		11.357
v 31.063 		-1.9 		11.357
v 31.074 		-1.834 		11.357
v 31.09 		-1.769 		11.357
v 31.108 		-1.705 		11.357
v 31.129 		-1.642 		11.357
v 31.154 		-1.581 		11.357
v 31.182 		-1.52 		11.357
v 31.213 		-1.461 		11.357
v 31.247 		-1.403 		11.357
v 31.284 		-1.347 		11.357
v 31.324 		-1.292 		11.357
v 31.366 		-1.24 		11.357
v 31.411 		-1.19 		11.357
v 31.458 		-1.142 		11.357
v 31.508 		-1.096 		11.357
v 31.56 		-1.053 		11.357
v 31.615 		-1.012 		11.357
v 31.671 		-0.974 		11.357
v 31.729 		-0.938 		11.357
v 31.789 		-0.905 		11.357
v 31.85 		-0.876 		11.357
v 31.913 		-0.849 		11.357
v 31.978 		-0.825 		11.357
v 32.043 		-0.804 		11.357
v 32.109 		-0.786 		11.357
v 32.176 		-0.772 		11.357
v 32.244 		-0.76 		11.357
v 32.313 		-0.752 		11.357
v 32.381 		-0.747 		11.357
v 32.45 		-0.746 		11.357
v 32.519 		-0.747 		11.357
v 32.587 		-0.752 		11.357
v 32.656 		-0.76 		11.357
v 32.724 		-0.772 		11.357
v 33.392 		-3.1 		11.357
v 33.34 		-3.143 		11.357
v 33.285 		-3.184 		11.357
v 33.229 		-3.222 		11.357
v 33.171 		-3.258 		11.357
v 33.111 		-3.291 		11.357
v 33.05 		-3.321 		11.357
v 32.987 		-3.347 		11.357
v 32.922 		-3.371 		11.357
v 32.857 		-3.392 		11.357
v 32.791 		-3.41 		11.357
v 33.792 		-2.491 		11.357
v 33.771 		-2.554 		11.357
v 33.746 		-2.616 		11.357
v 33.718 		-2.676 		11.357
v 33.687 		-2.736 		11.357
v 33.653 		-2.793 		11.357
v 33.616 		-2.849 		11.357
v 33.577 		-2.904 		11.357
v 33.534 		-2.956 		11.357
v 33.489 		-3.006 		11.357
v 33.442 		-3.054 		11.357
v 33.853 		-2.098 		11.357
v 33.851 		-2.164 		11.357
v 33.846 		-2.231 		11.357
v 33.837 		-2.296 		11.357
v 33.826 		-2.362 		11.357
v 33.81 		-2.427 		11.357
v 33.34 		-1.053 		11.357
v 33.392 		-1.096 		11.357
v 33.442 		-1.142 		11.357
v 33.489 		-1.19 		11.357
v 33.534 		-1.24 		11.357
v 33.577 		-1.292 		11.357
v 33.616 		-1.347 		11.357
v 33.653 		-1.403 		11.357
v 33.687 		-1.461 		11.357
v 33.718 		-1.52 		11.357
v 33.746 		-1.581 		11.357
v 33.771 		-1.642 		11.357
v 33.792 		-1.705 		11.357
v 33.81 		-1.769 		11.357
v 33.826 		-1.834 		11.357
v 33.837 		-1.9 		11.357
v 33.846 		-1.965 		11.357
v 33.851 		-2.032 		11.357
v 32.791 		-0.786 		11.357
v 32.857 		-0.804 		11.357
v 32.922 		-0.825 		11.357
v 32.987 		-0.849 		11.357
v 33.05 		-0.876 		11.357
v 33.111 		-0.905 		11.357
v 33.171 		-0.938 		11.357
v 33.229 		-0.974 		11.357
v 33.285 		-1.012 		11.357
v 32.45 		-0.746 		0
v 35.35 		0.094 		0
v 33.853 		-2.098 		0
v 35.35 		-5.088 		0
v 32.45 		-3.45 		0
v 31.048 		-2.098 		0
v -76.501 		1.6 		14.498
v -76.501 		1.6 		0
v -78.499 		3.598 		0
v -76.501 		1.6 		2.003
v -78.499 		3.598 		2.003
v -76.994 		-29.111 		6.11
v -76.994 		-29.015 		5.985
v -76.994 		-28.913 		5.864
v -76.994 		-28.806 		5.749
v 31.707 		-63.16 		0
v 31.648 		-63.124 		0
v -76.994 		-28.693 		5.639
v 31.592 		-63.086 		0
v 31.538 		-63.045 		0
v 31.486 		-63.002 		0
v 35.35 		-5.088 		11.357
v 31.436 		-62.956 		0
v -76.994 		-29.594 		7.097
v 31.388 		-62.908 		0
v 31.343 		-62.858 		0
v 31.301 		-62.806 		0
v -76.994 		-29.546 		6.947
v 31.261 		-62.751 		0
v 31.225 		-62.695 		0
v -76.994 		-29.491 		6.799
v 31.191 		-62.637 		0
v 31.16 		-62.578 		0
v -76.994 		-29.429 		6.654
v 31.132 		-62.518 		0
v -76.994 		-29.359 		6.513
v 32.222 		-63.338 		0
v -76.994 		-29.283 		6.375
v 32.154 		-63.326 		0
v 32.087 		-63.312 		0
v 32.02 		-63.294 		0
v -76.994 		-29.2 		6.24
v 31.955 		-63.273 		0
v 31.891 		-63.249 		0
v 31.828 		-63.223 		0
v 31.766 		-63.193 		0
v 31.707 		-63.16 		11.357
v 31.648 		-63.124 		11.357
v -76.994 		-29.717 		8.19
v 32.359 		-63.351 		0
v 32.428 		-63.352 		0
v 31.592 		-63.086 		11.357
v 32.29 		-63.346 		0
v 31.538 		-63.045 		11.357
v 31.486 		-63.002 		11.357
v 32.701 		-63.326 		0
v 32.768 		-63.312 		0
v 32.633 		-63.338 		0
v -76.994 		-29.72 		7.874
v 32.565 		-63.346 		0
v 32.496 		-63.351 		0
v 31.436 		-62.956 		11.357
v 31.388 		-62.908 		11.357
v -76.994 		-29.71 		7.717
v 31.107 		-62.456 		0
v 31.343 		-62.858 		11.357
v 31.086 		-62.393 		0
v 31.301 		-62.806 		11.357
v -76.994 		-29.693 		7.56
v 31.067 		-62.329 		0
v 31.261 		-62.751 		11.357
v 31.052 		-62.264 		0
v 31.225 		-62.695 		11.357
v 31.04 		-62.198 		0
v -76.994 		-29.667 		7.404
v 31.191 		-62.637 		11.357
v 31.032 		-62.133 		0
v 31.16 		-62.578 		11.357
v 31.027 		-62.066 		0
v 31.132 		-62.518 		11.357
v -76.994 		-29.635 		7.25
v 31.025 		-62 		0
v 31.027 		-61.934 		0
v 31.032 		-61.867 		0
v 31.04 		-61.802 		0
v 31.052 		-61.736 		0
v 31.067 		-61.671 		0
v 31.086 		-61.607 		0
v 31.107 		-61.544 		0
v 31.132 		-61.482 		0
v 31.16 		-61.422 		0
v 31.191 		-61.363 		0
v 31.225 		-61.305 		0
v 31.261 		-61.249 		0
v 31.301 		-61.194 		0
v 31.343 		-61.142 		0
v 31.388 		-61.092 		0
v 31.436 		-61.044 		0
v 31.486 		-60.998 		0
v 31.538 		-60.955 		0
v 31.592 		-60.914 		0
v 31.648 		-60.876 		0
v 31.707 		-60.84 		0
v 31.766 		-60.807 		0
v 31.828 		-60.777 		0
v 31.891 		-60.751 		0
v 31.955 		-60.727 		0
v 32.02 		-60.706 		0
v 32.087 		-60.688 		0
v 32.154 		-60.674 		0
v 32.222 		-60.662 		0
v 32.29 		-60.654 		0
v 32.359 		-60.649 		0
v 32.428 		-60.648 		0
v 32.496 		-60.649 		0
v 32.565 		-60.654 		0
v 32.633 		-60.662 		0
v 32.701 		-60.674 		0
v 32.768 		-60.688 		0
v 33.263 		-63.086 		0
v 33.207 		-63.124 		0
v 33.149 		-63.16 		0
v 33.089 		-63.193 		0
v 33.027 		-63.223 		0
v 32.964 		-63.249 		0
v 32.9 		-63.273 		0
v 32.835 		-63.294 		0
v 33.723 		-62.518 		0
v 33.695 		-62.578 		0
v 33.664 		-62.637 		0
v 33.63 		-62.695 		0
v 33.594 		-62.751 		0
v 33.554 		-62.806 		0
v 33.512 		-62.858 		0
v 33.467 		-62.908 		0
v 33.419 		-62.956 		0
v 33.369 		-63.002 		0
v 33.317 		-63.045 		0
v 33.723 		-61.482 		0
v 33.748 		-61.544 		0
v 33.77 		-61.607 		0
v 33.788 		-61.671 		0
v 33.788 		-62.329 		0
v 33.77 		-62.393 		0
v 33.748 		-62.456 		0
v 33.803 		-61.736 		0
v 33.815 		-61.802 		0
v 33.823 		-61.867 		0
v 33.828 		-61.934 		0
v 33.83 		-62 		0
v 33.828 		-62.066 		0
v -76.994 		-28.574 		5.535
v 33.823 		-62.133 		0
v 33.815 		-62.198 		0
v 33.803 		-62.264 		0
v -76.994 		-28.451 		5.436
v 32.835 		-60.706 		0
v -76.994 		-28.323 		5.344
v 32.9 		-60.727 		0
v 32.964 		-60.751 		0
v -76.994 		-28.191 		5.258
v 33.027 		-60.777 		0
v 33.089 		-60.807 		0
v 33.149 		-60.84 		0
v -76.994 		-28.054 		5.179
v 33.207 		-60.876 		0
v 33.263 		-60.914 		0
v -76.994 		-27.914 		5.106
v 33.317 		-60.955 		0
v -76.994 		-27.771 		5.041
v 33.369 		-60.998 		0
v 33.419 		-61.044 		0
v 33.467 		-61.092 		0
v 33.512 		-61.142 		0
v 33.554 		-61.194 		0
v -76.994 		-27.624 		4.982
v -76.994 		-27.475 		4.931
v -76.994 		-27.323 		4.888
v -76.994 		-27.17 		4.851
v -76.994 		-27.015 		4.823
v -76.994 		-26.858 		4.802
v -76.994 		-26.701 		4.788
v -76.994 		-26.543 		4.783
v -76.994 		-26.386 		4.785
v -76.994 		-26.228 		4.795
v -76.994 		-26.071 		4.812
v -76.994 		-25.916 		4.838
v -76.994 		-25.761 		4.87
v -76.994 		-25.609 		4.911
v -76.994 		-25.459 		4.959
v -76.994 		-25.311 		5.014
v -76.994 		-25.166 		5.076
v -76.994 		-25.024 		5.146
v -76.994 		-24.886 		5.222
v -76.994 		-24.752 		5.305
v -76.994 		-24.622 		5.394
v -76.994 		-24.497 		5.49
v -76.994 		-24.376 		5.592
v -76.994 		-24.261 		5.699
v -76.994 		-24.151 		5.812
v -76.994 		-24.046 		5.931
v -76.994 		-23.948 		6.054
v -76.994 		-23.856 		6.182
v -76.994 		-23.77 		6.314
v 32.222 		-63.338 		11.357
v 32.154 		-63.326 		11.357
v 32.087 		-63.312 		11.357
v 32.02 		-63.294 		11.357
v 31.955 		-63.273 		11.357
v 31.891 		-63.249 		11.357
v 31.828 		-63.223 		11.357
v 31.766 		-63.193 		11.357
v 32.428 		-63.352 		11.357
v 32.359 		-63.351 		11.357
v 32.29 		-63.346 		11.357
v 32.768 		-63.312 		11.357
v 32.701 		-63.326 		11.357
v 32.633 		-63.338 		11.357
v 32.565 		-63.346 		11.357
v 32.496 		-63.351 		11.357
v 31.107 		-62.456 		11.357
v 31.086 		-62.393 		11.357
v 31.067 		-62.329 		11.357
v 31.052 		-62.264 		11.357
v 31.04 		-62.198 		11.357
v 31.032 		-62.133 		11.357
v 31.027 		-62.066 		11.357
v 31.025 		-62 		11.357
v 31.027 		-61.934 		11.357
v 31.032 		-61.867 		11.357
v 31.04 		-61.802 		11.357
v 31.052 		-61.736 		11.357
v 31.067 		-61.671 		11.357
v 31.086 		-61.607 		11.357
v 31.107 		-61.544 		11.357
v 31.132 		-61.482 		11.357
v 33.594 		-61.249 		0
v 33.63 		-61.305 		0
v 33.664 		-61.363 		0
v 33.695 		-61.422 		0
v 31.16 		-61.422 		11.357
v 31.191 		-61.363 		11.357
v 31.225 		-61.305 		11.357
v 31.261 		-61.249 		11.357
v 31.301 		-61.194 		11.357
v 31.343 		-61.142 		11.357
v 31.388 		-61.092 		11.357
v 31.436 		-61.044 		11.357
v 31.486 		-60.998 		11.357
v 31.538 		-60.955 		11.357
v 31.592 		-60.914 		11.357
v 31.648 		-60.876 		11.357
v 31.707 		-60.84 		11.357
v 31.766 		-60.807 		11.357
v 31.828 		-60.777 		11.357
v 31.891 		-60.751 		11.357
v 31.955 		-60.727 		11.357
v 32.02 		-60.706 		11.357
v 32.087 		-60.688 		11.357
v 32.154 		-60.674 		11.357
v 32.222 		-60.662 		11.357
v 32.29 		-60.654 		11.357
v 32.359 		-60.649 		11.357
v 32.428 		-60.648 		11.357
v 32.496 		-60.649 		11.357
v 32.565 		-60.654 		11.357
v 32.633 		-60.662 		11.357
v 32.701 		-60.674 		11.357
v 32.768 		-60.688 		11.357
v 33.263 		-63.086 		11.357
v 33.207 		-63.124 		11.357
v 33.149 		-63.16 		11.357
v 33.089 		-63.193 		11.357
v 33.027 		-63.223 		11.357
v 32.964 		-63.249 		11.357
v 32.9 		-63.273 		11.357
v 32.835 		-63.294 		11.357
v 33.723 		-62.518 		11.357
v 33.695 		-62.578 		11.357
v 33.664 		-62.637 		11.357
v 33.63 		-62.695 		11.357
v 33.594 		-62.751 		11.357
v 33.554 		-62.806 		11.357
v 33.512 		-62.858 		11.357
v 33.467 		-62.908 		11.357
v 33.419 		-62.956 		11.357
v 33.369 		-63.002 		11.357
v 33.317 		-63.045 		11.357
v 33.723 		-61.482 		11.357
v 33.748 		-61.544 		11.357
v 33.77 		-61.607 		11.357
v 33.788 		-61.671 		11.357
v 33.788 		-62.329 		11.357
v 33.77 		-62.393 		11.357
v 33.748 		-62.456 		11.357
v 33.803 		-61.736 		11.357
v 33.815 		-61.802 		11.357
v 33.823 		-61.867 		11.357
v 33.828 		-61.934 		11.357
v 33.83 		-62 		11.357
v 33.828 		-62.066 		11.357
v 33.823 		-62.133 		11.357
v 33.815 		-62.198 		11.357
v 33.803 		-62.264 		11.357
v 32.835 		-60.706 		11.357
v 32.9 		-60.727 		11.357
v 32.964 		-60.751 		11.357
v 33.027 		-60.777 		11.357
v 33.089 		-60.807 		11.357
v 33.149 		-60.84 		11.357
v 33.207 		-60.876 		11.357
v 33.263 		-60.914 		11.357
v 33.317 		-60.955 		11.357
v 33.369 		-60.998 		11.357
v 33.419 		-61.044 		11.357
v 33.467 		-61.092 		11.357
v 33.512 		-61.142 		11.357
v 33.554 		-61.194 		11.357
v 33.594 		-61.249 		11.357
v 33.63 		-61.305 		11.357
v 33.664 		-61.363 		11.357
v 33.695 		-61.422 		11.357
v -76.994 		-23.69 		6.451
v -76.994 		-23.618 		6.591
v -76.994 		-23.552 		6.735
v -76.994 		-23.494 		6.881
v 31.025 		-66.311 		0
v -76.994 		-23.443 		7.03
v -76.994 		-23.399 		7.182
v -76.994 		-23.363 		7.336
v -76.994 		-23.334 		7.491
v -76.994 		-23.313 		7.647
v -76.994 		-23.3 		7.804
v -76.994 		-23.294 		7.962
v -76.994 		-23.297 		8.12
v 31.729 		-3.258 		0
v 31.671 		-3.222 		0
v 31.615 		-3.184 		0
v 31.56 		-3.143 		0
v 31.508 		-3.1 		0
v 31.458 		-3.054 		0
v 31.411 		-3.006 		0
v 31.366 		-2.956 		0
v 31.324 		-2.904 		0
v 31.284 		-2.849 		0
v -76.994 		-29.523 		9.113
v -76.994 		-29.574 		8.964
v -76.994 		-29.617 		8.812
v -76.994 		-29.654 		8.658
v -76.994 		-29.682 		8.503
v -76.994 		-29.703 		8.347
v -76.994 		-28.866 		10.182
v -76.994 		-28.971 		10.063
v -76.994 		-29.069 		9.94
v -76.994 		-29.161 		9.812
v -76.994 		-29.247 		9.68
v -76.994 		-29.326 		9.543
v -76.994 		-29.399 		9.403
v -76.994 		-29.464 		9.259
v 31.247 		-2.793 		0
v 31.213 		-2.736 		0
v 31.182 		-2.676 		0
v 31.154 		-2.616 		0
v -76.994 		-28.756 		10.295
v 31.129 		-2.554 		0
v 31.108 		-2.491 		0
v 31.09 		-2.427 		0
v 31.074 		-2.362 		0
v 31.063 		-2.296 		0
v 31.054 		-2.231 		0
v 31.049 		-2.164 		0
v 32.244 		-3.436 		0
v 32.176 		-3.424 		0
v 32.109 		-3.41 		0
v 32.043 		-3.392 		0
v 31.978 		-3.371 		0
v 31.913 		-3.347 		0
v 31.85 		-3.321 		0
v 31.789 		-3.291 		0
v 32.381 		-3.449 		0
v 32.313 		-3.444 		0
v 32.724 		-3.424 		0
v 32.656 		-3.436 		0
v 32.587 		-3.444 		0
v 32.519 		-3.449 		0
v -76.994 		-27.706 		10.98
v 31.049 		-2.032 		0
v 31.054 		-1.965 		0
v -76.994 		-27.851 		10.918
v 31.063 		-1.9 		0
v 31.074 		-1.834 		0
v -76.994 		-27.992 		10.848
v 31.09 		-1.769 		0
v 31.108 		-1.705 		0
v 31.129 		-1.642 		0
v -76.994 		-28.131 		10.772
v 31.154 		-1.581 		0
v -76.994 		-28.265 		10.689
v 31.182 		-1.52 		0
v 31.213 		-1.461 		0
v -76.994 		-28.395 		10.6
v 31.247 		-1.403 		0
v 31.284 		-1.347 		0
v 31.324 		-1.292 		0
v -76.994 		-28.52 		10.504
v 31.366 		-1.24 		0
v 31.411 		-1.19 		0
v -76.994 		-28.641 		10.402
v 31.458 		-1.142 		0
v 31.508 		-1.096 		0
v 31.56 		-1.053 		0
v -76.994 		-26.945 		11.182
v -76.994 		-26.788 		11.199
v 31.615 		-1.012 		0
v 31.671 		-0.974 		0
v 31.729 		-0.938 		0
v -76.994 		-27.101 		11.156
v -76.994 		-27.255 		11.124
v 31.789 		-0.905 		0
v 31.85 		-0.876 		0
v -76.994 		-27.408 		11.083
v 31.913 		-0.849 		0
v 31.978 		-0.825 		0
v -76.994 		-27.558 		11.035
v 32.043 		-0.804 		0
v 32.109 		-0.786 		0
v 32.176 		-0.772 		0
v 32.244 		-0.76 		0
v -76.994 		-26.631 		11.209
v 32.313 		-0.752 		0
v 32.381 		-0.747 		0
v 32.519 		-0.747 		0
v 32.587 		-0.752 		0
v 32.656 		-0.76 		0
v 32.724 		-0.772 		0
v 33.392 		-3.1 		0
v 33.34 		-3.143 		0
v 33.285 		-3.184 		0
v 33.229 		-3.222 		0
v 33.171 		-3.258 		0
v 33.111 		-3.291 		0
v 33.05 		-3.321 		0
v 32.987 		-3.347 		0
v 32.922 		-3.371 		0
v 32.857 		-3.392 		0
v 32.791 		-3.41 		0
v 33.771 		-2.554 		0
v 33.792 		-2.491 		0
v 33.746 		-2.616 		0
v 33.718 		-2.676 		0
v 33.687 		-2.736 		0
v 33.653 		-2.793 		0
v 33.616 		-2.849 		0
v -76.994 		-24.694 		10.65
v 33.577 		-2.904 		0
v 33.534 		-2.956 		0
v 33.489 		-3.006 		0
v -76.994 		-24.826 		10.736
v -76.994 		-24.962 		10.815
v -76.994 		-25.103 		10.888
v -76.994 		-25.246 		10.953
v -76.994 		-25.393 		11.012
v -76.994 		-25.542 		11.063
v -76.994 		-25.693 		11.106
v -76.994 		-25.847 		11.143
v -76.994 		-26.002 		11.171
v -76.994 		-26.158 		11.192
v -76.994 		-26.316 		11.206
v -76.994 		-26.473 		11.211
v -76.994 		-23.306 		8.277
v -76.994 		-23.324 		8.434
v -76.994 		-23.349 		8.59
v -76.994 		-23.382 		8.744
v -76.994 		-23.423 		8.897
v -76.994 		-23.47 		9.047
v -76.994 		-23.526 		9.195
v -76.994 		-23.588 		9.34
v -76.994 		-23.657 		9.481
v -76.994 		-23.734 		9.619
v -76.994 		-23.817 		9.754
v -76.994 		-23.906 		9.884
v -76.994 		-24.002 		10.009
v -76.994 		-24.103 		10.13
v -76.994 		-24.211 		10.245
v -76.994 		-24.324 		10.355
v -76.994 		-24.442 		10.459
v -76.994 		-24.566 		10.558
v 33.442 		-3.054 		0
v 33.851 		-2.164 		0
v 33.846 		-2.231 		0
v 33.837 		-2.296 		0
v 33.826 		-2.362 		0
v 33.81 		-2.427 		0
v 33.34 		-1.053 		0
v 33.392 		-1.096 		0
v 33.442 		-1.142 		0
v 33.489 		-1.19 		0
v 33.534 		-1.24 		0
v 33.577 		-1.292 		0
v 33.616 		-1.347 		0
v 33.653 		-1.403 		0
v 33.687 		-1.461 		0
v 33.718 		-1.52 		0
v 33.746 		-1.581 		0
v 33.771 		-1.642 		0
v 33.792 		-1.705 		0
v 33.81 		-1.769 		0
v 33.826 		-1.834 		0
v 33.837 		-1.9 		0
v 33.846 		-1.965 		0
v 33.851 		-2.032 		0
v 32.791 		-0.786 		0
v 32.857 		-0.804 		0
v 32.922 		-0.825 		0
v 32.987 		-0.849 		0
v 33.05 		-0.876 		0
v 33.111 		-0.905 		0
v 33.171 		-0.938 		0
v 33.229 		-0.974 		0
v 33.285 		-1.012 		0
v -76.994 		-28.807 		12.858
v -79.996 		-28.807 		12.858
v -76.994 		-29.043 		12.74
v -79.996 		-29.043 		12.74
v -76.994 		-29.273 		12.609
v -79.996 		-29.273 		12.609
v -76.994 		-29.496 		12.468
v -79.996 		-29.496 		12.468
v -76.994 		-29.711 		12.316
v -79.996 		-29.711 		12.316
v -76.994 		-26.772 		13.368
v -79.996 		-26.772 		13.368
v -76.994 		-27.035 		13.349
v -79.996 		-27.035 		13.349
v -76.994 		-27.297 		13.316
v -79.996 		-27.297 		13.316
v -76.994 		-27.557 		13.271
v -79.996 		-27.557 		13.271
v -76.994 		-27.815 		13.213
v -79.996 		-27.815 		13.213
v -76.994 		-28.069 		13.143
v -79.996 		-28.069 		13.143
v -76.994 		-28.32 		13.06
v -79.996 		-28.32 		13.06
v -76.994 		-28.566 		12.965
v -79.996 		-28.566 		12.965
v -76.994 		-24.697 		13.06
v -79.996 		-24.697 		13.06
v -76.994 		-24.948 		13.143
v -79.996 		-24.948 		13.143
v -76.994 		-25.202 		13.213
v -79.996 		-25.202 		13.213
v -76.994 		-25.459 		13.271
v -79.996 		-25.459 		13.271
v -76.994 		-25.719 		13.316
v -79.996 		-25.719 		13.316
v -76.994 		-25.981 		13.349
v -79.996 		-25.981 		13.349
v -76.994 		-26.245 		13.368
v -79.996 		-26.245 		13.368
v -76.994 		-26.508 		13.375
v -79.996 		-26.508 		13.375
v -76.994 		-23.305 		12.316
v -79.996 		-23.305 		12.316
v -76.994 		-23.521 		12.468
v -79.996 		-23.521 		12.468
v -76.994 		-23.744 		12.609
v -79.996 		-23.744 		12.609
v -76.994 		-23.974 		12.74
v -79.996 		-23.974 		12.74
v -76.994 		-24.209 		12.858
v -79.996 		-24.209 		12.858
v -76.994 		-24.451 		12.965
v -79.996 		-24.451 		12.965
v -76.994 		-22.19 		4.794
v -79.996 		-22.19 		4.794
v -76.994 		-22.038 		5.009
v -79.996 		-22.038 		5.009
v -76.994 		-21.896 		5.232
v -79.996 		-21.896 		5.232
v -76.994 		-21.766 		5.462
v -79.996 		-21.766 		5.462
v -76.994 		-21.648 		5.698
v -79.996 		-21.648 		5.698
v -76.994 		-21.541 		5.939
v -79.996 		-21.541 		5.939
v -76.994 		-21.446 		6.185
v -79.996 		-21.446 		6.185
v -76.994 		-21.363 		6.436
v -79.996 		-21.363 		6.436
v -76.994 		-21.293 		6.69
v -79.996 		-21.293 		6.69
v -76.994 		-21.235 		6.948
v -79.996 		-21.235 		6.948
v -76.994 		-21.19 		7.208
v -79.996 		-21.19 		7.208
v -76.994 		-21.157 		7.47
v -79.996 		-21.157 		7.47
v -76.994 		-21.138 		7.733
v -79.996 		-21.138 		7.733
v -76.994 		-21.131 		7.997
v -79.996 		-21.131 		7.997
v -76.994 		-21.138 		8.261
v -79.996 		-21.138 		8.261
v -76.994 		-21.157 		8.524
v -79.996 		-21.157 		8.524
v -76.994 		-21.19 		8.786
v -79.996 		-21.19 		8.786
v -76.994 		-21.235 		9.046
v -79.996 		-21.235 		9.046
v -76.994 		-21.293 		9.304
v -79.996 		-21.293 		9.304
v -76.994 		-21.363 		9.558
v -79.996 		-21.363 		9.558
v -76.994 		-21.446 		9.809
v -79.996 		-21.446 		9.809
v -76.994 		-21.541 		10.055
v -79.996 		-21.541 		10.055
v -76.994 		-21.648 		10.296
v -79.996 		-21.648 		10.296
v -76.994 		-21.766 		10.532
v -79.996 		-21.766 		10.532
v -76.994 		-21.896 		10.762
v -79.996 		-21.896 		10.762
v -76.994 		-22.038 		10.985
v -79.996 		-22.038 		10.985
v -76.994 		-22.19 		11.2
v -79.996 		-22.19 		11.2
v -76.994 		-22.352 		11.408
v -79.996 		-22.352 		11.408
v -76.994 		-22.524 		11.608
v -79.996 		-22.524 		11.608
v -76.994 		-22.706 		11.799
v -79.996 		-22.706 		11.799
v -76.994 		-22.897 		11.981
v -79.996 		-22.897 		11.981
v -76.994 		-23.097 		12.154
v -79.996 		-23.097 		12.154
v -76.994 		-29.711 		3.678
v -79.996 		-29.711 		3.678
v -76.994 		-29.496 		3.526
v -79.996 		-29.496 		3.526
v -76.994 		-29.273 		3.385
v -79.996 		-29.273 		3.385
v -76.994 		-29.043 		3.254
v -79.996 		-29.043 		3.254
v -76.994 		-28.807 		3.136
v -79.996 		-28.807 		3.136
v -76.994 		-28.566 		3.029
v -79.996 		-28.566 		3.029
v -76.994 		-28.32 		2.934
v -79.996 		-28.32 		2.934
v -76.994 		-28.069 		2.851
v -79.996 		-28.069 		2.851
v -76.994 		-27.815 		2.781
v -79.996 		-27.815 		2.781
v -76.994 		-27.557 		2.723
v -79.996 		-27.557 		2.723
v -76.994 		-27.297 		2.678
v -79.996 		-27.297 		2.678
v -76.994 		-27.035 		2.645
v -79.996 		-27.035 		2.645
v -76.994 		-26.772 		2.626
v -79.996 		-26.772 		2.626
v -76.994 		-26.508 		2.62
v -79.996 		-26.508 		2.62
v -76.994 		-26.245 		2.626
v -79.996 		-26.245 		2.626
v -76.994 		-25.981 		2.645
v -79.996 		-25.981 		2.645
v -76.994 		-25.719 		2.678
v -79.996 		-25.719 		2.678
v -76.994 		-25.459 		2.723
v -79.996 		-25.459 		2.723
v -76.994 		-25.202 		2.781
v -79.996 		-25.202 		2.781
v -76.994 		-24.948 		2.851
v -79.996 		-24.948 		2.851
v -76.994 		-24.697 		2.934
v -79.996 		-24.697 		2.934
v -76.994 		-24.451 		3.029
v -79.996 		-24.451 		3.029
v -76.994 		-24.209 		3.136
v -79.996 		-24.209 		3.136
v -76.994 		-23.974 		3.254
v -79.996 		-23.974 		3.254
v -76.994 		-23.744 		3.385
v -79.996 		-23.744 		3.385
v -76.994 		-23.521 		3.526
v -79.996 		-23.521 		3.526
v -76.994 		-23.305 		3.678
v -79.996 		-23.305 		3.678
v -76.994 		-23.097 		3.84
v -79.996 		-23.097 		3.84
v -76.994 		-22.897 		4.013
v -79.996 		-22.897 		4.013
v -76.994 		-22.706 		4.195
v -79.996 		-22.706 		4.195
v -76.994 		-22.524 		4.386
v -79.996 		-22.524 		4.386
v -76.994 		-22.352 		4.586
v -79.996 		-22.352 		4.586
v -76.994 		-41.601 		6.11
v -76.994 		-41.505 		5.985
v -76.994 		-41.403 		5.864
v -76.994 		-41.296 		5.749
v -76.994 		-41.183 		5.639
v -76.994 		-41.064 		5.535
v -76.994 		-42.084 		7.097
v -76.994 		-42.036 		6.947
v -76.994 		-41.981 		6.799
v -76.994 		-41.919 		6.654
v -76.994 		-41.849 		6.513
v -76.994 		-41.773 		6.375
v -76.994 		-41.69 		6.24
v -76.994 		-42.207 		8.19
v -76.994 		-42.21 		7.874
v -76.994 		-42.2 		7.717
v -76.994 		-42.183 		7.56
v -76.994 		-42.157 		7.404
v -76.994 		-42.125 		7.25
v -76.994 		-40.941 		5.436
v -76.994 		-40.813 		5.344
v -76.994 		-40.681 		5.258
v -76.994 		-40.544 		5.179
v -76.994 		-40.404 		5.106
v -76.994 		-40.261 		5.041
v -76.994 		-40.114 		4.982
v -76.994 		-39.965 		4.931
v -76.994 		-39.813 		4.888
v -76.994 		-39.66 		4.851
v -76.994 		-39.505 		4.823
v -76.994 		-39.348 		4.802
v -76.994 		-39.191 		4.788
v -76.994 		-38.876 		4.785
v -76.994 		-38.718 		4.795
v -76.994 		-38.561 		4.812
v -76.994 		-38.406 		4.838
v -76.994 		-38.251 		4.87
v -76.994 		-38.099 		4.911
v -76.994 		-37.949 		4.959
v -76.994 		-37.801 		5.014
v -76.994 		-37.656 		5.076
v -76.994 		-37.514 		5.146
v -76.994 		-37.376 		5.222
v -76.994 		-37.242 		5.305
v -76.994 		-37.112 		5.394
v -76.994 		-36.987 		5.49
v -76.994 		-36.866 		5.592
v -76.994 		-36.751 		5.699
v -76.994 		-36.641 		5.812
v -76.994 		-36.536 		5.931
v -76.994 		-36.438 		6.054
v -76.994 		-36.346 		6.182
v -76.994 		-36.26 		6.314
v -76.994 		-36.18 		6.451
v -76.994 		-36.108 		6.591
v -76.994 		-36.042 		6.735
v -76.994 		-35.984 		6.881
v -76.994 		-35.933 		7.03
v -76.994 		-35.889 		7.182
v -76.994 		-35.853 		7.336
v -76.994 		-35.824 		7.491
v -76.994 		-35.803 		7.647
v -76.994 		-35.79 		7.804
v -76.994 		-35.787 		8.12
v -76.994 		-42.013 		9.113
v -76.994 		-42.064 		8.964
v -76.994 		-42.107 		8.812
v -76.994 		-42.144 		8.658
v -76.994 		-42.172 		8.503
v -76.994 		-42.193 		8.347
v -76.994 		-41.356 		10.182
v -76.994 		-41.461 		10.063
v -76.994 		-41.559 		9.94
v -76.994 		-41.651 		9.812
v -76.994 		-41.737 		9.68
v -76.994 		-41.816 		9.543
v -76.994 		-41.889 		9.403
v -76.994 		-41.954 		9.259
v -76.994 		-41.01 		10.504
v -76.994 		-41.131 		10.402
v -76.994 		-41.246 		10.295
v -76.994 		-40.048 		11.035
v -76.994 		-40.196 		10.98
v -76.994 		-40.341 		10.918
v -76.994 		-40.482 		10.848
v -76.994 		-40.621 		10.772
v -76.994 		-40.755 		10.689
v -76.994 		-40.885 		10.6
v -76.994 		-39.435 		11.182
v -76.994 		-39.278 		11.199
v -76.994 		-39.591 		11.156
v -76.994 		-39.745 		11.124
v -76.994 		-39.898 		11.083
v -76.994 		-38.963 		11.211
v -76.994 		-39.121 		11.209
v -76.994 		-38.032 		11.063
v -76.994 		-38.183 		11.106
v -76.994 		-38.337 		11.143
v -76.994 		-38.492 		11.171
v -76.994 		-38.648 		11.192
v -76.994 		-38.806 		11.206
v -76.994 		-36.932 		10.459
v -76.994 		-37.056 		10.558
v -76.994 		-37.184 		10.65
v -76.994 		-37.316 		10.736
v -76.994 		-37.452 		10.815
v -76.994 		-37.593 		10.888
v -76.994 		-37.736 		10.953
v -76.994 		-37.883 		11.012
v -76.994 		-35.796 		8.277
v -76.994 		-35.814 		8.434
v -76.994 		-35.839 		8.59
v -76.994 		-35.872 		8.744
v -76.994 		-35.913 		8.897
v -76.994 		-35.96 		9.047
v -76.994 		-36.016 		9.195
v -76.994 		-36.078 		9.34
v -76.994 		-36.147 		9.481
v -76.994 		-36.224 		9.619
v -76.994 		-36.307 		9.754
v -76.994 		-36.396 		9.884
v -76.994 		-36.492 		10.009
v -76.994 		-36.593 		10.13
v -76.994 		-36.701 		10.245
v -76.994 		-36.814 		10.355
v -76.994 		-41.056 		12.965
v -79.996 		-41.056 		12.965
v -76.994 		-41.297 		12.858
v -79.996 		-41.297 		12.858
v -76.994 		-41.533 		12.74
v -79.996 		-41.533 		12.74
v -76.994 		-41.763 		12.609
v -79.996 		-41.763 		12.609
v -76.994 		-41.986 		12.468
v -79.996 		-41.986 		12.468
v -76.994 		-42.201 		12.316
v -79.996 		-42.201 		12.316
v -76.994 		-38.998 		13.375
v -79.996 		-38.998 		13.375
v -76.994 		-39.262 		13.368
v -79.996 		-39.262 		13.368
v -76.994 		-39.525 		13.349
v -79.996 		-39.525 		13.349
v -76.994 		-39.787 		13.316
v -79.996 		-39.787 		13.316
v -76.994 		-40.047 		13.271
v -79.996 		-40.047 		13.271
v -76.994 		-40.305 		13.213
v -79.996 		-40.305 		13.213
v -76.994 		-40.559 		13.143
v -79.996 		-40.559 		13.143
v -76.994 		-40.81 		13.06
v -79.996 		-40.81 		13.06
v -76.994 		-36.941 		12.965
v -79.996 		-36.941 		12.965
v -76.994 		-37.187 		13.06
v -79.996 		-37.187 		13.06
v -76.994 		-37.438 		13.143
v -79.996 		-37.438 		13.143
v -76.994 		-37.692 		13.213
v -79.996 		-37.692 		13.213
v -76.994 		-37.949 		13.271
v -79.996 		-37.949 		13.271
v -76.994 		-38.209 		13.316
v -79.996 		-38.209 		13.316
v -76.994 		-38.471 		13.349
v -79.996 		-38.471 		13.349
v -76.994 		-38.735 		13.368
v -79.996 		-38.735 		13.368
v -76.994 		-35.795 		12.316
v -79.996 		-35.795 		12.316
v -76.994 		-36.011 		12.468
v -79.996 		-36.011 		12.468
v -76.994 		-36.234 		12.609
v -79.996 		-36.234 		12.609
v -76.994 		-36.464 		12.74
v -79.996 		-36.464 		12.74
v -76.994 		-36.699 		12.858
v -79.996 		-36.699 		12.858
v -79.996 		-34.68 		4.794
v -79.996 		-34.528 		5.009
v -79.996 		-34.386 		5.232
v -79.996 		-34.256 		5.462
v -79.996 		-34.138 		5.698
v -79.996 		-34.031 		5.939
v -79.996 		-33.936 		6.185
v -79.996 		-33.853 		6.436
v -79.996 		-33.783 		6.69
v -79.996 		-33.725 		6.948
v -79.996 		-33.68 		7.208
v -79.996 		-33.647 		7.47
v -79.996 		-33.628 		7.733
v -79.996 		-33.628 		8.261
v -79.996 		-33.647 		8.524
v -79.996 		-33.68 		8.786
v -79.996 		-33.725 		9.046
v -79.996 		-33.783 		9.304
v -79.996 		-33.853 		9.558
v -79.996 		-21.131 		2.62
# 4242 vertices

g group_0_15277357

usemtl color_15277357
s 0

f 3 	1130 	4
f 5 	6 	7
f 5 	7 	8
f 6 	5 	10
f 9 	10 	5
f 11 	12 	10
f 11 	10 	9
f 13 	14 	12
f 13 	12 	11
f 15 	16 	14
f 15 	14 	13
f 17 	18 	16
f 17 	16 	15
f 19 	20 	18
f 19 	18 	17
f 21 	22 	20
f 21 	20 	19
f 23 	24 	22
f 23 	22 	21
f 24 	23 	25
f 24 	25 	26
f 26 	25 	27
f 26 	27 	28
f 31 	30 	32
f 31 	32 	33
f 34 	36 	1
f 35 	36 	34
f 34 	103 	3668
f 2 	39 	1
f 38 	1 	39
f 40 	3 	4
f 40 	4 	41
f 1 	38 	42
f 1 	42 	34
f 116 	3668 	103
f 103 	34 	42
f 45 	3209 	44
f 33 	32 	37
f 33 	37 	48
f 47 	68 	44
f 286 	41 	4
f 50 	51 	42
f 50 	42 	53
f 38 	53 	42
f 103 	42 	51
f 53 	38 	52
f 88 	52 	38
f 55 	59 	54
f 60 	58 	57
f 61 	57 	54
f 56 	58 	55
f 56 	57 	58
f 58 	59 	55
f 61 	54 	59
f 60 	57 	61
f 67 	69 	63
f 65 	68 	64
f 67 	63 	64
f 67 	64 	66
f 62 	69 	65
f 62 	63 	69
f 62 	55 	54
f 62 	54 	63
f 56 	65 	64
f 56 	64 	57
f 63 	54 	57
f 63 	57 	64
f 55 	62 	65
f 55 	65 	56
f 46 	45 	67
f 46 	67 	66
f 51 	50 	61
f 59 	51 	61
f 44 	69 	67
f 44 	67 	45
f 52 	58 	60
f 52 	60 	53
f 47 	46 	66
f 53 	60 	61
f 53 	61 	50
f 51 	59 	58
f 51 	58 	52
f 66 	64 	68
f 68 	65 	69
f 68 	47 	66
f 14 	16 	99
f 98 	99 	16
f 104 	98 	16
f 18 	104 	16
f 20 	104 	18
f 22 	104 	20
f 24 	104 	22
f 26 	104 	24
f 28 	104 	26
f 48 	4226 	33
f 48 	70 	4226
f 71 	4225 	70
f 72 	4224 	71
f 433 	4224 	72
f 48 	37 	73
f 48 	73 	70
f 40 	288 	3
f 68 	69 	44
f 4229 	4230 	80
f 39 	2 	280
f 81 	31 	4228
f 80 	81 	4229
f 31 	33 	4228
f 4227 	4228 	33
f 4228 	4229 	81
f 83 	49 	82
f 43 	82 	49
f 39 	279 	38
f 289 	40 	41
f 89 	90 	4239
f 284 	88 	38
f 4236 	4237 	92
f 289 	288 	40
f 121 	4236 	92
f 4232 	4233 	77
f 77 	78 	4232
f 97 	104 	96
f 94 	104 	93
f 95 	104 	94
f 99 	100 	14
f 96 	104 	95
f 102 	84 	6
f 4241 	7 	85
f 4240 	4241 	87
f 90 	91 	4237
f 91 	92 	4237
f 74 	75 	121
f 3869 	3871 	104
f 98 	104 	97
f 101 	102 	12
f 88 	103 	52
f 51 	52 	103
f 103 	88 	106
f 106 	88 	105
f 107 	108 	109
f 107 	109 	110
f 112 	309 	111
f 114 	107 	113
f 110 	113 	107
f 118 	117 	108
f 109 	108 	117
f 111 	119 	120
f 111 	120 	112
f 92 	74 	121
f 4231 	4232 	79
f 4230 	4231 	79
f 4237 	4238 	90
f 4235 	121 	75
f 4239 	4240 	87
f 86 	87 	4241
f 84 	85 	6
f 3204 	3205 	691
f 70 	73 	205
f 70 	205 	71
f 264 	207 	119
f 120 	119 	207
f 268 	116 	115
f 268 	115 	269
f 269 	272 	268
f 272 	274 	268
f 264 	114 	113
f 264 	113 	207
f 278 	1090 	277
f 118 	274 	272
f 118 	272 	117
f 281 	1090 	278
f 262 	277 	1090
f 283 	284 	280
f 279 	280 	284
f 285 	1090 	281
f 286 	287 	288
f 286 	288 	289
f 284 	38 	279
f 41 	286 	289
f 287 	286 	4
f 291 	1090 	285
f 284 	283 	88
f 119 	280 	2
f 39 	280 	279
f 295 	1090 	294
f 297 	1090 	295
f 291 	294 	1090
f 302 	635 	300
f 299 	1090 	297
f 304 	635 	302
f 299 	300 	1090
f 305 	635 	304
f 310 	111 	309
f 311 	313 	635
f 317 	318 	635
f 315 	316 	635
f 83 	122 	123
f 316 	317 	635
f 71 	205 	321
f 71 	321 	72
f 320 	635 	318
f 328 	75 	327
f 74 	327 	75
f 329 	635 	325
f 330 	635 	329
f 320 	324 	635
f 75 	328 	331
f 75 	331 	76
f 76 	331 	334
f 76 	334 	77
f 77 	334 	337
f 77 	337 	78
f 333 	635 	330
f 78 	337 	340
f 78 	340 	79
f 79 	340 	341
f 79 	341 	80
f 338 	635 	336
f 333 	336 	635
f 80 	341 	343
f 80 	343 	81
f 346 	635 	344
f 30 	31 	343
f 81 	343 	31
f 348 	635 	346
f 92 	360 	74
f 338 	344 	635
f 84 	387 	350
f 84 	350 	351
f 84 	351 	85
f 85 	351 	352
f 85 	352 	86
f 86 	352 	353
f 86 	353 	87
f 1521 	1518 	115
f 1516 	1514 	115
f 1518 	1516 	115
f 1510 	354 	115
f 354 	1507 	115
f 43 	115 	1507
f 87 	353 	355
f 87 	355 	89
f 89 	355 	356
f 89 	356 	90
f 90 	356 	358
f 90 	358 	91
f 359 	3981 	635
f 91 	358 	360
f 91 	360 	92
f 1464 	1462 	362
f 1461 	1460 	362
f 1458 	1456 	362
f 1456 	1503 	362
f 361 	115 	1503
f 361 	1499 	115
f 1549 	1547 	115
f 327 	74 	360
f 93 	363 	364
f 93 	364 	94
f 1297 	1296 	82
f 1264 	1261 	82
f 1261 	1297 	82
f 1296 	365 	82
f 365 	1319 	362
f 94 	364 	366
f 94 	366 	95
f 95 	366 	367
f 95 	367 	96
f 1418 	1417 	43
f 1389 	368 	43
f 82 	43 	368
f 82 	368 	1383
f 1383 	1377 	82
f 369 	106 	310
f 310 	106 	105
f 44 	108 	47
f 107 	47 	108
f 111 	280 	119
f 114 	264 	288
f 96 	367 	379
f 96 	379 	97
f 392 	390 	103
f 97 	379 	380
f 97 	380 	98
f 107 	46 	47
f 98 	380 	382
f 98 	382 	99
f 99 	382 	384
f 99 	384 	100
f 100 	384 	385
f 100 	385 	101
f 101 	385 	387
f 101 	387 	102
f 102 	387 	84
f 396 	394 	103
f 398 	396 	103
f 405 	626 	4094
f 4094 	4095 	405
f 4093 	4094 	626
f 399 	103 	406
f 429 	423 	103
f 408 	103 	435
f 407 	103 	408
f 412 	4105 	411
f 413 	4104 	412
f 414 	4103 	413
f 411 	4106 	410
f 415 	4102 	414
f 400 	4100 	416
f 416 	4101 	415
f 419 	418 	103
f 421 	420 	103
f 423 	421 	103
f 430 	429 	103
f 432 	431 	103
f 431 	430 	103
f 432 	103 	434
f 435 	103 	436
f 437 	436 	103
f 420 	419 	103
f 418 	439 	103
f 439 	438 	103
f 438 	437 	103
f 434 	103 	440
f 441 	440 	103
f 442 	441 	103
f 443 	442 	103
f 444 	443 	103
f 448 	106 	449
f 449 	106 	450
f 425 	426 	4155
f 4154 	4155 	426
f 426 	427 	4154
f 4153 	4154 	427
f 409 	4107 	428
f 428 	4153 	427
f 4155 	4156 	425
f 8 	422 	4158
f 455 	116 	456
f 19 	4166 	21
f 17 	4165 	19
f 15 	4164 	17
f 13 	4163 	15
f 11 	4162 	13
f 9 	4161 	11
f 8 	4159 	5
f 5 	4160 	9
f 457 	456 	116
f 458 	457 	116
f 459 	458 	116
f 460 	459 	116
f 73 	3383 	205
f 37 	3379 	73
f 32 	3377 	37
f 30 	3375 	32
f 343 	3372 	30
f 463 	461 	116
f 464 	463 	116
f 461 	460 	116
f 468 	116 	455
f 467 	116 	468
f 125 	83 	124
f 126 	83 	125
f 127 	83 	126
f 475 	473 	116
f 130 	83 	129
f 131 	83 	130
f 478 	476 	116
f 481 	116 	483
f 481 	480 	116
f 467 	487 	116
f 487 	485 	116
f 483 	116 	485
f 490 	489 	116
f 517 	116 	489
f 495 	493 	116
f 491 	116 	493
f 480 	478 	116
f 476 	475 	116
f 473 	496 	116
f 496 	495 	116
f 501 	499 	369
f 503 	501 	369
f 505 	369 	506
f 505 	503 	369
f 506 	369 	508
f 132 	83 	131
f 128 	83 	127
f 334 	331 	3410
f 3405 	3410 	331
f 331 	328 	3405
f 3400 	3405 	328
f 328 	327 	3400
f 471 	3400 	327
f 360 	471 	327
f 3410 	3416 	334
f 337 	334 	3416
f 3416 	3422 	337
f 340 	337 	3422
f 343 	341 	3369
f 355 	3691 	356
f 353 	3690 	355
f 352 	3689 	353
f 358 	356 	3692
f 351 	3688 	352
f 350 	3687 	351
f 387 	3700 	350
f 515 	116 	517
f 451 	106 	519
f 3695 	3696 	380
f 382 	380 	3696
f 3696 	3697 	382
f 379 	3695 	380
f 367 	3694 	379
f 519 	106 	520
f 521 	520 	106
f 522 	521 	106
f 524 	523 	106
f 523 	522 	106
f 526 	525 	106
f 525 	524 	106
f 531 	530 	106
f 106 	529 	528
f 106 	528 	527
f 527 	526 	106
f 529 	106 	530
f 531 	106 	532
f 533 	532 	106
f 534 	533 	106
f 535 	534 	106
f 536 	535 	106
f 537 	536 	106
f 538 	537 	106
f 539 	538 	106
f 540 	539 	106
f 106 	541 	540
f 544 	277 	262
f 544 	262 	542
f 541 	106 	543
f 546 	278 	277
f 546 	277 	544
f 545 	543 	106
f 548 	281 	278
f 548 	278 	546
f 550 	285 	281
f 550 	281 	548
f 106 	369 	547
f 549 	547 	369
f 552 	291 	285
f 552 	285 	550
f 552 	294 	291
f 551 	549 	369
f 555 	294 	552
f 557 	295 	294
f 557 	294 	555
f 559 	297 	295
f 559 	295 	557
f 561 	299 	297
f 561 	297 	559
f 558 	556 	369
f 560 	558 	369
f 562 	560 	369
f 564 	300 	299
f 564 	299 	561
f 563 	562 	369
f 565 	302 	300
f 565 	300 	564
f 567 	304 	302
f 567 	302 	565
f 304 	567 	569
f 304 	569 	305
f 308 	305 	569
f 566 	369 	568
f 572 	308 	569
f 571 	369 	573
f 575 	311 	308
f 575 	308 	572
f 577 	313 	311
f 577 	311 	575
f 578 	315 	313
f 578 	313 	577
f 579 	316 	315
f 579 	315 	578
f 574 	369 	576
f 576 	369 	499
f 580 	317 	316
f 580 	316 	579
f 583 	318 	317
f 583 	317 	580
f 586 	320 	318
f 586 	318 	583
f 589 	320 	586
f 133 	83 	132
f 134 	83 	133
f 584 	369 	587
f 135 	83 	134
f 587 	369 	591
f 136 	83 	135
f 592 	369 	594
f 137 	83 	136
f 595 	369 	597
f 122 	83 	137
f 574 	573 	369
f 570 	369 	571
f 568 	369 	570
f 599 	369 	566
f 597 	369 	599
f 140 	124 	83
f 138 	140 	83
f 595 	594 	369
f 592 	591 	369
f 563 	369 	581
f 584 	581 	369
f 145 	309 	143
f 147 	309 	145
f 149 	309 	147
f 151 	309 	149
f 156 	157 	309
f 153 	309 	151
f 157 	158 	309
f 320 	589 	324
f 612 	325 	324
f 612 	324 	589
f 613 	329 	325
f 613 	325 	612
f 615 	330 	329
f 615 	329 	613
f 617 	333 	330
f 617 	330 	615
f 618 	336 	333
f 618 	333 	617
f 3708 	3230 	3229
f 620 	338 	336
f 620 	336 	618
f 3230 	3708 	3709
f 338 	620 	344
f 623 	344 	620
f 624 	346 	344
f 624 	344 	623
f 626 	348 	346
f 626 	346 	624
f 3686 	3223 	3222
f 3703 	3226 	3225
f 3226 	3703 	3227
f 627 	357 	632
f 628 	359 	357
f 628 	357 	627
f 321 	629 	433
f 321 	433 	72
f 158 	139 	309
f 433 	629 	630
f 433 	630 	631
f 83 	309 	139
f 631 	630 	632
f 631 	632 	633
f 632 	357 	633
f 164 	309 	162
f 166 	309 	164
f 548 	4067 	550
f 542 	4064 	544
f 2344 	4063 	542
f 167 	309 	166
f 169 	309 	167
f 170 	309 	169
f 172 	309 	170
f 174 	309 	172
f 564 	4074 	565
f 561 	4073 	564
f 559 	557 	4071
f 4070 	4071 	557
f 555 	4070 	557
f 552 	4069 	555
f 176 	309 	174
f 143 	309 	176
f 4080 	4081 	579
f 4079 	4080 	578
f 578 	577 	4079
f 577 	575 	4078
f 4077 	4078 	575
f 569 	4076 	572
f 572 	4077 	575
f 179 	83 	177
f 181 	83 	179
f 183 	83 	181
f 550 	4068 	552
f 565 	4075 	567
f 567 	634 	569
f 580 	579 	4081
f 4089 	4090 	618
f 184 	83 	183
f 185 	83 	184
f 177 	83 	123
f 186 	83 	185
f 617 	615 	4088
f 615 	613 	4087
f 4086 	4087 	613
f 4085 	4086 	612
f 589 	4085 	612
f 635 	4224 	633
f 631 	4224 	433
f 357 	359 	635
f 4088 	4089 	617
f 586 	4084 	589
f 618 	617 	4089
f 4090 	4091 	620
f 620 	618 	4090
f 633 	357 	635
f 3383 	3353 	205
f 308 	311 	635
f 305 	308 	635
f 313 	315 	635
f 324 	325 	635
f 1090 	300 	635
f 3350 	2435 	635
f 637 	1173 	636
f 638 	1173 	637
f 639 	1173 	638
f 640 	1173 	639
f 642 	1173 	640
f 645 	853 	644
f 650 	1173 	649
f 651 	1173 	650
f 636 	1173 	651
f 649 	1173 	648
f 657 	853 	655
f 660 	853 	659
f 664 	853 	662
f 644 	853 	665
f 671 	853 	670
f 654 	853 	673
f 667 	670 	853
f 671 	673 	853
f 654 	655 	853
f 657 	659 	853
f 662 	853 	660
f 187 	83 	186
f 188 	83 	187
f 664 	665 	853
f 646 	853 	645
f 647 	853 	646
f 648 	1173 	647
f 189 	83 	188
f 191 	83 	190
f 189 	190 	83
f 192 	83 	191
f 683 	1090 	682
f 682 	1090 	680
f 793 	770 	686
f 788 	790 	692
f 688 	690 	792
f 196 	49 	195
f 693 	696 	787
f 197 	49 	196
f 783 	785 	698
f 696 	698 	787
f 805 	807 	711
f 785 	787 	698
f 202 	49 	201
f 803 	805 	714
f 3189 	3188 	709
f 3349 	709 	3161
f 3161 	704 	3349
f 3160 	1198 	704
f 3159 	1198 	3160
f 919 	706 	677
f 206 	49 	204
f 203 	204 	49
f 202 	203 	49
f 200 	201 	49
f 668 	2382 	641
f 208 	49 	206
f 712 	706 	919
f 674 	2383 	668
f 3165 	3164 	718
f 3186 	709 	715
f 3185 	709 	3186
f 209 	49 	208
f 720 	721 	797
f 721 	724 	851
f 210 	49 	209
f 724 	725 	851
f 719 	720 	799
f 2456 	722 	718
f 722 	3062 	718
f 211 	49 	210
f 848 	849 	725
f 723 	3095 	2456
f 3095 	3093 	2456
f 212 	49 	211
f 728 	731 	847
f 213 	49 	212
f 846 	847 	731
f 730 	726 	727
f 730 	727 	729
f 725 	728 	848
f 49 	214 	215
f 677 	2384 	674
f 717 	2376 	712
f 2462 	734 	732
f 216 	49 	215
f 735 	734 	2462
f 219 	49 	218
f 213 	214 	49
f 737 	735 	2462
f 221 	49 	219
f 223 	49 	221
f 225 	49 	223
f 227 	49 	225
f 49 	216 	217
f 740 	729 	741
f 229 	49 	227
f 217 	218 	49
f 742 	741 	729
f 229 	282 	49
f 828 	2462 	830
f 828 	826 	2462
f 745 	744 	2462
f 2434 	2462 	1902
f 1902 	2462 	747
f 235 	309 	234
f 748 	746 	2462
f 243 	309 	241
f 245 	309 	243
f 750 	749 	2462
f 248 	309 	247
f 750 	2462 	751
f 249 	251 	309
f 753 	752 	2462
f 752 	751 	2462
f 239 	241 	309
f 744 	743 	2462
f 743 	754 	2462
f 754 	753 	2462
f 162 	309 	251
f 248 	249 	309
f 245 	247 	309
f 759 	853 	757
f 853 	846 	731
f 261 	112 	259
f 762 	853 	760
f 756 	853 	733
f 263 	112 	261
f 266 	112 	265
f 267 	112 	266
f 270 	112 	267
f 271 	112 	270
f 273 	112 	271
f 257 	259 	112
f 112 	263 	265
f 275 	276 	112
f 773 	683 	772
f 773 	775 	683
f 775 	776 	683
f 112 	49 	290
f 1090 	683 	776
f 292 	112 	290
f 778 	1090 	776
f 306 	112 	303
f 307 	112 	306
f 690 	692 	790
f 790 	792 	690
f 314 	112 	312
f 307 	312 	112
f 712 	2375 	706
f 685 	686 	770
f 770 	772 	685
f 686 	688 	793
f 322 	112 	319
f 332 	112 	326
f 2297 	2296 	1065
f 335 	112 	332
f 339 	112 	335
f 711 	714 	805
f 809 	811 	708
f 342 	112 	339
f 345 	112 	342
f 319 	112 	314
f 705 	708 	811
f 347 	349 	112
f 811 	782 	702
f 323 	112 	322
f 782 	783 	702
f 255 	112 	349
f 345 	347 	112
f 323 	326 	112
f 257 	112 	255
f 817 	815 	1902
f 820 	817 	1902
f 293 	112 	292
f 296 	112 	293
f 298 	112 	296
f 301 	112 	298
f 301 	303 	112
f 282 	290 	49
f 1179 	49 	112
f 821 	818 	947
f 2380 	2379 	825
f 2462 	822 	745
f 825 	821 	947
f 309 	112 	276
f 232 	309 	276
f 232 	234 	309
f 309 	235 	237
f 239 	309 	237
f 273 	275 	112
f 822 	2462 	824
f 2381 	2380 	831
f 826 	824 	2462
f 831 	825 	952
f 153 	156 	309
f 139 	138 	83
f 128 	129 	83
f 834 	832 	2462
f 830 	2462 	832
f 836 	834 	2462
f 193 	83 	192
f 194 	49 	193
f 195 	49 	194
f 198 	49 	197
f 199 	200 	49
f 198 	199 	49
f 83 	193 	49
f 107 	114 	287
f 288 	287 	114
f 107 	287 	4
f 845 	853 	843
f 840 	853 	813
f 842 	853 	840
f 847 	848 	728
f 843 	853 	842
f 697 	280 	694
f 851 	797 	721
f 703 	280 	701
f 797 	799 	720
f 800 	803 	716
f 708 	711 	807
f 807 	809 	708
f 702 	705 	811
f 707 	280 	703
f 713 	283 	710
f 4178 	4180 	853
f 846 	853 	845
f 849 	851 	725
f 774 	283 	755
f 856 	855 	2462
f 2462 	854 	838
f 838 	836 	2462
f 761 	283 	758
f 763 	283 	761
f 764 	283 	763
f 765 	283 	764
f 854 	2462 	855
f 766 	283 	765
f 856 	2462 	857
f 767 	88 	766
f 758 	283 	781
f 768 	88 	767
f 858 	857 	2462
f 859 	858 	2462
f 769 	88 	768
f 860 	859 	2462
f 860 	2462 	732
f 861 	742 	729
f 861 	729 	862
f 906 	862 	729
f 865 	864 	1902
f 863 	1902 	864
f 866 	865 	1902
f 784 	88 	771
f 771 	88 	769
f 867 	866 	1902
f 779 	283 	777
f 815 	870 	1902
f 870 	869 	1902
f 780 	283 	779
f 777 	283 	774
f 781 	283 	780
f 871 	1902 	872
f 786 	88 	784
f 789 	88 	786
f 875 	1902 	876
f 876 	1902 	863
f 791 	88 	789
f 831 	641 	2381
f 794 	88 	791
f 795 	88 	794
f 952 	641 	831
f 878 	877 	1902
f 818 	821 	2378
f 2382 	2381 	641
f 706 	2385 	677
f 878 	1902 	879
f 806 	105 	804
f 804 	105 	801
f 881 	1902 	883
f 880 	1902 	881
f 810 	105 	806
f 885 	884 	1902
f 884 	883 	1902
f 819 	280 	814
f 886 	2401 	882
f 875 	874 	1902
f 874 	873 	1902
f 873 	872 	1902
f 1902 	871 	887
f 887 	885 	1902
f 694 	280 	819
f 827 	111 	823
f 829 	111 	827
f 852 	823 	111
f 892 	890 	727
f 890 	889 	727
f 2390 	2389 	898
f 833 	111 	829
f 895 	891 	970
f 894 	893 	727
f 893 	892 	727
f 837 	111 	835
f 839 	111 	837
f 841 	111 	839
f 835 	111 	833
f 898 	895 	970
f 2391 	2390 	902
f 816 	280 	844
f 902 	898 	976
f 852 	111 	850
f 898 	902 	2390
f 902 	802 	2391
f 921 	925 	111
f 934 	850 	111
f 877 	904 	1902
f 903 	1902 	904
f 976 	802 	902
f 911 	909 	729
f 2392 	2391 	802
f 641 	952 	908
f 641 	908 	910
f 641 	910 	668
f 907 	906 	729
f 909 	907 	729
f 913 	674 	910
f 668 	910 	674
f 674 	913 	916
f 674 	916 	677
f 912 	911 	729
f 914 	912 	729
f 914 	729 	917
f 677 	916 	919
f 923 	712 	919
f 712 	923 	717
f 926 	717 	923
f 922 	917 	729
f 930 	736 	717
f 930 	717 	926
f 924 	922 	729
f 927 	924 	729
f 929 	927 	729
f 932 	929 	729
f 802 	976 	936
f 933 	932 	729
f 802 	936 	938
f 802 	938 	808
f 935 	933 	729
f 937 	935 	729
f 941 	812 	938
f 808 	938 	812
f 939 	937 	729
f 812 	941 	945
f 812 	945 	818
f 818 	945 	947
f 943 	939 	729
f 947 	949 	825
f 950 	943 	729
f 825 	949 	952
f 953 	950 	729
f 954 	953 	729
f 957 	960 	882
f 886 	882 	960
f 956 	954 	729
f 958 	956 	729
f 886 	960 	888
f 963 	888 	960
f 961 	958 	729
f 964 	961 	729
f 966 	964 	729
f 967 	891 	888
f 967 	888 	963
f 891 	967 	970
f 974 	898 	970
f 971 	968 	727
f 898 	974 	976
f 973 	971 	727
f 787 	788 	693
f 692 	693 	788
f 792 	793 	688
f 700 	702 	783
f 700 	783 	698
f 714 	716 	803
f 716 	719 	800
f 799 	800 	719
f 731 	733 	853
f 756 	757 	853
f 759 	760 	853
f 667 	853 	762
f 979 	727 	980
f 980 	727 	984
f 991 	1172 	988
f 993 	1172 	991
f 986 	988 	1172
f 989 	727 	990
f 996 	1172 	993
f 998 	1172 	996
f 995 	992 	727
f 999 	1172 	998
f 975 	973 	727
f 1007 	1172 	1005
f 1000 	975 	727
f 1002 	727 	1003
f 1012 	1172 	1009
f 999 	1005 	1172
f 1006 	727 	1010
f 1003 	727 	1006
f 1015 	1172 	1012
f 1007 	1009 	1172
f 1016 	1172 	1015
f 992 	990 	727
f 989 	987 	727
f 987 	984 	727
f 1013 	727 	979
f 1010 	727 	1013
f 635 	1172 	1018
f 1020 	995 	727
f 1022 	1020 	727
f 1023 	1022 	727
f 1026 	1023 	727
f 1027 	1026 	727
f 1030 	1027 	727
f 1040 	1090 	1038
f 1032 	727 	1034
f 1034 	727 	889
f 635 	1029 	1090
f 1042 	1090 	1040
f 1037 	1038 	1090
f 1046 	1090 	1044
f 1047 	1090 	1046
f 1042 	1044 	1090
f 1049 	1090 	1047
f 1050 	1052 	1090
f 1049 	1050 	1090
f 1057 	1090 	1055
f 1058 	1090 	1057
f 1052 	1055 	1090
f 678 	680 	1090
f 736 	930 	1062
f 1086 	1062 	930
f 1065 	1068 	2297
f 1065 	1062 	1086
f 2298 	2297 	1068
f 1068 	1071 	2298
f 2299 	2298 	1071
f 1110 	1074 	1071
f 1074 	2299 	1071
f 1076 	1074 	1110
f 1076 	2300 	1074
f 2302 	2301 	1078
f 920 	111 	918
f 921 	111 	920
f 736 	2270 	717
f 2303 	2302 	1079
f 928 	111 	925
f 1078 	1115 	1079
f 931 	111 	928
f 111 	905 	915
f 1080 	1079 	1118
f 934 	111 	931
f 1181 	1081 	1080
f 1081 	2304 	1080
f 1082 	1081 	1181
f 1080 	2303 	1079
f 1082 	2305 	1081
f 1083 	1082 	1183
f 1084 	1083 	1183
f 2312 	2311 	1190
f 944 	111 	942
f 685 	772 	683
f 946 	111 	944
f 1058 	678 	1090
f 948 	951 	111
f 1089 	262 	1090
f 905 	111 	951
f 946 	948 	111
f 1088 	1089 	1090
f 1093 	1088 	1090
f 1092 	1090 	1091
f 1091 	1090 	778
f 1093 	1090 	1092
f 1024 	635 	1021
f 1018 	1021 	635
f 1029 	635 	1024
f 1035 	1090 	1031
f 1037 	1090 	1035
f 1031 	1090 	1029
f 1016 	1018 	1172
f 1095 	1172 	1094
f 986 	1172 	1095
f 1104 	1094 	1172
f 1097 	1172 	1096
f 1098 	1172 	1097
f 1099 	1172 	1098
f 1100 	1172 	1099
f 1101 	1102 	1172
f 1103 	1172 	1102
f 1087 	1065 	1086
f 1065 	1087 	1068
f 1106 	1068 	1087
f 1108 	1071 	1068
f 1108 	1068 	1106
f 1071 	1108 	1110
f 1113 	1076 	1110
f 1076 	1113 	1078
f 1115 	1078 	1113
f 1118 	1079 	1115
f 1120 	1080 	1118
f 3384 	3385 	3550
f 3276 	3764 	3766
f 554 	553 	369
f 553 	551 	369
f 547 	545 	106
f 491 	490 	116
f 515 	514 	116
f 116 	514 	512
f 116 	512 	510
f 116 	510 	509
f 509 	508 	116
f 116 	508 	369
f 962 	310 	959
f 399 	398 	103
f 407 	406 	103
f 454 	452 	103
f 394 	392 	103
f 390 	454 	103
f 116 	103 	452
f 116 	452 	453
f 453 	464 	116
f 965 	310 	962
f 969 	310 	965
f 972 	310 	969
f 554 	369 	556
f 451 	450 	106
f 447 	106 	448
f 447 	446 	106
f 446 	445 	106
f 103 	106 	445
f 445 	444 	103
f 977 	111 	972
f 955 	959 	310
f 1129 	36 	1128
f 35 	1128 	36
f 982 	111 	981
f 983 	985 	111
f 994 	105 	810
f 1001 	105 	997
f 1004 	105 	1001
f 1008 	105 	1004
f 997 	105 	994
f 1011 	105 	1008
f 1132 	1652 	1131
f 1133 	1652 	1132
f 1017 	1019 	105
f 1014 	1017 	105
f 1011 	1014 	105
f 1104 	1172 	1103
f 1100 	1101 	1172
f 1025 	105 	1019
f 1028 	105 	1025
f 1136 	1172 	1135
f 1036 	105 	1033
f 1140 	1172 	1139
f 1138 	1172 	1137
f 1039 	105 	1036
f 1141 	1172 	1140
f 1041 	105 	1039
f 1096 	1172 	1141
f 1043 	105 	1041
f 1028 	1033 	105
f 1045 	105 	1043
f 1048 	105 	1045
f 1051 	105 	1048
f 1053 	105 	1051
f 1054 	105 	1053
f 1143 	1173 	1142
f 1056 	105 	1054
f 1146 	1147 	1173
f 1059 	1060 	105
f 1147 	1148 	1173
f 1060 	1061 	105
f 1149 	1134 	1173
f 1172 	1173 	1134
f 1061 	1063 	105
f 310 	105 	1063
f 1154 	1173 	1153
f 1151 	1173 	1150
f 1152 	1173 	1151
f 1156 	1173 	1155
f 1153 	1173 	1152
f 1158 	1173 	1157
f 1173 	1158 	1159
f 1173 	1159 	1142
f 1144 	1145 	1173
f 1145 	1146 	1173
f 1148 	1149 	1173
f 1160 	1652 	1133
f 1073 	310 	1072
f 1075 	310 	1073
f 1161 	1652 	1160
f 1163 	1652 	1162
f 1165 	1652 	1164
f 1167 	1652 	1166
f 1165 	1166 	1652
f 3263 	3744 	3745
f 1168 	1652 	1167
f 1169 	1172 	1168
f 1171 	1172 	1170
f 642 	643 	1173
f 1173 	643 	1150
f 1155 	1173 	1154
f 1157 	1173 	1156
f 853 	647 	1173
f 1143 	1144 	1173
f 1134 	1135 	1172
f 1136 	1137 	1172
f 1138 	1139 	1172
f 3755 	3269 	3268
f 3756 	3269 	3755
f 1176 	1177 	1178
f 1174 	1179 	1180
f 104 	1177 	1176
f 1179 	1187 	1180
f 853 	1189 	104
f 1077 	310 	1075
f 1072 	310 	1070
f 1080 	1120 	1181
f 1117 	310 	1077
f 1182 	1082 	1181
f 1107 	310 	1105
f 1183 	1082 	1182
f 1111 	310 	1109
f 1184 	1084 	1183
f 1112 	310 	1111
f 1185 	1085 	1084
f 1185 	1084 	1184
f 1114 	310 	1112
f 1109 	310 	1107
f 1185 	1215 	1085
f 1186 	1085 	1215
f 1173 	1189 	853
f 1116 	310 	1114
f 310 	1116 	955
f 1190 	1191 	2312
f 1175 	1180 	1187
f 1121 	310 	1119
f 1177 	104 	1189
f 2313 	2312 	1191
f 1122 	310 	1121
f 2314 	2313 	1192
f 1192 	1193 	2314
f 1191 	1192 	2313
f 2315 	2314 	1193
f 1127 	310 	1126
f 1193 	1222 	1194
f 1125 	1126 	310
f 1105 	310 	1127
f 1194 	2315 	1193
f 1194 	1222 	1197
f 1225 	1197 	1222
f 1119 	310 	1117
f 1125 	310 	1124
f 1123 	1124 	310
f 1123 	310 	1122
f 1198 	1199 	1196
f 1174 	1196 	1199
f 1197 	2316 	1194
f 1200 	1197 	1225
f 1056 	1059 	105
f 1064 	310 	1063
f 310 	1064 	1066
f 1067 	310 	1066
f 1069 	310 	1067
f 1069 	1070 	310
f 2323 	2321 	1204
f 1202 	1172 	1171
f 1203 	1172 	1202
f 1170 	1172 	1169
f 1205 	1172 	1203
f 1206 	1172 	1205
f 978 	111 	977
f 981 	111 	978
f 982 	983 	111
f 985 	940 	111
f 940 	942 	111
f 915 	918 	111
f 310 	972 	111
f 1232 	1207 	1204
f 1208 	1172 	1206
f 1211 	1212 	1172
f 1210 	1211 	1172
f 1212 	1239 	1172
f 1240 	1242 	1172
f 844 	280 	841
f 814 	280 	816
f 699 	280 	697
f 699 	701 	280
f 710 	283 	707
f 755 	283 	713
f 111 	841 	280
f 810 	450 	451
f 1209 	1207 	1232
f 1207 	1209 	2325
f 1241 	1244 	2333
f 796 	105 	795
f 798 	105 	796
f 283 	766 	88
f 801 	105 	798
f 88 	795 	105
f 280 	707 	283
f 2330 	2326 	1213
f 2026 	2338 	1246
f 1186 	1215 	1188
f 1216 	1188 	1215
f 1217 	1190 	1188
f 1217 	1188 	1216
f 115 	116 	362
f 1190 	1217 	1191
f 1218 	1191 	1217
f 120 	3348 	112
f 1219 	1192 	1191
f 1219 	1191 	1218
f 1192 	1219 	1193
f 1220 	1193 	1219
f 1222 	1193 	1220
f 1221 	1631 	1223
f 1226 	1200 	1225
f 1223 	1631 	1224
f 1200 	1226 	1201
f 1227 	1201 	1226
f 1179 	112 	3348
f 1230 	1204 	1201
f 1230 	1201 	1227
f 1204 	1230 	1232
f 1234 	1209 	1232
f 29 	115 	43
f 1209 	1234 	1213
f 1237 	1213 	1234
f 1213 	1237 	1330
f 1239 	1240 	1172
f 1330 	1241 	1213
f 1242 	1243 	1172
f 1173 	1172 	1243
f 1244 	1241 	1330
f 2029 	2028 	1262
f 269 	115 	29
f 1247 	1652 	1245
f 1256 	1259 	2027
f 1268 	1274 	2030
f 1248 	1652 	1247
f 362 	369 	310
f 362 	310 	309
f 362 	116 	369
f 1250 	1652 	1249
f 83 	82 	362
f 83 	362 	309
f 1252 	1652 	1251
f 1254 	1652 	1252
f 1274 	1279 	2031
f 2032 	2031 	1279
f 1291 	1295 	2034
f 1295 	1299 	2035
f 1292 	82 	1253
f 1131 	1652 	1254
f 1246 	1337 	1256
f 1343 	1256 	1337
f 1258 	3209 	1257
f 1259 	1256 	1343
f 1375 	1373 	82
f 1253 	82 	1255
f 1349 	1255 	82
f 1236 	1872 	1238
f 1238 	1871 	1260
f 1871 	1870 	1260
f 1266 	1264 	82
f 1869 	1868 	1265
f 1265 	1263 	1869
f 1355 	1274 	1268
f 1270 	1266 	82
f 1285 	1291 	2033
f 1221 	1273 	1631
f 1864 	1863 	1269
f 1272 	1270 	82
f 1279 	1274 	1355
f 1275 	1272 	82
f 1224 	1631 	1277
f 1276 	1275 	82
f 1277 	1631 	1280
f 1281 	1278 	82
f 1278 	1276 	82
f 1283 	1281 	82
f 1279 	1285 	2032
f 1282 	1280 	1631
f 1286 	1283 	82
f 1287 	1284 	1631
f 1284 	1282 	1631
f 1289 	1288 	82
f 1288 	1286 	82
f 82 	1292 	1289
f 1290 	1287 	1631
f 362 	82 	365
f 2033 	2032 	1285
f 1294 	1293 	1631
f 1293 	1290 	1631
f 2034 	2033 	1291
f 1378 	1305 	1299
f 2035 	2034 	1295
f 1301 	362 	1304
f 1310 	1305 	1378
f 2036 	2035 	1299
f 2038 	2037 	1310
f 1307 	1304 	362
f 1311 	3209 	1308
f 1309 	1307 	362
f 1315 	1652 	1313
f 1316 	1310 	1385
f 1312 	1309 	362
f 1311 	1313 	3209
f 1245 	1652 	1315
f 1305 	2036 	1299
f 1316 	1321 	2039
f 1314 	1312 	362
f 1321 	1316 	1385
f 1318 	1317 	362
f 1319 	1318 	362
f 1322 	3209 	1320
f 2040 	2039 	1321
f 1323 	3209 	1322
f 1325 	1327 	3209
f 1257 	3209 	1327
f 1303 	3209 	1258
f 1306 	3209 	1303
f 1306 	1308 	3209
f 1326 	1324 	362
f 1328 	1326 	362
f 1334 	1244 	1330
f 1335 	3209 	1332
f 1329 	1328 	362
f 1337 	1246 	1244
f 1337 	1244 	1334
f 1338 	3209 	1335
f 1333 	1331 	362
f 1331 	1329 	362
f 1340 	3209 	1338
f 1336 	362 	1339
f 1333 	362 	1336
f 1342 	3209 	1340
f 1344 	3209 	1342
f 1345 	1259 	1343
f 1346 	3209 	1344
f 1317 	1314 	362
f 1301 	1341 	362
f 1339 	362 	1341
f 1347 	3209 	1346
f 1259 	1345 	1262
f 1348 	1262 	1345
f 1350 	3209 	1347
f 1351 	1268 	1262
f 1351 	1262 	1348
f 1320 	3209 	1350
f 1268 	1351 	1355
f 1359 	1279 	1355
f 1352 	1349 	82
f 1279 	1359 	1285
f 1362 	1285 	1359
f 1353 	1352 	82
f 1369 	1285 	1362
f 1361 	1357 	82
f 1357 	1353 	82
f 1367 	1368 	3209
f 1364 	1361 	82
f 1369 	1291 	1285
f 1366 	1364 	82
f 1332 	3209 	1368
f 1367 	3209 	1365
f 1291 	1369 	1295
f 1372 	1295 	1369
f 1371 	1370 	82
f 1370 	1366 	82
f 1374 	1299 	1295
f 1374 	1295 	1372
f 1373 	1371 	82
f 1299 	1374 	1378
f 1379 	1173 	1376
f 1380 	1310 	1378
f 1377 	1375 	82
f 1385 	1310 	1380
f 1386 	1173 	1384
f 1387 	1321 	1385
f 1388 	1173 	1386
f 1382 	1384 	1173
f 1950 	1321 	1387
f 43 	1391 	1389
f 1390 	1173 	1388
f 1391 	43 	1392
f 1392 	43 	1394
f 1400 	1173 	1397
f 1398 	2395 	1393
f 1402 	1173 	1400
f 1390 	1395 	1173
f 1399 	1396 	43
f 1396 	1394 	43
f 1405 	1173 	1402
f 1407 	1173 	1405
f 1404 	2396 	1398
f 1408 	1173 	1407
f 1401 	1399 	43
f 1411 	1173 	1408
f 1406 	1403 	43
f 1403 	1401 	43
f 1413 	1173 	1411
f 1410 	2397 	1404
f 1414 	1173 	1413
f 1409 	1406 	43
f 1294 	1631 	1298
f 1298 	1631 	1300
f 1412 	43 	1415
f 1416 	1302 	1631
f 1302 	1300 	1631
f 1415 	43 	1417
f 1419 	1416 	1631
f 1421 	1419 	1631
f 1421 	1631 	1422
f 1451 	1450 	43
f 1447 	1446 	43
f 1443 	1441 	43
f 1439 	1437 	43
f 1435 	1433 	43
f 1431 	1429 	43
f 1420 	43 	1424
f 1418 	43 	1420
f 1412 	1409 	43
f 1425 	1631 	1427
f 1424 	43 	1426
f 1426 	43 	1429
f 1432 	1196 	1434
f 1431 	43 	1433
f 1435 	43 	1437
f 1440 	1438 	1196
f 1436 	1196 	1438
f 1444 	1442 	1196
f 1442 	1440 	1196
f 1445 	1444 	1196
f 1439 	43 	1441
f 1445 	1196 	1448
f 1443 	43 	1446
f 1447 	43 	1450
f 1452 	1449 	1196
f 1449 	1448 	1196
f 1454 	1453 	1196
f 1453 	1452 	1196
f 966 	3006 	964
f 1455 	1454 	1196
f 1458 	362 	1460
f 1469 	1467 	1196
f 1457 	1196 	1459
f 1461 	362 	1462
f 3577 	3430 	3431
f 1466 	1464 	362
f 1467 	1465 	1196
f 1463 	1196 	1465
f 1468 	1466 	362
f 1470 	1468 	362
f 1472 	1470 	362
f 1471 	1469 	1196
f 1477 	1173 	1414
f 1474 	1472 	362
f 1476 	1474 	362
f 1476 	362 	1324
f 1478 	1173 	1477
f 1480 	1173 	1478
f 1482 	1173 	1480
f 1483 	1173 	1482
f 1485 	1173 	1483
f 1487 	1489 	1173
f 1479 	115 	1481
f 1484 	1481 	115
f 1486 	115 	1488
f 1494 	1173 	1493
f 1489 	1493 	1173
f 1490 	1488 	115
f 1496 	1130 	1494
f 1492 	1491 	115
f 1498 	1130 	1496
f 1497 	1495 	115
f 1499 	1497 	115
f 1501 	1130 	1500
f 3414 	3370 	3371
f 362 	1503 	115
f 3414 	3371 	3373
f 43 	1505 	1451
f 1507 	1505 	43
f 3774 	3284 	3283
f 1513 	1130 	1512
f 1515 	1130 	1513
f 1511 	1510 	115
f 1517 	1130 	1515
f 1514 	1511 	115
f 1520 	1410 	1657
f 1519 	1130 	1517
f 2400 	2399 	1525
f 1521 	115 	1522
f 1525 	1520 	1657
f 1525 	1657 	1659
f 1525 	882 	2400
f 1526 	46 	1523
f 1527 	1524 	115
f 1524 	1522 	115
f 1659 	957 	1525
f 1530 	3209 	1529
f 1520 	1525 	2399
f 2401 	2400 	882
f 1532 	3209 	1530
f 1527 	115 	1531
f 1533 	1531 	115
f 1473 	1196 	1475
f 1471 	1196 	1473
f 1535 	1533 	115
f 1538 	1537 	115
f 1537 	1535 	115
f 1539 	1196 	1541
f 1540 	1538 	115
f 1544 	1542 	1196
f 1542 	1541 	1196
f 1546 	1544 	1196
f 1545 	1543 	115
f 1543 	1540 	115
f 1547 	1545 	115
f 1495 	1492 	115
f 1491 	1490 	115
f 1486 	1484 	115
f 1479 	1551 	115
f 1549 	115 	1551
f 1553 	1552 	1180
f 1555 	1554 	1180
f 1556 	1555 	1180
f 1557 	1556 	1180
f 1180 	2134 	1557
f 1557 	2122 	1558
f 1558 	2116 	1559
f 1560 	2111 	1561
f 1561 	2109 	1562
f 1562 	2107 	1563
f 1563 	2104 	1564
f 1180 	1552 	1565
f 1566 	1180 	1567
f 1570 	1569 	1180
f 1571 	1570 	1180
f 1569 	1568 	1180
f 1565 	1573 	1180
f 1572 	1571 	1180
f 1573 	1572 	1180
f 1554 	1553 	1180
f 1575 	1574 	1180
f 1577 	1180 	1578
f 1568 	1567 	1180
f 1180 	1566 	1579
f 1579 	1578 	1180
f 1583 	1582 	1174
f 1585 	1583 	1174
f 1588 	1586 	1180
f 1593 	1592 	1174
f 1581 	1174 	1582
f 1596 	1174 	1597
f 1595 	1174 	1596
f 1601 	1600 	1174
f 1603 	1602 	1174
f 1605 	1604 	1174
f 1605 	1174 	1606
f 1607 	1606 	1174
f 1608 	1607 	1174
f 1611 	1174 	1612
f 754 	743 	2841
f 1174 	1613 	1612
f 1616 	1615 	1174
f 1614 	1174 	1615
f 1594 	1593 	1174
f 1592 	1591 	1174
f 1591 	1617 	1174
f 1617 	1616 	1174
f 1614 	1613 	1174
f 1618 	1130 	1599
f 1589 	1130 	1587
f 1620 	46 	1619
f 1599 	1130 	1590
f 1576 	1180 	1577
f 1576 	1575 	1180
f 1574 	1580 	1180
f 1580 	1588 	1180
f 1586 	1585 	1180
f 1174 	1180 	1585
f 1581 	1597 	1174
f 1595 	1594 	1174
f 1622 	46 	1621
f 1611 	1610 	1174
f 1610 	1609 	1174
f 1609 	1608 	1174
f 1604 	1603 	1174
f 1602 	1601 	1174
f 1600 	1598 	1174
f 1598 	1550 	1174
f 1196 	1174 	1550
f 1196 	1550 	1548
f 1548 	1546 	1196
f 1539 	1475 	1196
f 1463 	1459 	1196
f 1623 	46 	1622
f 1523 	46 	1623
f 1528 	46 	1526
f 1529 	46 	1528
f 1534 	3209 	1532
f 1626 	1628 	1130
f 1457 	1455 	1196
f 1434 	1196 	1436
f 1430 	1631 	1432
f 1196 	1432 	1631
f 1631 	1430 	1428
f 1428 	1427 	1631
f 1425 	1423 	1631
f 1423 	1422 	1631
f 1625 	1626 	1130
f 1130 	1628 	1587
f 1589 	1590 	1130
f 1619 	46 	1618
f 1621 	46 	1620
f 1870 	1869 	1263
f 1263 	1260 	1870
f 1235 	1900 	1236
f 1233 	1901 	1235
f 1231 	1903 	1233
f 1228 	1905 	1231
f 1229 	1906 	1228
f 1564 	2101 	1229
f 1630 	1629 	1665
f 1629 	1630 	2408
f 1632 	1630 	1665
f 2409 	2408 	1630
f 1634 	1633 	2209
f 1630 	1632 	2409
f 1636 	1639 	2411
f 1639 	1636 	1671
f 1632 	1636 	2410
f 1393 	2394 	1639
f 1795 	1794 	2209
f 1638 	1637 	2209
f 1637 	1635 	2209
f 1671 	1393 	1639
f 2411 	2410 	1636
f 2411 	1639 	2394
f 2341 	2339 	1640
f 2339 	2337 	1641
f 1643 	1642 	2337
f 1642 	1641 	2337
f 1983 	1981 	1648
f 1173 	1494 	1130
f 1498 	1500 	1130
f 1130 	1501 	1502
f 1130 	1502 	1504
f 1130 	1504 	1506
f 1509 	1130 	1508
f 1506 	1508 	1130
f 1509 	1512 	1130
f 1519 	1625 	1130
f 1649 	1648 	1678
f 1649 	1983 	1648
f 1650 	1649 	1678
f 2407 	2406 	1627
f 1130 	1618 	46
f 1584 	3209 	1534
f 1354 	3209 	1584
f 1358 	3209 	1356
f 1360 	3209 	1358
f 1363 	3209 	1360
f 1365 	3209 	1363
f 1323 	1325 	3209
f 1356 	3209 	1354
f 1651 	1650 	1686
f 1627 	1629 	2407
f 1686 	1536 	1651
f 3209 	1313 	1652
f 1248 	1249 	1652
f 1250 	1251 	1652
f 1161 	1162 	1652
f 1163 	1164 	1652
f 46 	1529 	3209
f 2408 	2407 	1629
f 2410 	2409 	1632
f 1393 	1671 	1653
f 1652 	1168 	1172
f 1208 	1210 	1172
f 1243 	1376 	1173
f 1379 	1381 	1173
f 1381 	1382 	1173
f 1395 	1397 	1173
f 1485 	1487 	1173
f 1393 	1653 	1654
f 1393 	1654 	1398
f 1655 	1404 	1654
f 1398 	1654 	1404
f 1404 	1655 	1656
f 1404 	1656 	1410
f 1410 	1656 	1657
f 3386 	3552 	3385
f 882 	1525 	957
f 3349 	29 	709
f 1536 	1686 	1661
f 1536 	1661 	1662
f 1536 	1662 	1624
f 1663 	1627 	1662
f 1624 	1662 	1627
f 1627 	1663 	1664
f 1627 	1664 	1629
f 1629 	1664 	1665
f 1665 	1666 	1632
f 1668 	1636 	1666
f 1632 	1666 	1636
f 1636 	1668 	1671
f 1669 	1667 	1902
f 1676 	1648 	1645
f 1676 	1645 	1674
f 1672 	1902 	1673
f 1648 	1676 	1678
f 1675 	1902 	1677
f 1679 	1902 	1681
f 1681 	1902 	1682
f 1680 	1650 	1678
f 1684 	1683 	1902
f 1682 	1902 	1683
f 1650 	1680 	1686
f 1904 	1701 	1902
f 1685 	1902 	1687
f 1684 	1902 	1685
f 1687 	1902 	1688
f 1690 	1691 	1692
f 1690 	1692 	1693
f 1688 	1902 	1689
f 1695 	1690 	1693
f 1695 	1693 	1696
f 1698 	1902 	1701
f 1689 	1902 	1694
f 1699 	1695 	1696
f 1699 	1696 	1700
f 2000 	1998 	1704
f 1697 	1902 	1698
f 1704 	1699 	1700
f 1704 	1700 	1705
f 1702 	1701 	1904
f 1702 	1904 	1703
f 1704 	1708 	2000
f 1708 	1704 	1705
f 1708 	1705 	1709
f 1699 	1704 	1998
f 1973 	2000 	1708
f 1711 	1708 	1709
f 1711 	1709 	1712
f 1711 	1973 	1708
f 1715 	1711 	1712
f 1715 	1712 	1716
f 3210 	1902 	1713
f 1710 	3210 	1713
f 1976 	1974 	1715
f 1714 	1713 	1902
f 1719 	1715 	1716
f 1719 	1716 	1720
f 1719 	1723 	1977
f 1723 	1719 	1720
f 1723 	1720 	1725
f 1981 	1979 	1645
f 1724 	1722 	1902
f 1726 	1724 	1902
f 1725 	1674 	1723
f 1645 	1723 	1674
f 1902 	1728 	1727
f 1727 	1726 	1902
f 1645 	1648 	1981
f 1902 	1729 	1728
f 1730 	1729 	1902
f 1670 	1669 	1902
f 1667 	1731 	1902
f 1731 	1730 	1902
f 1734 	1732 	1733
f 1734 	1733 	1736
f 1994 	1992 	1690
f 1739 	1740 	1734
f 1739 	1734 	1736
f 1735 	3210 	1737
f 1738 	3210 	1741
f 1742 	3210 	1743
f 3210 	1710 	1744
f 1744 	1743 	3210
f 1635 	1634 	2209
f 1646 	1644 	2337
f 1644 	1643 	2337
f 1746 	3210 	1748
f 1745 	3210 	1746
f 1751 	2346 	1753
f 1749 	2347 	1751
f 1750 	3210 	1752
f 1753 	2345 	1755
f 1755 	2343 	1757
f 1754 	3210 	1756
f 1742 	1741 	3210
f 1738 	1737 	3210
f 1759 	3210 	1735
f 1756 	3210 	1759
f 1760 	3210 	1745
f 3210 	1764 	1763
f 1762 	3208 	1763
f 1765 	1764 	3210
f 1766 	1765 	3210
f 1767 	1766 	3210
f 1767 	3210 	1768
f 1768 	3210 	1769
f 1770 	3210 	1771
f 1769 	3210 	1770
f 1771 	3210 	1772
f 1754 	1752 	3210
f 1748 	3210 	1750
f 1772 	3210 	1773
f 1760 	1773 	3210
f 1692 	1691 	1740
f 1692 	1740 	1739
f 1776 	1904 	1777
f 1778 	1904 	1779
f 1996 	1994 	1695
f 1998 	1996 	1699
f 1779 	1904 	1780
f 1175 	1833 	1904
f 1781 	1904 	1782
f 1782 	1904 	1783
f 1785 	1904 	1786
f 1783 	1904 	1785
f 1786 	1904 	1787
f 1791 	1792 	2010
f 2012 	2010 	1792
f 1792 	1793 	2012
f 1792 	1791 	1844
f 2014 	2012 	1793
f 1641 	1640 	2339
f 1640 	1758 	2341
f 1757 	2342 	1758
f 1793 	1792 	1844
f 2209 	1794 	1638
f 1740 	1691 	1990
f 1796 	1793 	1848
f 1992 	1990 	1691
f 1798 	1797 	2209
f 1795 	2209 	1797
f 1733 	1732 	1848
f 1796 	1848 	1732
f 1799 	1798 	2209
f 1691 	1690 	1992
f 1799 	2209 	1800
f 1800 	2209 	1801
f 1803 	1801 	2209
f 1804 	1802 	1908
f 1803 	2209 	1805
f 1807 	1810 	2076
f 3565 	3564 	3413
f 1806 	1805 	2209
f 1808 	1806 	2209
f 3415 	3566 	3413
f 1809 	1808 	2209
f 1811 	1809 	2209
f 3418 	3567 	3415
f 1812 	1811 	2209
f 1813 	1810 	1922
f 3418 	3420 	3567
f 1815 	1813 	1922
f 2018 	2076 	1810
f 2890 	838 	854
f 1813 	1815 	2020
f 1819 	1822 	2025
f 854 	855 	2890
f 1818 	1817 	1631
f 1822 	1819 	1930
f 1815 	1819 	2022
f 1790 	1791 	2008
f 1825 	1904 	1826
f 2025 	2022 	1819
f 2010 	2008 	1791
f 1789 	1904 	1824
f 1829 	1631 	1830
f 1821 	1631 	1823
f 1823 	1631 	1828
f 1828 	1631 	1829
f 1824 	1904 	1825
f 1827 	1904 	1833
f 1826 	1904 	1827
f 1835 	1834 	1175
f 1834 	1833 	1175
f 2940 	867 	868
f 1837 	1784 	1930
f 1784 	1837 	1838
f 1784 	1838 	1788
f 1830 	1631 	1831
f 1832 	1831 	1631
f 1840 	1790 	1838
f 1788 	1838 	1790
f 1790 	1840 	1842
f 1790 	1842 	1791
f 1839 	1832 	1631
f 1791 	1842 	1844
f 1841 	1839 	1631
f 1844 	1846 	1793
f 1857 	1852 	1175
f 1852 	1836 	1175
f 1836 	1835 	1175
f 1843 	1841 	1631
f 1847 	1845 	1631
f 1845 	1843 	1631
f 1854 	1853 	1631
f 1853 	1847 	1631
f 1854 	1631 	1855
f 3844 	3324 	3323
f 1857 	1175 	1858
f 1859 	1858 	1175
f 1860 	1859 	1175
f 1862 	1856 	1631
f 1855 	1631 	1856
f 3851 	3331 	3330
f 1861 	1860 	1175
f 1865 	1861 	1175
f 1865 	1175 	1866
f 1863 	1862 	1631
f 1631 	1273 	1863
f 3854 	3334 	3333
f 1271 	1269 	1863
f 1273 	1271 	1863
f 1269 	1267 	1864
f 3340 	3860 	3341
f 1873 	1175 	1850
f 1175 	1 	1849
f 1867 	1175 	1873
f 1874 	3208 	1875
f 1878 	1877 	3208
f 1879 	1 	1880
f 1880 	1 	1881
f 1883 	1 	1884
f 879 	2951 	878
f 2952 	2951 	880
f 1888 	1 	1889
f 1887 	1 	1888
f 1877 	1876 	3208
f 1875 	3208 	1876
f 1890 	3208 	1874
f 1889 	3208 	1890
f 1895 	1894 	3208
f 1891 	1878 	3208
f 1892 	1891 	3208
f 1893 	1892 	3208
f 1894 	1893 	3208
f 1896 	3208 	1897
f 3210 	1763 	3208
f 1896 	1895 	3208
f 1886 	1 	1887
f 1884 	1 	1885
f 1885 	1 	1886
f 1882 	1 	1883
f 1881 	1 	1882
f 1851 	1 	1879
f 1849 	1 	1851
f 1850 	1175 	1849
f 1867 	1866 	1175
f 1761 	3208 	1762
f 1899 	3208 	1761
f 1898 	3208 	1899
f 1897 	3208 	1898
f 3583 	3433 	3434
f 1679 	1677 	1902
f 1675 	1673 	1902
f 1672 	1670 	1902
f 1718 	1717 	1902
f 1717 	1714 	1902
f 1721 	1902 	1722
f 3587 	3437 	3438
f 1787 	1904 	1789
f 1777 	1904 	1778
f 1780 	1904 	1781
f 1904 	1776 	1775
f 1904 	1775 	1774
f 1774 	1707 	1904
f 1706 	1904 	1707
f 1703 	1904 	1706
f 1694 	1902 	1697
f 1868 	1864 	1267
f 810 	451 	519
f 1871 	1238 	1872
f 1872 	1236 	1900
f 1793 	1846 	1848
f 2460 	1175 	1904
f 1900 	1235 	1901
f 1901 	1233 	1903
f 1131 	2015 	1907
f 1908 	1802 	1949
f 1131 	1907 	1909
f 1131 	1909 	1132
f 1132 	1909 	1912
f 1132 	1912 	1133
f 1908 	1911 	1804
f 1133 	1912 	1913
f 1133 	1913 	1160
f 1915 	1807 	1911
f 1804 	1911 	1807
f 1160 	1913 	1917
f 1160 	1917 	1161
f 1807 	1915 	1918
f 1807 	1918 	1810
f 1910 	2443 	1914
f 1161 	1917 	1920
f 1161 	1920 	1162
f 1916 	2440 	1919
f 1162 	1920 	1923
f 1162 	1923 	1163
f 1810 	1918 	1922
f 1163 	1923 	1925
f 1163 	1925 	1164
f 1926 	1815 	1922
f 1927 	1165 	1925
f 1164 	1925 	1165
f 1815 	1926 	1819
f 1928 	1819 	1926
f 1165 	1927 	1929
f 1165 	1929 	1166
f 3442 	3592 	3441
f 1930 	1819 	1928
f 1166 	1929 	1931
f 1166 	1931 	1167
f 3592 	3442 	3443
f 1784 	1822 	1930
f 1932 	1168 	1167
f 1932 	1167 	1931
f 1321 	1950 	1933
f 1934 	1169 	1168
f 1934 	1168 	1932
f 1935 	1170 	1169
f 1935 	1169 	1934
f 1936 	1933 	1950
f 1933 	2040 	1321
f 1936 	2041 	1933
f 212 	1424 	1426
f 1939 	2045 	1938
f 1940 	1939 	1954
f 1940 	2046 	1939
f 768 	430 	431
f 1941 	1940 	1954
f 1941 	2049 	1940
f 1947 	1948 	2064
f 1942 	1956 	1943
f 1943 	1958 	1944
f 1960 	1944 	1958
f 1945 	1944 	1960
f 2065 	2064 	1948
f 1949 	1802 	2069
f 2070 	2069 	1802
f 1969 	1948 	1947
f 2069 	2065 	1949
f 1802 	1804 	2070
f 1949 	1948 	1969
f 1942 	2050 	1941
f 2073 	2070 	1804
f 1948 	1949 	2065
f 1804 	1807 	2073
f 801 	447 	448
f 2076 	2073 	1807
f 1810 	1813 	2018
f 2020 	2018 	1813
f 2022 	2020 	1815
f 1951 	1936 	1950
f 1936 	1951 	1938
f 1952 	1938 	1951
f 1953 	1939 	1938
f 1953 	1938 	1952
f 1939 	1953 	1954
f 1955 	1941 	1954
f 1941 	1955 	1942
f 1956 	1942 	1955
f 1924 	2436 	1747
f 1921 	2437 	1924
f 1958 	1943 	1956
f 1957 	2454 	1959
f 1963 	1945 	1960
f 1959 	2453 	1961
f 1945 	1963 	1946
f 1965 	1946 	1963
f 1961 	2452 	1962
f 1967 	1947 	1946
f 1967 	1946 	1965
f 1947 	1967 	1969
f 1966 	2447 	1968
f 1971 	1949 	1969
f 1919 	2438 	1921
f 1914 	2442 	1916
f 1970 	2444 	1910
f 1968 	2446 	1970
f 1971 	1908 	1949
f 636 	2000 	1973
f 636 	1973 	1974
f 636 	1974 	637
f 1964 	2449 	1966
f 1962 	2451 	1964
f 1972 	2455 	1957
f 637 	1974 	1976
f 637 	1976 	638
f 1937 	1171 	1170
f 1937 	1170 	1935
f 638 	1976 	1977
f 638 	1977 	639
f 1978 	1202 	1171
f 1978 	1171 	1937
f 639 	1977 	1979
f 639 	1979 	640
f 1980 	1203 	1202
f 1980 	1202 	1978
f 640 	1979 	1981
f 640 	1981 	642
f 1982 	1205 	1203
f 1982 	1203 	1980
f 642 	1981 	1983
f 642 	1983 	643
f 1984 	1206 	1205
f 1984 	1205 	1982
f 1984 	1208 	1206
f 644 	2016 	1986
f 1985 	1208 	1984
f 1987 	1210 	1208
f 1987 	1208 	1985
f 644 	1986 	1988
f 644 	1988 	645
f 1989 	1211 	1210
f 1989 	1210 	1987
f 1990 	646 	1988
f 645 	1988 	646
f 1991 	1212 	1211
f 1991 	1211 	1989
f 646 	1990 	1992
f 646 	1992 	647
f 1993 	1239 	1212
f 1993 	1212 	1991
f 647 	1992 	1994
f 647 	1994 	648
f 1995 	1240 	1239
f 1995 	1239 	1993
f 648 	1994 	1996
f 648 	1996 	649
f 1997 	1242 	1240
f 1997 	1240 	1995
f 649 	1996 	1998
f 649 	1998 	650
f 1242 	1997 	1999
f 1242 	1999 	1243
f 650 	1998 	2000
f 650 	2000 	651
f 651 	2000 	636
f 1245 	2074 	2001
f 654 	2025 	2002
f 1245 	2001 	2003
f 1245 	2003 	1247
f 654 	2002 	2004
f 654 	2004 	655
f 1247 	2003 	2005
f 1247 	2005 	1248
f 655 	2004 	2006
f 655 	2006 	657
f 1248 	2005 	2007
f 1248 	2007 	1249
f 657 	2006 	2008
f 657 	2008 	659
f 1249 	2007 	2009
f 1249 	2009 	1250
f 659 	2008 	2010
f 659 	2010 	660
f 1250 	2009 	2011
f 1250 	2011 	1251
f 660 	2010 	2012
f 660 	2012 	662
f 1251 	2011 	2013
f 1251 	2013 	1252
f 662 	2012 	2014
f 662 	2014 	664
f 1252 	2013 	2015
f 1252 	2015 	1254
f 664 	2014 	2016
f 664 	2016 	665
f 1254 	2015 	1131
f 844 	841 	464
f 665 	2016 	644
f 1257 	2087 	2017
f 1257 	2017 	2019
f 1257 	2019 	1258
f 667 	2018 	2020
f 667 	2020 	670
f 1258 	2019 	2021
f 1258 	2021 	1303
f 670 	2020 	2022
f 670 	2022 	671
f 1303 	2021 	2024
f 1303 	2024 	1306
f 671 	2022 	2025
f 671 	2025 	673
f 673 	2025 	654
f 3684 	3221 	3220
f 1979 	1977 	1723
f 1723 	1645 	1979
f 1977 	1976 	1719
f 1711 	1715 	1974
f 1973 	1711 	1974
f 1715 	1719 	1976
f 2016 	2014 	1796
f 1793 	1796 	2014
f 1690 	1695 	1994
f 1986 	2016 	1732
f 1695 	1699 	1996
f 1990 	1988 	1740
f 1796 	1732 	2016
f 1734 	1740 	1988
f 1988 	1986 	1734
f 1732 	1734 	1986
f 1788 	1790 	2006
f 2008 	2006 	1790
f 2006 	2004 	1788
f 1784 	1788 	2004
f 2004 	2002 	1784
f 1822 	1784 	2002
f 2025 	1822 	2002
f 3709 	3231 	3230
f 3709 	3710 	3231
f 2027 	680 	678
f 2027 	678 	2026
f 2028 	682 	680
f 2028 	680 	2027
f 2991 	924 	927
f 2029 	683 	682
f 2029 	682 	2028
f 2030 	685 	683
f 2030 	683 	2029
f 2031 	686 	685
f 2031 	685 	2030
f 686 	2031 	688
f 2032 	688 	2031
f 2033 	690 	688
f 2033 	688 	2032
f 2034 	692 	690
f 2034 	690 	2033
f 2035 	693 	692
f 2035 	692 	2034
f 2997 	2996 	939
f 2036 	696 	693
f 2036 	693 	2035
f 2037 	698 	696
f 2037 	696 	2036
f 2038 	700 	698
f 2038 	698 	2037
f 2997 	939 	2998
f 702 	700 	2039
f 700 	2038 	2039
f 2040 	705 	2039
f 702 	2039 	705
f 2041 	708 	705
f 2041 	705 	2040
f 2042 	711 	708
f 2042 	708 	2041
f 2045 	714 	711
f 2045 	711 	2042
f 1975 	1180 	2023
f 2046 	716 	714
f 2046 	714 	2045
f 1180 	2455 	2043
f 2023 	1180 	2043
f 2049 	719 	716
f 2049 	716 	2046
f 261 	259 	1486
f 2050 	720 	719
f 2050 	719 	2049
f 2044 	2043 	2455
f 2048 	2047 	2455
f 2047 	2044 	2455
f 2052 	721 	720
f 2052 	720 	2050
f 2053 	2455 	1972
f 2051 	2455 	2053
f 2052 	724 	721
f 2056 	724 	2052
f 2058 	725 	724
f 2058 	724 	2056
f 2057 	1180 	2059
f 2061 	728 	725
f 2061 	725 	2058
f 2063 	731 	728
f 2063 	728 	2061
f 2064 	733 	731
f 2064 	731 	2063
f 2060 	1180 	2062
f 2062 	1180 	1975
f 1306 	2024 	2067
f 1306 	2067 	1308
f 2065 	756 	733
f 2065 	733 	2064
f 1308 	2067 	2068
f 1308 	2068 	1311
f 2069 	757 	756
f 2069 	756 	2065
f 2060 	2059 	1180
f 2054 	1180 	2057
f 2055 	1180 	2054
f 2066 	1180 	2055
f 2070 	759 	757
f 2070 	757 	2069
f 1311 	2068 	2071
f 1311 	2071 	1313
f 759 	2070 	2073
f 759 	2073 	760
f 1313 	2071 	2074
f 1313 	2074 	1315
f 760 	2073 	2076
f 760 	2076 	762
f 1315 	2074 	1245
f 1320 	2115 	2079
f 762 	2076 	667
f 1320 	2079 	2081
f 1320 	2081 	1322
f 2075 	2072 	1180
f 1322 	2081 	2083
f 1322 	2083 	1323
f 667 	2076 	2018
f 2077 	2075 	1180
f 1323 	2083 	2085
f 1323 	2085 	1325
f 2080 	2078 	1180
f 1325 	2085 	2087
f 1325 	2087 	1327
f 1327 	2087 	1257
f 770 	2133 	2089
f 2084 	2082 	1180
f 1332 	2136 	2091
f 770 	2089 	2094
f 770 	2094 	772
f 1332 	2091 	2093
f 1332 	2093 	1335
f 772 	2094 	2096
f 772 	2096 	773
f 2090 	2088 	1180
f 2092 	2090 	1180
f 1335 	2093 	2098
f 1335 	2098 	1338
f 773 	2096 	2099
f 773 	2099 	775
f 1338 	2098 	2100
f 1338 	2100 	1340
f 775 	2099 	2102
f 775 	2102 	776
f 1340 	2100 	2103
f 1340 	2103 	1342
f 776 	2102 	2105
f 776 	2105 	778
f 1342 	2103 	2106
f 1342 	2106 	1344
f 1344 	2106 	2108
f 1344 	2108 	1346
f 1346 	2108 	2110
f 1346 	2110 	1347
f 2107 	1562 	2109
f 2114 	783 	2112
f 782 	2112 	783
f 1347 	2110 	2115
f 1347 	2115 	1350
f 2111 	1560 	2113
f 783 	2114 	2117
f 783 	2117 	785
f 1350 	2115 	1320
f 785 	2117 	2118
f 785 	2118 	787
f 1354 	2119 	2120
f 1354 	2120 	1356
f 787 	2118 	2121
f 787 	2121 	788
f 1356 	2120 	2123
f 1356 	2123 	1358
f 1358 	2123 	2126
f 1358 	2126 	1360
f 788 	2121 	2124
f 788 	2124 	790
f 1360 	2126 	2128
f 1360 	2128 	1363
f 2122 	1557 	2125
f 2116 	1558 	2122
f 1363 	2128 	2130
f 1363 	2130 	1365
f 790 	2124 	2131
f 790 	2131 	792
f 2125 	1557 	2127
f 792 	2131 	2133
f 792 	2133 	793
f 1365 	2130 	2135
f 1365 	2135 	1367
f 793 	2133 	770
f 1367 	2135 	2136
f 1367 	2136 	1368
f 811 	2151 	782
f 1368 	2136 	1332
f 1584 	2119 	1354
f 797 	2171 	2137
f 1243 	1999 	1376
f 2138 	1376 	1999
f 797 	2137 	2139
f 797 	2139 	799
f 2140 	1379 	1376
f 2140 	1376 	2138
f 799 	2139 	2141
f 799 	2141 	800
f 2142 	1381 	1379
f 2142 	1379 	2140
f 800 	2141 	2143
f 800 	2143 	803
f 2144 	1382 	1381
f 2144 	1381 	2142
f 803 	2143 	2145
f 803 	2145 	805
f 805 	2145 	2147
f 805 	2147 	807
f 2146 	1384 	1382
f 2146 	1382 	2144
f 807 	2147 	2149
f 807 	2149 	809
f 2148 	1386 	1384
f 2148 	1384 	2146
f 809 	2149 	2151
f 809 	2151 	811
f 2150 	1388 	1386
f 2150 	1386 	2148
f 2152 	1390 	1388
f 2152 	1388 	2150
f 2112 	782 	2151
f 1390 	2152 	1395
f 2154 	1395 	2152
f 813 	2153 	2155
f 813 	2155 	840
f 2156 	1397 	1395
f 2156 	1395 	2154
f 840 	2155 	2157
f 840 	2157 	842
f 2158 	1400 	1397
f 2158 	1397 	2156
f 842 	2157 	2159
f 842 	2159 	843
f 2160 	1402 	1400
f 2160 	1400 	2158
f 843 	2159 	2161
f 843 	2161 	845
f 2162 	1405 	1402
f 2162 	1402 	2160
f 845 	2161 	2163
f 845 	2163 	846
f 2164 	1407 	1405
f 2164 	1405 	2162
f 846 	2163 	2165
f 846 	2165 	847
f 2166 	1408 	1407
f 2166 	1407 	2164
f 847 	2165 	2167
f 847 	2167 	848
f 2168 	1411 	1408
f 2168 	1408 	2166
f 848 	2167 	2169
f 848 	2169 	849
f 2170 	1413 	1411
f 2170 	1411 	2168
f 849 	2169 	2171
f 849 	2171 	851
f 2172 	1414 	1413
f 2172 	1413 	2170
f 851 	2171 	797
f 1477 	1414 	2172
f 2173 	1477 	2172
f 2174 	1478 	1477
f 2174 	1477 	2173
f 2175 	1480 	1478
f 2175 	1478 	2174
f 2176 	1482 	1480
f 2176 	1480 	2175
f 2177 	1483 	1482
f 2177 	1482 	2176
f 2178 	1485 	1483
f 2178 	1483 	2177
f 2030 	2029 	1268
f 1246 	1256 	2026
f 1244 	1246 	2338
f 2338 	2333 	1244
f 2333 	2330 	1241
f 1213 	1241 	2330
f 2179 	1487 	1485
f 2179 	1485 	2178
f 2180 	1489 	1487
f 2180 	1487 	2179
f 1489 	2180 	1493
f 2181 	1493 	2180
f 1305 	1310 	2037
f 2036 	1305 	2037
f 1262 	1268 	2029
f 1259 	1262 	2028
f 2028 	2027 	1259
f 2027 	2026 	1256
f 2031 	2030 	1274
f 2182 	1494 	1493
f 2182 	1493 	2181
f 2183 	1496 	1494
f 2183 	1494 	2182
f 2184 	1498 	1496
f 2184 	1496 	2183
f 2185 	1500 	1498
f 2185 	1498 	2184
f 3216 	3678 	3679
f 2186 	1501 	1500
f 2186 	1500 	2185
f 2187 	1502 	1501
f 2187 	1501 	2186
f 2188 	1504 	1502
f 2188 	1502 	2187
f 2129 	1557 	2132
f 2190 	1504 	2188
f 2132 	1557 	2134
f 1504 	2190 	1506
f 2192 	1508 	1506
f 2192 	1506 	2190
f 1180 	2191 	2189
f 2193 	2191 	1180
f 2194 	1509 	1508
f 2194 	1508 	2192
f 2195 	2193 	1180
f 2197 	1512 	1509
f 2197 	1509 	2194
f 2198 	1513 	1512
f 2198 	1512 	2197
f 2199 	1515 	1513
f 2199 	1513 	2198
f 2088 	2086 	1180
f 2086 	2084 	1180
f 2082 	2080 	1180
f 2078 	2077 	1180
f 2072 	2196 	1180
f 2195 	1180 	2196
f 2200 	1517 	1515
f 2200 	1515 	2199
f 2201 	1519 	1517
f 2201 	1517 	2200
f 2097 	1180 	2066
f 2048 	2455 	2051
f 2097 	2095 	1180
f 1523 	2229 	2202
f 1523 	2202 	2203
f 1523 	2203 	1526
f 1526 	2203 	2204
f 1526 	2204 	1528
f 2095 	2092 	1180
f 2189 	2134 	1180
f 2127 	1557 	2129
f 2109 	1561 	2111
f 2113 	1559 	2116
f 2104 	1563 	2107
f 2101 	1564 	2104
f 1906 	1229 	2101
f 1905 	1228 	1906
f 1903 	1231 	1905
f 1267 	1265 	1868
f 1559 	2113 	1560
f 1528 	2204 	2205
f 1528 	2205 	1529
f 1529 	2205 	2206
f 1529 	2206 	1530
f 1530 	2206 	2207
f 1530 	2207 	1532
f 1820 	1631 	1821
f 1820 	1818 	1631
f 1817 	1816 	1631
f 2209 	1631 	1816
f 2209 	1816 	1814
f 1814 	1812 	2209
f 1532 	2207 	2208
f 1532 	2208 	1534
f 2209 	2461 	1631
f 1534 	2208 	2210
f 1534 	2210 	1584
f 2119 	1584 	2210
f 2212 	1587 	2234
f 2215 	1589 	1587
f 2215 	1587 	2212
f 2211 	2461 	2213
f 2217 	1590 	1589
f 2217 	1589 	2215
f 2214 	2213 	2461
f 1590 	2217 	2219
f 1590 	2219 	1599
f 1599 	2219 	2220
f 1599 	2220 	1618
f 1618 	2220 	2222
f 1618 	2222 	1619
f 1619 	2222 	2223
f 1619 	2223 	1620
f 2461 	2251 	2221
f 2221 	2218 	2461
f 2214 	2461 	2216
f 1620 	2223 	2224
f 1620 	2224 	1621
f 2050 	1942 	2052
f 2049 	1941 	2050
f 2046 	1940 	2049
f 2045 	1939 	2046
f 2042 	1938 	2045
f 2040 	1933 	2041
f 2039 	2038 	1316
f 1310 	1316 	2038
f 2041 	1936 	2042
f 1938 	2042 	1936
f 1621 	2224 	2227
f 1621 	2227 	1622
f 1622 	2227 	2229
f 1622 	2229 	1623
f 1623 	2229 	1523
f 1369 	1362 	2225
f 1519 	2201 	1625
f 2230 	1625 	2201
f 2233 	1626 	1625
f 2233 	1625 	2230
f 2234 	1628 	1626
f 2234 	1626 	2233
f 1362 	1359 	2226
f 1945 	1946 	2061
f 2061 	2058 	1945
f 2063 	2061 	1946
f 1944 	1945 	2058
f 2058 	2056 	1944
f 1943 	1944 	2056
f 2056 	2052 	1943
f 1942 	1943 	2052
f 1946 	1947 	2063
f 2064 	2063 	1947
f 2234 	1587 	1628
f 2231 	2228 	1359
f 2228 	2226 	1359
f 978 	510 	512
f 2218 	2216 	2461
f 2235 	2232 	1359
f 2232 	2231 	1359
f 2099 	4056 	2102
f 2096 	4055 	2099
f 2094 	4054 	2096
f 2089 	4053 	2094
f 983 	514 	515
f 2241 	2243 	1920
f 2240 	1380 	2242
f 2238 	1385 	2240
f 2244 	1923 	2243
f 2242 	1378 	2245
f 2247 	1925 	2244
f 2245 	1374 	2246
f 2118 	2117 	4060
f 4059 	4060 	2117
f 2117 	2114 	4059
f 4058 	4059 	2114
f 2114 	2112 	4058
f 2248 	4058 	2112
f 2151 	2248 	2112
f 4060 	4061 	2118
f 2121 	2118 	4061
f 2124 	2121 	4062
f 2133 	2131 	4051
f 1929 	1927 	2250
f 2226 	2225 	1362
f 2225 	2249 	1369
f 2246 	1372 	2249
f 2257 	2259 	1934
f 2252 	2254 	1931
f 2145 	4112 	2147
f 2143 	4111 	2145
f 2141 	4110 	2143
f 2149 	2147 	4113
f 2139 	4109 	2141
f 2137 	4108 	2139
f 2171 	4121 	2137
f 2251 	2461 	2253
f 1937 	1935 	2263
f 2255 	2253 	2461
f 2256 	2255 	2461
f 2258 	2256 	2461
f 2260 	2258 	2461
f 2266 	2268 	1978
f 4114 	4115 	2159
f 2161 	2159 	4115
f 4115 	4116 	2161
f 2159 	2157 	4114
f 4124 	4114 	2157
f 2157 	2155 	4124
f 4123 	4124 	2155
f 2262 	2261 	2461
f 2261 	2260 	2461
f 2262 	2461 	2264
f 2275 	2276 	1984
f 2265 	2264 	2461
f 1987 	1985 	2278
f 2267 	2265 	2461
f 1982 	1980 	2271
f 2269 	2267 	2461
f 2273 	988 	986
f 2273 	986 	2270
f 1991 	1989 	2285
f 2272 	2269 	2461
f 2285 	2287 	1991
f 2283 	2285 	1989
f 1993 	1991 	2287
f 1995 	1993 	2328
f 2287 	2328 	1993
f 2282 	2281 	2209
f 2286 	2284 	2209
f 2286 	2209 	2288
f 3029 	1026 	1027
f 2289 	2288 	2209
f 2290 	2289 	2209
f 1051 	536 	537
f 2291 	2290 	2209
f 2292 	2291 	2209
f 2293 	2292 	2209
f 2294 	2293 	2209
f 2296 	991 	988
f 2296 	988 	2273
f 2297 	993 	991
f 2297 	991 	2296
f 737 	2828 	735
f 2298 	996 	993
f 2298 	993 	2297
f 737 	738 	2828
f 2299 	998 	996
f 2299 	996 	2298
f 2300 	999 	998
f 2300 	998 	2299
f 999 	2300 	1005
f 2301 	1005 	2300
f 2302 	1007 	1005
f 2302 	1005 	2301
f 2303 	1009 	1007
f 2303 	1007 	2302
f 2304 	1012 	1009
f 2304 	1009 	2303
f 2305 	1015 	1012
f 2305 	1012 	2304
f 1014 	524 	525
f 2306 	1016 	1015
f 2306 	1015 	2305
f 1016 	2306 	2307
f 1016 	2307 	1018
f 1018 	2307 	1021
f 2308 	1021 	2307
f 1021 	2308 	1024
f 2309 	1024 	2308
f 2310 	1029 	1024
f 2310 	1024 	2309
f 2311 	1031 	1029
f 2311 	1029 	2310
f 2312 	1035 	1031
f 2312 	1031 	2311
f 530 	1033 	529
f 2313 	1037 	1035
f 2313 	1035 	2312
f 1033 	530 	531
f 2314 	1038 	1037
f 2314 	1037 	2313
f 2315 	1040 	1038
f 2315 	1038 	2314
f 2316 	1042 	1040
f 2316 	1040 	2315
f 2316 	1044 	1042
f 2317 	1044 	2316
f 2319 	1046 	1044
f 2319 	1044 	2317
f 2295 	2294 	2209
f 2321 	1047 	1046
f 2321 	1046 	2319
f 2318 	2295 	2209
f 2323 	1049 	1047
f 2323 	1047 	2321
f 2322 	2320 	2209
f 2320 	2318 	2209
f 2325 	1050 	1049
f 2325 	1049 	2323
f 2326 	1052 	1050
f 2326 	1050 	2325
f 2324 	2209 	2327
f 2322 	2209 	2324
f 1997 	1995 	2331
f 2328 	2331 	1995
f 1052 	2326 	1055
f 2330 	1055 	2326
f 2327 	2209 	2329
f 2334 	2332 	2209
f 2332 	2329 	2209
f 2333 	1057 	1055
f 2333 	1055 	2330
f 2866 	815 	817
f 2338 	1058 	1057
f 2338 	1057 	2333
f 2336 	2209 	2337
f 2336 	2334 	2209
f 2338 	2026 	1058
f 678 	1058 	2026
f 2209 	1633 	2337
f 2340 	1088 	2351
f 2344 	1089 	1088
f 2344 	1088 	2340
f 2344 	542 	1089
f 262 	1089 	542
f 2342 	1757 	2343
f 2345 	1753 	2346
f 2105 	2348 	1091
f 2105 	1091 	778
f 1091 	2348 	2350
f 1091 	2350 	1092
f 1092 	2350 	2351
f 1092 	2351 	1093
f 2351 	1088 	1093
f 2365 	1956 	2352
f 1062 	1065 	2296
f 2273 	1062 	2296
f 2270 	736 	2273
f 736 	1062 	2273
f 1955 	1954 	2353
f 2299 	1074 	2300
f 2382 	668 	2383
f 2355 	2354 	1953
f 1954 	1953 	2354
f 1083 	1084 	2307
f 2307 	2306 	1083
f 2305 	1082 	2306
f 2304 	1081 	2305
f 2303 	1080 	2304
f 1078 	1079 	2302
f 1076 	1078 	2301
f 2300 	1076 	2301
f 2359 	2358 	2459
f 2360 	2359 	2459
f 753 	754 	2863
f 2308 	2307 	1084
f 1188 	1190 	2311
f 2311 	2310 	1188
f 1186 	1188 	2310
f 2310 	2309 	1186
f 1085 	1186 	2309
f 2309 	2308 	1085
f 1084 	1085 	2308
f 2361 	2360 	1956
f 2363 	2362 	1956
f 2354 	2353 	1954
f 2353 	2352 	1955
f 2365 	2364 	1956
f 2364 	2363 	1956
f 1083 	2306 	1082
f 1200 	1201 	2319
f 2367 	2366 	2459
f 2321 	2319 	1201
f 2319 	2317 	1200
f 1197 	1200 	2317
f 2315 	1194 	2316
f 2316 	1197 	2317
f 1204 	1207 	2323
f 2325 	2323 	1207
f 1201 	1204 	2321
f 2326 	2325 	1209
f 1209 	1213 	2326
f 2362 	2361 	1956
f 2459 	1956 	2360
f 2358 	2368 	2459
f 2368 	2367 	2459
f 2351 	4048 	2340
f 2340 	4049 	2344
f 4045 	4046 	2348
f 2105 	4045 	2348
f 546 	544 	4065
f 1172 	635 	2435
f 2371 	2370 	2459
f 817 	820 	2866
f 2376 	1095 	1094
f 2376 	1094 	2375
f 2376 	2270 	1095
f 986 	1095 	2270
f 1096 	2377 	2378
f 1096 	2378 	1097
f 1097 	2378 	2379
f 1097 	2379 	1098
f 1098 	2379 	2380
f 1098 	2380 	1099
f 1099 	2380 	2381
f 1099 	2381 	1100
f 1100 	2381 	2382
f 1100 	2382 	1101
f 1101 	2382 	2383
f 1101 	2383 	1102
f 1102 	2383 	2384
f 1102 	2384 	1103
f 1103 	2384 	2385
f 1103 	2385 	1104
f 3710 	3232 	3231
f 2375 	1094 	1104
f 2375 	1104 	2385
f 2387 	1135 	2386
f 1134 	2386 	1135
f 1135 	2387 	2388
f 1135 	2388 	1136
f 1136 	2388 	2389
f 1136 	2389 	1137
f 1137 	2389 	2390
f 1137 	2390 	1138
f 1138 	2390 	2391
f 1138 	2391 	1139
f 1139 	2391 	2392
f 1139 	2392 	1140
f 1140 	2392 	2393
f 1140 	2393 	1141
f 1141 	2393 	2377
f 1141 	2377 	1096
f 1149 	2401 	1134
f 1142 	2411 	2394
f 1142 	2394 	2395
f 1142 	2395 	1143
f 1143 	2395 	2396
f 1143 	2396 	1144
f 1144 	2396 	2397
f 1144 	2397 	1145
f 1145 	2397 	2398
f 1145 	2398 	1146
f 1146 	2398 	2399
f 1146 	2399 	1147
f 1147 	2399 	2400
f 1147 	2400 	1148
f 1148 	2400 	2401
f 1148 	2401 	1149
f 2386 	1134 	2401
f 1150 	2402 	2403
f 1150 	2403 	1151
f 1151 	2403 	2404
f 1151 	2404 	1152
f 1152 	2404 	2405
f 1152 	2405 	1153
f 1153 	2405 	2406
f 1153 	2406 	1154
f 1154 	2406 	2407
f 1154 	2407 	1155
f 1155 	2407 	2408
f 1155 	2408 	1156
f 1156 	2408 	2409
f 1156 	2409 	1157
f 1157 	2409 	2410
f 1157 	2410 	1158
f 1158 	2410 	2411
f 1158 	2411 	1159
f 855 	2892 	2890
f 1159 	2411 	1142
f 1150 	643 	2402
f 1983 	2402 	643
f 2370 	2369 	2459
f 2374 	2373 	2459
f 2372 	2459 	2373
f 2366 	2412 	2459
f 2412 	2374 	2459
f 2375 	712 	2376
f 2376 	717 	2270
f 2413 	2414 	2459
f 2385 	706 	2375
f 2384 	677 	2385
f 2383 	674 	2384
f 821 	825 	2379
f 2379 	2378 	821
f 2378 	2377 	818
f 812 	818 	2377
f 2393 	812 	2377
f 825 	831 	2380
f 1072 	556 	558
f 2417 	2459 	2369
f 2459 	2417 	2416
f 2416 	2415 	2459
f 2414 	2419 	2459
f 2419 	2418 	2459
f 2418 	2425 	2459
f 2392 	808 	2393
f 2389 	2388 	895
f 891 	895 	2388
f 2388 	2387 	891
f 888 	891 	2387
f 2387 	2386 	888
f 886 	888 	2386
f 2401 	886 	2386
f 895 	898 	2389
f 802 	808 	2392
f 812 	2393 	808
f 2421 	2420 	1180
f 2398 	1520 	2399
f 2397 	1410 	2398
f 2396 	1404 	2397
f 1520 	2398 	1410
f 2395 	1398 	2396
f 2394 	1393 	2395
f 1180 	2459 	2422
f 2424 	2423 	2459
f 1536 	1624 	2405
f 2406 	2405 	1624
f 1624 	1627 	2406
f 2405 	2404 	1536
f 1651 	1536 	2404
f 2404 	2403 	1651
f 1650 	1651 	2403
f 1649 	1650 	2402
f 2402 	1983 	1649
f 2403 	2402 	1650
f 2427 	2426 	1180
f 2428 	2427 	1180
f 2429 	1180 	2430
f 2431 	1180 	2432
f 2423 	2422 	2459
f 2422 	2421 	1180
f 2420 	2433 	1180
f 2433 	2432 	1180
f 1179 	2439 	1187
f 2438 	1919 	2440
f 2331 	2335 	1997
f 1999 	1997 	2335
f 2442 	1914 	2443
f 2443 	1910 	2444
f 2444 	1970 	2446
f 2446 	1968 	2447
f 2449 	1964 	2451
f 2447 	1966 	2449
f 2452 	1961 	2453
f 2451 	1962 	2452
f 2453 	1959 	2454
f 2457 	1198 	2456
f 1199 	1198 	2457
f 2431 	2430 	1180
f 2429 	2428 	1180
f 2455 	1180 	2458
f 2454 	1957 	2455
f 2372 	2371 	2459
f 2415 	2413 	2459
f 2425 	2424 	2459
f 2426 	2458 	1180
f 1175 	2459 	1180
f 824 	2875 	822
f 2440 	1916 	2442
f 2437 	1921 	2438
f 2436 	1924 	2437
f 2349 	1747 	2436
f 2347 	1749 	2349
f 2346 	1751 	2347
f 1633 	1647 	2337
f 1647 	1646 	2337
f 2343 	1755 	2345
f 1747 	2349 	1749
f 2341 	1758 	2342
f 264 	2439 	2441
f 2284 	2282 	2209
f 2461 	2209 	2281
f 2281 	2280 	2461
f 2461 	2280 	2279
f 2461 	2279 	2277
f 2461 	2277 	2274
f 2274 	2272 	2461
f 1214 	1631 	2461
f 1175 	2460 	1214
f 2462 	1214 	2460
f 910 	908 	1214
f 913 	910 	1214
f 916 	913 	1214
f 923 	1214 	926
f 926 	1214 	930
f 923 	919 	1214
f 2468 	2469 	2007
f 941 	938 	1214
f 2469 	2470 	2009
f 2009 	2007 	2469
f 945 	941 	1214
f 949 	947 	1214
f 947 	945 	1214
f 919 	916 	1214
f 952 	949 	1214
f 908 	952 	1214
f 1917 	1913 	2239
f 2239 	2241 	1917
f 1907 	2015 	2473
f 970 	967 	1214
f 938 	936 	1214
f 976 	974 	1214
f 974 	970 	1214
f 1920 	1917 	2241
f 2475 	1909 	2474
f 3745 	3264 	3263
f 2067 	2024 	2482
f 2068 	2067 	2483
f 2483 	2463 	2068
f 1086 	1214 	1087
f 1108 	1106 	1214
f 1106 	1087 	1214
f 2071 	2068 	2463
f 864 	2936 	863
f 2005 	2003 	2467
f 1110 	1108 	1214
f 1113 	1214 	1115
f 1113 	1110 	1214
f 2467 	2468 	2005
f 2007 	2005 	2468
f 2463 	2464 	2071
f 1115 	1214 	1118
f 3756 	3270 	3269
f 2485 	2106 	2484
f 2940 	868 	869
f 1120 	1118 	1214
f 2486 	2108 	2485
f 1181 	1120 	1214
f 1182 	1181 	1214
f 2487 	2110 	2486
f 2489 	2079 	2488
f 2087 	2085 	2477
f 2478 	2479 	2017
f 1215 	1185 	2461
f 2480 	2481 	2021
f 1218 	2461 	1219
f 1220 	1219 	2461
f 1220 	2461 	1222
f 2494 	2210 	2493
f 1225 	1222 	2461
f 1226 	1225 	2461
f 1227 	1226 	2461
f 1230 	1227 	2461
f 1232 	1230 	2461
f 1234 	1232 	2461
f 1237 	1234 	2461
f 1330 	1237 	2461
f 2499 	2500 	2130
f 1334 	1330 	2461
f 885 	2956 	884
f 2500 	2501 	2135
f 2502 	2136 	2501
f 2504 	2093 	2503
f 2461 	1343 	1337
f 1334 	2461 	1337
f 2488 	2115 	2487
f 2492 	2484 	2103
f 1343 	2461 	1345
f 2103 	2100 	2492
f 2505 	2492 	2100
f 1351 	1348 	2461
f 1348 	1345 	2461
f 1355 	2461 	1359
f 1355 	1351 	2461
f 2508 	2142 	2507
f 2146 	2144 	2509
f 390 	392 	697
f 2510 	2511 	2148
f 392 	394 	697
f 1372 	2246 	1374
f 1374 	2245 	1378
f 1378 	2242 	1380
f 2513 	2514 	2154
f 1385 	2238 	1387
f 1198 	723 	2456
f 1198 	1196 	3349
f 729 	2460 	730
f 2462 	2460 	729
f 3284 	3774 	3775
f 2158 	2156 	2515
f 1654 	1653 	1175
f 2516 	2158 	2515
f 1655 	1654 	1175
f 2517 	2160 	2516
f 2156 	2154 	2514
f 1656 	1655 	1175
f 2518 	2162 	2517
f 1659 	1175 	957
f 1657 	1656 	1175
f 1657 	1175 	1659
f 2519 	2520 	2166
f 2514 	2515 	2156
f 2154 	2152 	2513
f 1661 	1175 	1662
f 1663 	1175 	1664
f 1662 	1175 	1663
f 2521 	2168 	2520
f 2168 	2166 	2520
f 878 	2950 	877
f 1664 	1175 	1665
f 1666 	1175 	1668
f 2522 	2170 	2521
f 2523 	2172 	2522
f 1653 	1671 	1175
f 1668 	1175 	1671
f 768 	431 	432
f 2953 	2952 	881
f 2524 	2173 	2523
f 2525 	2174 	2524
f 1676 	1674 	1175
f 2526 	2175 	2525
f 1678 	1676 	1175
f 887 	2957 	885
f 774 	435 	436
f 1665 	1175 	1666
f 1175 	1661 	1686
f 1680 	1175 	1686
f 1680 	1678 	1175
f 2527 	2176 	2526
f 2537 	2538 	2184
f 2168 	2521 	2170
f 1693 	1692 	1175
f 1696 	1693 	1175
f 758 	439 	418
f 1700 	1696 	1175
f 2532 	2178 	2531
f 1709 	1175 	1712
f 1716 	1712 	1175
f 1720 	1716 	1175
f 2533 	2179 	2532
f 2185 	2184 	2538
f 2531 	2177 	2527
f 1725 	1720 	1175
f 1674 	1725 	1175
f 2539 	2540 	2186
f 2538 	2539 	2185
f 2186 	2185 	2539
f 2530 	2547 	2192
f 110 	1178 	1177
f 1175 	1187 	2
f 1130 	1189 	1173
f 2197 	2194 	2548
f 2548 	2549 	2197
f 110 	1195 	1178
f 2543 	2220 	2542
f 1199 	2544 	1174
f 2227 	2224 	2559
f 2559 	2560 	2227
f 2542 	2219 	2541
f 1175 	1709 	1705
f 1692 	1739 	1175
f 1705 	1700 	1175
f 1739 	1736 	1175
f 2549 	2550 	2198
f 2198 	2197 	2549
f 2199 	2198 	2550
f 2459 	1837 	1930
f 1838 	1837 	2459
f 1844 	1842 	2459
f 2550 	2551 	2199
f 2459 	1733 	1848
f 1846 	2459 	1848
f 1846 	1844 	2459
f 2552 	2200 	2551
f 2554 	2555 	2233
f 771 	434 	440
f 2558 	2215 	2557
f 2541 	2217 	2558
f 2212 	2556 	2557
f 1915 	1911 	2459
f 1918 	1915 	2459
f 1922 	1918 	2459
f 2560 	2561 	2229
f 3756 	3271 	3270
f 1926 	2459 	1928
f 2202 	2229 	2561
f 2562 	2202 	2561
f 2229 	2227 	2560
f 1842 	1840 	2459
f 1840 	1838 	2459
f 1928 	2459 	1930
f 2563 	2203 	2562
f 1387 	2237 	1950
f 1952 	1951 	2356
f 2565 	2205 	2564
f 2564 	2204 	2563
f 1953 	1952 	2355
f 2566 	2206 	2565
f 444 	794 	443
f 2567 	2493 	2208
f 3771 	3280 	3279
f 1956 	2459 	1958
f 1960 	1958 	2459
f 1965 	1963 	2459
f 1963 	1960 	2459
f 2210 	2208 	2493
f 2545 	2222 	2543
f 3771 	3281 	3280
f 1969 	1967 	2459
f 1967 	1965 	2459
f 1971 	1969 	2459
f 2533 	2534 	2180
f 1926 	1922 	2459
f 2459 	1911 	1908
f 2459 	1175 	1736
f 1736 	1733 	2459
f 1908 	1971 	2459
f 2177 	2531 	2178
f 2178 	2532 	2179
f 2176 	2527 	2177
f 2175 	2526 	2176
f 2174 	2525 	2175
f 2173 	2524 	2174
f 2179 	2533 	2180
f 2187 	2186 	2540
f 2194 	2192 	2547
f 2547 	2548 	2194
f 2200 	2199 	2551
f 2230 	2201 	2553
f 2234 	2233 	2555
f 2556 	2234 	2555
f 1955 	2352 	1956
f 2356 	2355 	1952
f 2357 	2356 	1951
f 1950 	2357 	1951
f 2357 	1950 	2237
f 1380 	2240 	1385
f 2461 	2211 	1359
f 2211 	2236 	1359
f 2236 	2235 	1359
f 1369 	2249 	1372
f 2237 	1387 	2238
f 2182 	2181 	2535
f 2534 	2535 	2181
f 2181 	2180 	2534
f 2535 	2536 	2182
f 2184 	2183 	2537
f 2536 	2537 	2183
f 2183 	2182 	2536
f 1218 	1217 	2461
f 1217 	1216 	2461
f 1216 	1215 	2461
f 1185 	1184 	2461
f 1214 	2461 	1184
f 1184 	1183 	1214
f 1183 	1182 	1214
f 2540 	2528 	2187
f 2188 	2187 	2528
f 2528 	2529 	2188
f 2192 	2190 	2530
f 2529 	2530 	2190
f 2190 	2188 	2529
f 2212 	2234 	2556
f 457 	829 	456
f 3276 	3766 	3767
f 1086 	930 	1214
f 967 	963 	1214
f 963 	960 	1214
f 1175 	1214 	960
f 957 	1175 	960
f 2553 	2554 	2230
f 2552 	2553 	2201
f 2200 	2552 	2201
f 2233 	2230 	2554
f 2093 	2504 	2098
f 2100 	2098 	2505
f 2091 	2503 	2093
f 2136 	2502 	2091
f 936 	976 	1214
f 2568 	2569 	2596
f 2570 	2571 	2569
f 2570 	2569 	2568
f 2572 	2573 	2571
f 2572 	2571 	2570
f 2574 	2575 	2573
f 2574 	2573 	2572
f 3555 	3554 	3391
f 2576 	2577 	2575
f 2576 	2575 	2574
f 2578 	2579 	2577
f 2578 	2577 	2576
f 452 	814 	453
f 2581 	2580 	2582
f 2581 	2582 	2583
f 2583 	2582 	2584
f 2583 	2584 	2585
f 2585 	2584 	2586
f 2585 	2586 	2587
f 2587 	2586 	2588
f 2587 	2588 	2589
f 2589 	2588 	2590
f 2589 	2590 	2591
f 2591 	2590 	2592
f 2591 	2592 	2593
f 2593 	2592 	2594
f 2593 	2594 	2595
f 2595 	2594 	2596
f 2595 	2596 	2597
f 2596 	2569 	2597
f 2598 	2599 	2600
f 2598 	2600 	2601
f 2601 	2600 	2602
f 2601 	2602 	2603
f 2603 	2602 	2604
f 2603 	2604 	2605
f 2605 	2604 	2606
f 2605 	2606 	2607
f 3784 	3294 	3293
f 2607 	2606 	2608
f 2607 	2608 	2609
f 2609 	2608 	2610
f 2609 	2610 	2611
f 2611 	2610 	2612
f 2611 	2612 	2613
f 2580 	2581 	2612
f 2613 	2612 	2581
f 844 	464 	453
f 2579 	2578 	2615
f 2614 	2615 	2578
f 2616 	2617 	2615
f 2616 	2615 	2614
f 2498 	2499 	2128
f 2130 	2128 	2499
f 2135 	2130 	2500
f 2136 	2135 	2501
f 2503 	2091 	2502
f 2505 	2098 	2504
f 2128 	2126 	2498
f 2497 	2498 	2126
f 2126 	2123 	2497
f 2496 	2497 	2123
f 2123 	2120 	2496
f 2495 	2496 	2120
f 2120 	2119 	2495
f 2494 	2495 	2119
f 2618 	2619 	2617
f 2618 	2617 	2616
f 2620 	2621 	2619
f 2620 	2619 	2618
f 2622 	2623 	2621
f 2622 	2621 	2620
f 2624 	2625 	2623
f 2624 	2623 	2622
f 2207 	2567 	2208
f 2206 	2566 	2207
f 2205 	2565 	2206
f 2204 	2564 	2205
f 2567 	2207 	2566
f 2203 	2563 	2204
f 2202 	2562 	2203
f 2119 	2210 	2494
f 2626 	2627 	2625
f 2626 	2625 	2624
f 2628 	2629 	2627
f 2628 	2627 	2626
f 3401 	3560 	3559
f 2629 	2628 	2631
f 2630 	2631 	2628
f 2546 	2559 	2224
f 2223 	2546 	2224
f 2222 	2545 	2223
f 2220 	2543 	2222
f 2219 	2542 	2220
f 2217 	2541 	2219
f 2215 	2558 	2217
f 2212 	2557 	2215
f 2546 	2223 	2545
f 2631 	2630 	2632
f 2631 	2632 	2633
f 2633 	2632 	2635
f 2634 	2635 	2632
f 2636 	2637 	2635
f 2636 	2635 	2634
f 2638 	2639 	2637
f 2638 	2637 	2636
f 2640 	2641 	2639
f 2640 	2639 	2638
f 1909 	2475 	1912
f 1907 	2474 	1909
f 2475 	2476 	1912
f 1923 	2244 	1925
f 2476 	2239 	1913
f 1913 	1912 	2476
f 2642 	2643 	2641
f 2642 	2641 	2640
f 2644 	2645 	2643
f 2644 	2643 	2642
f 2645 	2644 	2647
f 2646 	2647 	2644
f 2648 	2649 	2647
f 2648 	2647 	2646
f 2650 	2651 	2649
f 2650 	2649 	2648
f 2652 	2653 	2651
f 2652 	2651 	2650
f 2654 	2655 	2653
f 2654 	2653 	2652
f 2656 	2657 	2655
f 2656 	2655 	2654
f 2658 	2659 	2657
f 2658 	2657 	2656
f 917 	2988 	914
f 2660 	2661 	2659
f 2660 	2659 	2658
f 2662 	2663 	2661
f 2662 	2661 	2660
f 2663 	2662 	2665
f 2664 	2665 	2662
f 2666 	2667 	2665
f 2666 	2665 	2664
f 2668 	2669 	2667
f 2668 	2667 	2666
f 2670 	2671 	2669
f 2670 	2669 	2668
f 2672 	2673 	2671
f 2672 	2671 	2670
f 2674 	2675 	2673
f 2674 	2673 	2672
f 2676 	2677 	2675
f 2676 	2675 	2674
f 2678 	2679 	2677
f 2678 	2677 	2676
f 3431 	3432 	3577
f 2680 	2681 	2679
f 2680 	2679 	2678
f 3411 	3564 	3408
f 2998 	943 	950
f 942 	940 	490
f 3300 	3790 	3791
f 2982 	862 	906
f 3404 	3366 	3367
f 3409 	3367 	3368
f 3331 	3851 	3852
f 3391 	3394 	3555
f 978 	509 	510
f 983 	515 	517
f 3324 	3844 	3845
f 3326 	3325 	3846
f 3326 	3846 	3327
f 3328 	3327 	3848
f 3848 	3329 	3328
f 3401 	3402 	3560
f 1051 	537 	538
f 539 	1054 	538
f 540 	1056 	539
f 1056 	540 	541
f 1004 	1001 	522
f 1014 	525 	526
f 1025 	527 	528
f 528 	529 	1025
f 3447 	3597 	3596
f 3440 	3590 	3589
f 3598 	3597 	3448
f 3455 	3605 	3604
f 3485 	3635 	3484
f 3612 	3462 	3463
f 3614 	3463 	3464
f 1189 	3 	2441
f 1039 	532 	533
f 142 	2457 	141
f 144 	2457 	142
f 146 	2457 	144
f 167 	1328 	1329
f 148 	2457 	146
f 152 	2457 	150
f 154 	155 	2457
f 161 	2457 	159
f 163 	2457 	161
f 160 	159 	2457
f 165 	2457 	163
f 165 	168 	2457
f 141 	2457 	175
f 171 	2457 	168
f 173 	175 	2457
f 171 	173 	2457
f 3462 	3612 	3611
f 180 	182 	2824
f 182 	160 	2824
f 2457 	2824 	160
f 222 	2824 	220
f 224 	2824 	222
f 226 	2824 	224
f 228 	2824 	226
f 230 	2824 	228
f 178 	180 	2824
f 236 	2824 	233
f 238 	2824 	236
f 240 	2824 	238
f 1111 	570 	571
f 244 	2824 	242
f 246 	2824 	244
f 242 	2824 	240
f 220 	2824 	246
f 2824 	605 	231
f 252 	2457 	250
f 253 	2457 	252
f 254 	2457 	253
f 258 	260 	1199
f 371 	2457 	370
f 155 	370 	2457
f 372 	2457 	371
f 373 	2457 	372
f 375 	2457 	374
f 376 	2457 	375
f 377 	2457 	376
f 378 	2457 	377
f 381 	2457 	378
f 374 	2457 	373
f 1111 	571 	573
f 383 	2457 	381
f 383 	250 	2457
f 3722 	3246 	3721
f 3244 	3721 	3246
f 260 	386 	1199
f 388 	1199 	386
f 389 	1199 	388
f 1923 	1920 	2243
f 2247 	2250 	1927
f 1925 	2247 	1927
f 2024 	2021 	2481
f 2481 	2482 	2024
f 2074 	2071 	2464
f 2003 	2001 	2466
f 2466 	2467 	2003
f 2465 	2466 	2001
f 2001 	2074 	2465
f 2464 	2465 	2074
f 2479 	2480 	2019
f 2019 	2017 	2479
f 2017 	2087 	2478
f 2477 	2478 	2087
f 2085 	2083 	2491
f 2490 	2081 	2489
f 2021 	2019 	2480
f 2482 	2483 	2067
f 2011 	2009 	2470
f 2470 	2471 	2011
f 2013 	2011 	2471
f 2471 	2472 	2013
f 2015 	2013 	2472
f 2472 	2473 	2015
f 2473 	2474 	1907
f 2490 	2491 	2083
f 2081 	2490 	2083
f 2079 	2489 	2081
f 2110 	2487 	2115
f 2491 	2477 	2085
f 2108 	2486 	2110
f 2103 	2484 	2106
f 2106 	2485 	2108
f 2115 	2488 	2079
f 2259 	2263 	1935
f 1935 	1934 	2259
f 1934 	1932 	2257
f 2254 	2257 	1932
f 1932 	1931 	2254
f 1931 	1929 	2252
f 2250 	2252 	1929
f 2263 	2266 	1937
f 1985 	1984 	2276
f 2276 	2278 	1985
f 1984 	1982 	2275
f 2271 	2275 	1982
f 2268 	2271 	1980
f 1980 	1978 	2268
f 1978 	1937 	2266
f 2278 	2283 	1987
f 1989 	1987 	2283
f 1999 	2335 	2445
f 2506 	2138 	2445
f 3006 	966 	968
f 2681 	2680 	2683
f 2682 	2683 	2680
f 558 	560 	1072
f 2684 	2685 	2683
f 2684 	2683 	2682
f 2686 	2687 	2685
f 2686 	2685 	2684
f 2688 	2689 	2687
f 2688 	2687 	2686
f 2690 	2691 	2689
f 2690 	2689 	2688
f 2692 	2693 	2691
f 2692 	2691 	2690
f 2694 	2695 	2693
f 2694 	2693 	2692
f 2696 	2697 	2695
f 2696 	2695 	2694
f 1999 	2445 	2138
f 2138 	2506 	2140
f 2506 	2507 	2140
f 2152 	2150 	2512
f 2512 	2513 	2152
f 2150 	2148 	2511
f 2148 	2146 	2510
f 2509 	2510 	2146
f 2508 	2509 	2144
f 2140 	2507 	2142
f 2142 	2508 	2144
f 3481 	3631 	3630
f 3015 	987 	989
f 190 	1373 	1375
f 3016 	3015 	990
f 3633 	3632 	3483
f 2162 	2518 	2164
f 2166 	2164 	2519
f 2160 	2517 	2162
f 2511 	2512 	2150
f 2158 	2516 	2160
f 2519 	2164 	2518
f 2172 	2523 	2173
f 2170 	2522 	2172
f 2699 	2698 	2700
f 2699 	2700 	2701
f 2701 	2700 	2702
f 2701 	2702 	2703
f 2703 	2702 	2704
f 2703 	2704 	2705
f 3637 	3633 	3487
f 2705 	2704 	2706
f 2705 	2706 	2707
f 2707 	2706 	2708
f 2707 	2708 	2709
f 3011 	3024 	979
f 2709 	2708 	2710
f 2709 	2710 	2711
f 2711 	2710 	2712
f 2711 	2712 	2713
f 3640 	3639 	3490
f 2599 	2598 	2712
f 2713 	2712 	2598
f 3491 	3641 	3490
f 3640 	3490 	3641
f 3491 	3642 	3641
f 2715 	2714 	2716
f 2715 	2716 	2717
f 2717 	2716 	2718
f 2717 	2718 	2719
f 2719 	2718 	2720
f 2719 	2720 	2721
f 3029 	1027 	3030
f 2721 	2720 	2722
f 2721 	2722 	2723
f 2723 	2722 	2724
f 2723 	2724 	2725
f 3484 	3634 	3496
f 3721 	3244 	3245
f 3723 	3248 	3247
f 989 	990 	3015
f 3678 	3215 	3214
f 3020 	1000 	1002
f 1006 	3022 	1003
f 3023 	1010 	3024
f 1030 	3030 	1027
f 3501 	3648 	3647
f 3503 	3504 	3649
f 3684 	3222 	3221
f 2849 	746 	748
f 3662 	3580 	3581
f 2853 	748 	749
f 750 	2855 	749
f 751 	2857 	750
f 2857 	751 	2859
f 752 	2859 	751
f 2861 	2859 	753
f 752 	753 	2859
f 754 	2841 	2863
f 3232 	3710 	3711
f 391 	1199 	389
f 746 	2849 	747
f 462 	1199 	397
f 395 	397 	1199
f 1199 	393 	395
f 393 	1199 	391
f 465 	1199 	462
f 466 	1199 	465
f 469 	1199 	466
f 470 	1199 	469
f 2725 	2724 	2726
f 2725 	2726 	2727
f 753 	2863 	2861
f 472 	1199 	470
f 2727 	2726 	2728
f 2727 	2728 	2729
f 474 	1199 	472
f 2729 	2728 	2730
f 2729 	2730 	2731
f 477 	1199 	474
f 2731 	2730 	2732
f 2731 	2732 	2733
f 2864 	2942 	815
f 2698 	2699 	2732
f 2733 	2732 	2699
f 479 	1199 	477
f 2864 	815 	2866
f 482 	1199 	479
f 2735 	2734 	2736
f 2735 	2736 	2737
f 484 	1199 	482
f 2737 	2736 	2738
f 2737 	2738 	2739
f 486 	1199 	484
f 2739 	2738 	2740
f 2739 	2740 	2741
f 2848 	2868 	747
f 488 	1199 	486
f 2714 	2715 	2740
f 2741 	2740 	2715
f 500 	1199 	498
f 502 	504 	1199
f 2743 	2742 	2744
f 2743 	2744 	2745
f 2745 	2744 	2746
f 2745 	2746 	2747
f 826 	2877 	824
f 2747 	2746 	2748
f 2747 	2748 	2749
f 497 	1199 	494
f 826 	828 	2877
f 2749 	2748 	2750
f 2749 	2750 	2751
f 498 	1199 	497
f 492 	1199 	488
f 2751 	2750 	2752
f 2751 	2752 	2753
f 494 	1199 	492
f 2753 	2752 	2754
f 2753 	2754 	2755
f 2755 	2754 	2756
f 2755 	2756 	2757
f 504 	507 	1199
f 2734 	2735 	2756
f 2757 	2756 	2735
f 2544 	1199 	511
f 2759 	2758 	2760
f 2759 	2760 	2761
f 2761 	2760 	2762
f 2761 	2762 	2763
f 3580 	3662 	3661
f 2763 	2762 	2764
f 2763 	2764 	2765
f 2765 	2764 	2766
f 2765 	2766 	2767
f 2767 	2766 	2768
f 2767 	2768 	2769
f 2769 	2768 	2770
f 2769 	2770 	2771
f 2771 	2770 	2772
f 2771 	2772 	2773
f 2742 	2743 	2772
f 2773 	2772 	2743
f 2697 	2696 	2775
f 2774 	2775 	2696
f 590 	2824 	588
f 2776 	2777 	2775
f 2776 	2775 	2774
f 2778 	2779 	2777
f 2778 	2777 	2776
f 2780 	2781 	2779
f 2780 	2779 	2778
f 593 	2824 	590
f 2782 	2783 	2781
f 2782 	2781 	2780
f 598 	2824 	596
f 2784 	2785 	2783
f 2784 	2783 	2782
f 2786 	2787 	2785
f 2786 	2785 	2784
f 601 	2824 	600
f 2788 	2789 	2787
f 2788 	2787 	2786
f 603 	2824 	602
f 2789 	2788 	2791
f 2790 	2791 	2788
f 604 	2824 	603
f 2792 	2793 	2791
f 2792 	2791 	2790
f 605 	2824 	604
f 2794 	2795 	2793
f 2794 	2793 	2792
f 601 	602 	2824
f 3412 	3409 	3370
f 2796 	2797 	2795
f 2796 	2795 	2794
f 3412 	3370 	3414
f 2798 	2799 	2797
f 2798 	2797 	2796
f 2800 	2801 	2799
f 2800 	2799 	2798
f 608 	2544 	607
f 2802 	2803 	2801
f 2802 	2801 	2800
f 1122 	1121 	591
f 3419 	3417 	3373
f 2804 	2805 	2803
f 2804 	2803 	2802
f 2805 	2804 	2806
f 2805 	2806 	2807
f 606 	607 	2544
f 2807 	2806 	2808
f 2807 	2808 	2809
f 609 	2544 	608
f 2809 	2808 	2810
f 2809 	2810 	2811
f 3360 	3393 	3358
f 2873 	2844 	822
f 3247 	3297 	3723
f 834 	2883 	832
f 703 	701 	398
f 836 	2884 	834
f 399 	707 	398
f 406 	710 	399
f 418 	419 	758
f 2925 	2923 	859
f 765 	764 	423
f 732 	2825 	860
f 429 	766 	423
f 3551 	3385 	3552
f 3246 	3722 	3236
f 2873 	822 	2875
f 2883 	834 	2884
f 2892 	855 	856
f 2923 	2922 	858
f 1669 	2241 	2239
f 2243 	2241 	1669
f 1677 	2252 	2250
f 2254 	2252 	1677
f 619 	2544 	616
f 2811 	2810 	2812
f 2811 	2812 	2813
f 2813 	2812 	2814
f 2813 	2814 	2815
f 621 	622 	2544
f 616 	2544 	614
f 2815 	2814 	2816
f 2815 	2816 	2817
f 2824 	2544 	622
f 2817 	2816 	2818
f 2817 	2818 	2819
f 2819 	2818 	2820
f 2819 	2820 	2821
f 2821 	2820 	2822
f 2821 	2822 	2823
f 1683 	2263 	2259
f 2266 	2263 	1683
f 656 	2544 	653
f 1685 	2268 	2266
f 2271 	2268 	1685
f 661 	2544 	658
f 652 	653 	2544
f 666 	2544 	663
f 661 	663 	2544
f 656 	658 	2544
f 669 	2544 	666
f 672 	2544 	669
f 675 	2544 	672
f 2285 	2283 	1697
f 676 	2544 	675
f 684 	2544 	681
f 1703 	2331 	2328
f 3736 	3257 	3256
f 687 	2544 	684
f 679 	2544 	676
f 2331 	1703 	2335
f 1707 	2445 	2335
f 689 	2544 	687
f 691 	2544 	689
f 695 	2544 	691
f 679 	681 	2544
f 606 	2544 	695
f 610 	2544 	609
f 611 	2544 	610
f 1713 	2464 	2463
f 3261 	3743 	3744
f 1714 	2465 	1713
f 2464 	1713 	2465
f 500 	502 	1199
f 507 	511 	1199
f 2544 	511 	513
f 2544 	513 	516
f 2544 	516 	518
f 518 	652 	2544
f 2465 	1714 	2466
f 1718 	2467 	2466
f 2467 	1718 	1721
f 2467 	1721 	2468
f 611 	614 	2544
f 625 	2824 	622
f 582 	2824 	625
f 585 	2824 	582
f 585 	588 	2824
f 593 	596 	2824
f 600 	2824 	598
f 231 	233 	2824
f 619 	621 	2544
f 1722 	2469 	1721
f 2468 	1721 	2469
f 2469 	1722 	1724
f 2469 	1724 	2470
f 230 	178 	2824
f 152 	154 	2457
f 148 	150 	2457
f 2470 	1724 	2471
f 256 	1199 	254
f 256 	258 	1199
f 2457 	254 	1199
f 2826 	2460 	2825
f 2827 	2828 	2460
f 2473 	1729 	2474
f 2474 	1729 	2475
f 828 	2878 	2877
f 436 	777 	774
f 440 	784 	771
f 2486 	1750 	2487
f 2758 	2759 	2822
f 2823 	2822 	2759
f 2487 	1750 	2488
f 801 	448 	804
f 2441 	2439 	2832
f 3348 	2832 	2439
f 2832 	1177 	2441
f 2490 	1759 	2491
f 2596 	2594 	2865
f 2867 	2869 	2568
f 2578 	2576 	2874
f 2479 	1741 	2480
f 2480 	1741 	2481
f 2837 	2931 	730
f 2481 	1743 	2482
f 2482 	1743 	2483
f 2843 	2460 	2841
f 2844 	2460 	2843
f 2879 	2881 	2460
f 2878 	2879 	2460
f 1746 	2485 	2484
f 2486 	2485 	1746
f 2851 	2460 	2849
f 2854 	2612 	2852
f 2856 	2580 	2854
f 2850 	2852 	2610
f 2584 	2582 	2858
f 2859 	2460 	2857
f 2612 	2610 	2852
f 1756 	2490 	2489
f 2861 	2460 	2859
f 2590 	2588 	2833
f 2863 	2460 	2861
f 2857 	2460 	2855
f 1756 	1759 	2490
f 2834 	2835 	2592
f 2860 	2862 	2586
f 2841 	2460 	2863
f 2866 	2868 	1904
f 2871 	2872 	2574
f 2868 	2848 	1904
f 2492 	1760 	2484
f 2576 	2574 	2872
f 2572 	2570 	2870
f 2460 	1904 	2848
f 2872 	2874 	2576
f 2493 	1761 	1762
f 2493 	1762 	2494
f 2874 	2876 	2578
f 2494 	1762 	2495
f 2614 	2578 	2876
f 2875 	2460 	2873
f 2844 	2873 	2460
f 2876 	2880 	2614
f 2877 	2460 	2875
f 872 	2944 	871
f 2888 	2889 	2624
f 2891 	2894 	2628
f 2497 	1766 	2498
f 2881 	2883 	2460
f 2882 	2616 	2880
f 2498 	1766 	2499
f 2878 	2460 	2877
f 2885 	2618 	2882
f 2886 	2460 	2884
f 2883 	2884 	2460
f 2616 	2614 	2880
f 2886 	2890 	2460
f 2893 	2922 	2460
f 2887 	2620 	2885
f 2501 	1770 	2502
f 2628 	2626 	2891
f 2892 	2460 	2890
f 2502 	1770 	2503
f 2893 	2460 	2892
f 2895 	2630 	2894
f 1760 	2492 	2505
f 2956 	885 	2957
f 2943 	2957 	871
f 1778 	2510 	2509
f 2511 	2510 	1778
f 2654 	2652 	2906
f 2656 	2654 	2907
f 1780 	2512 	2511
f 2658 	2656 	2908
f 2907 	2908 	2656
f 434 	771 	432
f 2974 	2973 	894
f 2660 	2658 	2909
f 896 	2975 	894
f 2910 	2660 	2909
f 896 	897 	2975
f 2911 	2662 	2910
f 899 	2976 	897
f 2912 	2664 	2911
f 2908 	2909 	2658
f 900 	2978 	899
f 2674 	2672 	2916
f 2978 	900 	2979
f 2979 	901 	2980
f 2521 	2520 	1824
f 2916 	2917 	2674
f 2913 	2666 	2912
f 2662 	2911 	2664
f 789 	441 	442
f 2917 	2918 	2676
f 2678 	2676 	2918
f 2918 	2919 	2678
f 2676 	2674 	2917
f 2680 	2678 	2919
f 2947 	2946 	875
f 2920 	2680 	2919
f 2921 	2682 	2920
f 2529 	2528 	1850
f 2923 	2460 	2922
f 1851 	2547 	2530
f 2929 	2930 	2692
f 2460 	2923 	2925
f 2925 	2928 	2460
f 1852 	2531 	2527
f 2694 	2692 	2930
f 2460 	2928 	2825
f 2930 	2932 	2694
f 2532 	2531 	1852
f 2696 	2694 	2932
f 1858 	2533 	2532
f 2982 	730 	2933
f 2931 	2933 	730
f 2534 	2533 	1858
f 2936 	1904 	2935
f 2937 	1904 	2936
f 2938 	1904 	2937
f 2939 	1904 	2938
f 2940 	1904 	2939
f 2941 	1904 	2940
f 2942 	1904 	2941
f 2538 	1867 	2539
f 3761 	3273 	3272
f 2864 	2866 	1904
f 2540 	2539 	1867
f 1850 	2528 	2540
f 2944 	1904 	2943
f 2945 	1904 	2944
f 2946 	1904 	2945
f 2541 	1874 	2542
f 2947 	1904 	2946
f 2948 	1904 	2947
f 2935 	1904 	2948
f 2951 	1904 	2950
f 2952 	1904 	2951
f 2953 	2954 	1904
f 2955 	1904 	2954
f 2956 	1904 	2955
f 2949 	2950 	1904
f 1884 	2552 	2551
f 2553 	2552 	1884
f 1887 	2555 	2554
f 2556 	2555 	1887
f 1890 	2558 	2557
f 2558 	1890 	2541
f 1891 	2559 	2546
f 2559 	1891 	2560
f 2563 	1896 	2564
f 2564 	1896 	2565
f 460 	837 	459
f 839 	837 	461
f 463 	841 	461
f 3392 	3391 	3554
f 463 	464 	841
f 453 	816 	844
f 816 	453 	814
f 819 	814 	454
f 452 	454 	814
f 3408 	3563 	3562
f 457 	458 	829
f 3257 	3736 	3258
f 460 	461 	837
f 839 	461 	841
f 3572 	3426 	3427
f 2959 	2722 	2958
f 468 	852 	467
f 2960 	2724 	2959
f 3265 	3748 	3750
f 2961 	2726 	2960
f 2962 	2728 	2961
f 920 	478 	480
f 2963 	2730 	2962
f 483 	928 	481
f 2964 	2732 	2963
f 2239 	1667 	1669
f 934 	931 	487
f 2965 	2698 	2964
f 1669 	1670 	2243
f 467 	850 	487
f 2243 	1670 	1672
f 2243 	1672 	2244
f 3273 	3761 	3274
f 1673 	2247 	1672
f 2244 	1672 	2247
f 2966 	2700 	2965
f 2247 	1673 	1675
f 2247 	1675 	2250
f 2250 	1675 	1677
f 1679 	2254 	1677
f 2254 	1679 	2257
f 1681 	2257 	1679
f 2257 	1681 	2259
f 1682 	2259 	1681
f 2943 	1904 	2957
f 2957 	1904 	2956
f 1683 	2259 	1682
f 2948 	2947 	876
f 875 	876 	2947
f 1684 	2266 	1683
f 1685 	2266 	1684
f 1687 	2271 	1685
f 2271 	1687 	2275
f 1688 	2275 	1687
f 2275 	1688 	2276
f 1689 	2276 	1688
f 2276 	1689 	2278
f 1694 	2278 	1689
f 1694 	2283 	2278
f 3285 	3284 	3775
f 1697 	2283 	1694
f 1698 	2285 	1697
f 2953 	881 	883
f 2285 	1698 	2287
f 1701 	2287 	1698
f 1702 	2328 	2287
f 1702 	2287 	1701
f 2328 	1702 	1703
f 2335 	1703 	1706
f 3274 	3763 	3764
f 2335 	1706 	1707
f 2463 	1710 	1713
f 1714 	1717 	2466
f 2466 	1717 	1718
f 2974 	894 	2975
f 1726 	2471 	1724
f 2471 	1726 	2472
f 1727 	2472 	1726
f 903 	2980 	901
f 1728 	2473 	2472
f 1728 	2472 	1727
f 903 	904 	2980
f 2473 	1728 	1729
f 1730 	2475 	1729
f 2475 	1730 	2476
f 1731 	2476 	1730
f 907 	2983 	906
f 2476 	1731 	2239
f 1667 	2239 	1731
f 2491 	1735 	2477
f 1737 	2478 	1735
f 2477 	1735 	2478
f 137 	1292 	1253
f 2478 	1737 	1738
f 2478 	1738 	2479
f 2479 	1738 	1741
f 1741 	1742 	2481
f 917 	922 	2988
f 2481 	1742 	1743
f 1743 	1744 	2483
f 1710 	2463 	1744
f 2483 	1744 	2463
f 2484 	1745 	1746
f 1746 	1748 	2486
f 2993 	929 	932
f 2486 	1748 	1750
f 128 	1270 	1272
f 1750 	1752 	2488
f 1754 	2489 	1752
f 2488 	1752 	2489
f 130 	1275 	1276
f 2971 	726 	2970
f 130 	1276 	1278
f 943 	2998 	939
f 2972 	726 	2971
f 2973 	726 	2972
f 2982 	906 	2983
f 2974 	726 	2973
f 909 	2984 	907
f 925 	480 	481
f 481 	928 	925
f 928 	483 	485
f 2983 	730 	2982
f 2984 	730 	2983
f 2985 	730 	2984
f 2986 	730 	2985
f 2987 	730 	2986
f 2993 	932 	2994
f 2988 	730 	2987
f 2990 	730 	2989
f 2991 	730 	2990
f 2989 	730 	2988
f 2992 	730 	2991
f 499 	955 	576
f 2993 	730 	2992
f 2994 	730 	2993
f 2995 	730 	2994
f 2996 	730 	2995
f 2997 	730 	2996
f 3002 	3001 	956
f 730 	2997 	2998
f 2999 	730 	2998
f 3003 	730 	3002
f 3005 	730 	3004
f 977 	972 	509
f 958 	3003 	956
f 509 	978 	977
f 3001 	730 	3000
f 3000 	730 	2999
f 3002 	730 	3001
f 3004 	730 	3003
f 3006 	730 	3005
f 3007 	730 	3006
f 973 	3009 	971
f 973 	975 	3009
f 918 	915 	476
f 3012 	726 	3011
f 478 	920 	476
f 2489 	1754 	1756
f 2983 	907 	2984
f 909 	911 	2984
f 3013 	726 	3012
f 149 	147 	1309
f 3014 	726 	3013
f 3016 	726 	3015
f 3018 	726 	3017
f 3016 	3017 	726
f 485 	931 	928
f 3019 	726 	3010
f 3023 	726 	3022
f 3020 	726 	3019
f 3024 	726 	3023
f 3021 	726 	3020
f 3011 	726 	3024
f 3014 	3015 	726
f 490 	491 	942
f 166 	164 	1328
f 3026 	726 	3025
f 3027 	726 	3026
f 3018 	3025 	726
f 3028 	726 	3027
f 3029 	726 	3028
f 3030 	726 	3029
f 3031 	726 	3030
f 3032 	726 	3031
f 2970 	726 	3032
f 2975 	2976 	726
f 3008 	726 	3007
f 3009 	726 	3008
f 3010 	726 	3009
f 730 	3007 	726
f 3021 	3022 	726
f 1904 	726 	2976
f 2977 	1904 	2976
f 2978 	1904 	2977
f 2979 	1904 	2978
f 2981 	1904 	2980
f 2979 	2980 	1904
f 2949 	1904 	2981
f 2952 	2953 	1904
f 2974 	2975 	726
f 2942 	2864 	1904
f 2848 	2849 	2460
f 2853 	2460 	2851
f 2853 	2855 	2460
f 2826 	2827 	2460
f 2828 	2829 	2460
f 730 	2460 	2829
f 2830 	730 	2829
f 2836 	2837 	730
f 2831 	2836 	730
f 2830 	2831 	730
f 1214 	2462 	2434
f 1172 	2435 	1652
f 2995 	2994 	935
f 489 	490 	940
f 2995 	935 	2996
f 709 	1660 	2544
f 1658 	1660 	709
f 269 	29 	3351
f 2824 	718 	709
f 2824 	709 	2544
f 2457 	2456 	718
f 2457 	718 	2824
f 3191 	3190 	709
f 3162 	3161 	709
f 3002 	956 	3003
f 969 	505 	506
f 958 	961 	3003
f 3004 	3003 	961
f 964 	3005 	961
f 3034 	3033 	2456
f 3049 	2456 	3033
f 3035 	3034 	2456
f 975 	3010 	3009
f 3039 	3038 	2456
f 3038 	3037 	2456
f 3037 	3036 	2456
f 3040 	3039 	2456
f 3113 	3111 	2456
f 3108 	3106 	2456
f 3104 	3103 	2456
f 3103 	3041 	2456
f 3041 	3040 	2456
f 2456 	3042 	722
f 3043 	3042 	2456
f 1001 	520 	521
f 3044 	3043 	2456
f 3045 	3044 	2456
f 990 	992 	3016
f 523 	1008 	522
f 3046 	3045 	2456
f 3048 	3047 	2456
f 3047 	3046 	2456
f 3036 	3035 	2456
f 2456 	3049 	3048
f 1019 	1017 	527
f 1735 	2491 	1759
f 527 	1025 	1019
f 1745 	2484 	1760
f 3023 	3022 	1010
f 1013 	3024 	1010
f 1013 	979 	3024
f 1763 	2495 	1762
f 3025 	3018 	1020
f 2495 	1763 	2496
f 1764 	2496 	1763
f 1022 	3026 	1020
f 1765 	2497 	2496
f 1765 	2496 	1764
f 2497 	1765 	1766
f 1767 	2499 	1766
f 1043 	533 	534
f 2499 	1767 	2500
f 1768 	2500 	1767
f 534 	535 	1043
f 1769 	2501 	2500
f 1769 	2500 	1768
f 2501 	1769 	1770
f 1771 	2503 	1770
f 2503 	1771 	2504
f 1772 	2504 	1771
f 2504 	1772 	2505
f 1773 	2505 	1772
f 2505 	1773 	1760
f 1002 	1003 	3020
f 1774 	2506 	2445
f 1774 	2445 	1707
f 2506 	1774 	2507
f 1775 	2507 	1774
f 3420 	3568 	3567
f 3569 	3568 	3423
f 3011 	979 	980
f 3430 	3576 	3575
f 3360 	3395 	3393
f 3367 	3407 	3404
f 3407 	3367 	3409
f 3368 	3370 	3409
f 3373 	3417 	3414
f 2829 	2828 	738
f 739 	2829 	738
f 740 	2831 	739
f 2831 	740 	2836
f 741 	2836 	740
f 741 	742 	2836
f 3298 	3789 	3299
f 2841 	743 	744
f 2844 	744 	745
f 2848 	747 	2849
f 3306 	3305 	3797
f 2967 	2702 	2966
f 1429 	213 	1426
f 2712 	2710 	2838
f 2968 	2704 	2967
f 3830 	3831 	3311
f 3311 	3831 	3312
f 2838 	2839 	2712
f 2969 	2706 	2968
f 2698 	2965 	2700
f 3789 	3298 	3314
f 2958 	2720 	3053
f 3055 	3056 	2734
f 221 	219 	1443
f 2736 	2734 	3056
f 3057 	2736 	3056
f 1446 	223 	1443
f 3058 	2738 	3057
f 1004 	522 	1008
f 524 	1008 	523
f 2507 	1775 	2508
f 1776 	2508 	1775
f 3051 	3050 	718
f 1777 	2509 	2508
f 1777 	2508 	1776
f 3062 	3051 	718
f 2509 	1777 	1778
f 1779 	2511 	1778
f 3072 	3074 	2752
f 2511 	1779 	1780
f 2754 	2752 	3074
f 3064 	718 	3065
f 3074 	3054 	2754
f 3065 	718 	3067
f 2756 	2754 	3054
f 3069 	718 	3071
f 1781 	2513 	2512
f 1781 	2512 	1780
f 3054 	3055 	2756
f 3050 	3073 	718
f 3071 	718 	3073
f 2513 	1781 	2514
f 1782 	2514 	1781
f 2734 	2756 	3055
f 1783 	2515 	2514
f 1783 	2514 	1782
f 2752 	2750 	3072
f 2515 	1783 	2516
f 1785 	2516 	1783
f 1786 	2517 	2516
f 1786 	2516 	1785
f 2766 	2764 	3084
f 3078 	3076 	718
f 2517 	1786 	2518
f 1787 	2518 	1786
f 2518 	1787 	2519
f 1789 	2519 	1787
f 3080 	718 	3082
f 2748 	2746 	3068
f 3084 	3086 	2766
f 3083 	718 	3085
f 1789 	1824 	2519
f 2520 	2519 	1824
f 3069 	3067 	718
f 3087 	718 	3064
f 3085 	718 	3087
f 1825 	2521 	1824
f 2521 	1825 	2522
f 1826 	2522 	1825
f 3083 	3082 	718
f 3080 	3078 	718
f 3076 	3075 	718
f 1827 	2523 	2522
f 1827 	2522 	1826
f 3100 	3102 	2758
f 2523 	1827 	2524
f 1833 	2524 	1827
f 2456 	3093 	3091
f 1834 	2525 	2524
f 1834 	2524 	1833
f 3102 	3079 	2760
f 2760 	2758 	3102
f 2525 	1834 	2526
f 1835 	2526 	1834
f 3336 	3335 	3856
f 1198 	3098 	723
f 2526 	1835 	2527
f 1836 	2527 	1835
f 3856 	3337 	3336
f 1198 	3099 	3098
f 3079 	3081 	2762
f 2762 	2760 	3079
f 1198 	3101 	3099
f 1836 	1852 	2527
f 2764 	2762 	3081
f 1849 	2529 	1850
f 3859 	3339 	3338
f 3151 	3149 	1198
f 3148 	3146 	1198
f 3144 	3142 	1198
f 3140 	3139 	1198
f 1198 	3121 	3101
f 2529 	1849 	2530
f 1851 	2530 	1849
f 3081 	3084 	2764
f 1857 	2532 	1852
f 2456 	3106 	3105
f 3105 	3104 	2456
f 1858 	2532 	1857
f 2784 	2782 	3117
f 1859 	2534 	1858
f 3109 	3108 	2456
f 3111 	3109 	2456
f 2534 	1859 	2535
f 1860 	2535 	1859
f 3394 	3378 	3556
f 1861 	2536 	2535
f 1861 	2535 	1860
f 3114 	3113 	2456
f 3119 	3120 	2786
f 2536 	1861 	2537
f 1865 	2537 	1861
f 3091 	3118 	2456
f 3118 	3116 	2456
f 3116 	3114 	2456
f 3117 	3119 	2784
f 1866 	2538 	2537
f 1866 	2537 	1865
f 2538 	1866 	1867
f 2788 	2786 	3120
f 3861 	3835 	3341
f 1873 	2540 	1867
f 3122 	3121 	1198
f 3123 	3122 	1198
f 3127 	2790 	3125
f 3124 	3123 	1198
f 2540 	1873 	1850
f 3126 	3124 	1198
f 3128 	3126 	1198
f 3130 	2792 	3127
f 3120 	3125 	2788
f 2541 	1890 	1874
f 3131 	2794 	3130
f 3132 	2796 	3131
f 3129 	3128 	1198
f 2802 	2800 	3136
f 1198 	3134 	3129
f 3136 	3141 	2802
f 3134 	1198 	3135
f 3137 	3135 	1198
f 3138 	3137 	1198
f 2804 	2802 	3141
f 3139 	3138 	1198
f 3145 	2806 	3143
f 3143 	2804 	3141
f 3147 	2808 	3145
f 3140 	1198 	3142
f 3144 	1198 	3146
f 3150 	2810 	3147
f 3148 	1198 	3149
f 820 	2868 	2866
f 3092 	2814 	3090
f 3157 	3156 	1198
f 3155 	3154 	1198
f 1198 	3154 	3153
f 1198 	3153 	3152
f 3152 	3151 	1198
f 2714 	3060 	2716
f 3053 	2718 	3061
f 2736 	3057 	2738
f 3061 	2716 	3060
f 2738 	3058 	2740
f 3060 	2714 	3059
f 3155 	1198 	3156
f 745 	822 	2844
f 538 	1053 	1051
f 3157 	1198 	3158
f 3068 	3070 	2748
f 3070 	3072 	2750
f 2750 	2748 	3070
f 3059 	2740 	3058
f 2768 	2766 	3086
f 3063 	2742 	3077
f 3349 	704 	1198
f 1054 	1053 	538
f 3158 	1198 	3159
f 1054 	539 	1056
f 3089 	3077 	2772
f 2770 	2768 	3088
f 2772 	2770 	3089
f 3088 	3089 	2770
f 2742 	3063 	2744
f 3066 	3068 	2746
f 2746 	2744 	3066
f 3063 	3066 	2744
f 2772 	3077 	2742
f 3086 	3088 	2768
f 3096 	3097 	2820
f 2758 	2822 	3100
f 3092 	3094 	2816
f 1874 	1875 	2542
f 3187 	718 	3164
f 2808 	3147 	2810
f 3097 	3100 	2822
f 2542 	1875 	1876
f 2542 	1876 	2543
f 3165 	718 	3166
f 3167 	3166 	718
f 2543 	1876 	1877
f 2543 	1877 	2545
f 3319 	3839 	3840
f 1878 	2546 	1877
f 2545 	1877 	2546
f 2820 	2818 	3096
f 3094 	3096 	2818
f 2816 	3094 	2818
f 2814 	3092 	2816
f 2812 	3090 	2814
f 2810 	3150 	2812
f 2822 	2820 	3097
f 3167 	718 	3168
f 3169 	3168 	718
f 3170 	3169 	718
f 1879 	2547 	1851
f 2672 	2670 	2915
f 2915 	2916 	2672
f 2670 	2668 	2914
f 2914 	2915 	2670
f 2913 	2914 	2668
f 1880 	2548 	2547
f 1880 	2547 	1879
f 3171 	3170 	718
f 3172 	3171 	718
f 3173 	3172 	718
f 2548 	1880 	2549
f 1881 	2549 	1880
f 3174 	3173 	718
f 3175 	3174 	718
f 3176 	3175 	718
f 1882 	2550 	2549
f 1882 	2549 	1881
f 2688 	2686 	2926
f 2924 	2926 	2686
f 2686 	2684 	2924
f 2926 	2927 	2688
f 2921 	2924 	2684
f 2682 	2921 	2684
f 2680 	2920 	2682
f 2690 	2688 	2927
f 2927 	2929 	2690
f 2692 	2690 	2929
f 2696 	2932 	2934
f 541 	543 	1060
f 3075 	3176 	718
f 2550 	1882 	2551
f 1883 	2551 	1882
f 2551 	1883 	1884
f 1885 	2553 	1884
f 545 	1060 	543
f 3115 	3117 	2782
f 2782 	2780 	3115
f 2786 	2784 	3119
f 3112 	3115 	2780
f 2780 	2778 	3112
f 3110 	3112 	2778
f 2778 	2776 	3110
f 3107 	3110 	2776
f 2776 	2774 	3107
f 2934 	3107 	2774
f 2934 	2774 	2696
f 1886 	2554 	2553
f 1886 	2553 	1885
f 1061 	545 	1063
f 3179 	3178 	709
f 3177 	709 	3178
f 2554 	1886 	1887
f 3180 	3179 	709
f 1888 	2556 	1887
f 3181 	709 	3182
f 3133 	3136 	2800
f 2798 	3133 	2800
f 2796 	3132 	2798
f 2794 	3131 	2796
f 2790 	3127 	2792
f 2788 	3125 	2790
f 2792 	3130 	2794
f 3133 	2798 	3132
f 2806 	3145 	2808
f 3090 	2812 	3150
f 2804 	3143 	2806
f 2556 	1888 	2557
f 1889 	2557 	1888
f 3183 	3182 	709
f 553 	1067 	551
f 2557 	1889 	1890
f 3185 	3184 	709
f 718 	715 	709
f 2865 	2867 	2596
f 2568 	2596 	2867
f 2835 	2865 	2594
f 2869 	2870 	2570
f 3187 	715 	718
f 2870 	2871 	2572
f 2546 	1878 	1891
f 1891 	1892 	2560
f 3163 	3162 	709
f 1893 	2561 	1892
f 2560 	1892 	2561
f 3188 	3163 	709
f 2622 	2888 	2624
f 2620 	2887 	2622
f 2618 	2885 	2620
f 2888 	2622 	2887
f 2570 	2568 	2869
f 2616 	2882 	2618
f 2626 	2624 	2889
f 3190 	3189 	709
f 3192 	3191 	709
f 2640 	2638 	2899
f 2630 	2895 	2632
f 2638 	2636 	2898
f 2897 	2898 	2636
f 2634 	2897 	2636
f 2632 	2896 	2634
f 3195 	3194 	709
f 3193 	3192 	709
f 2574 	2572 	2871
f 2889 	2891 	2626
f 2630 	2628 	2894
f 2896 	2632 	2895
f 2897 	2634 	2896
f 2898 	2899 	2638
f 2899 	2900 	2640
f 2901 	2902 	2644
f 2648 	2646 	2903
f 2652 	2650 	2905
f 2906 	2907 	2654
f 2905 	2906 	2652
f 3193 	709 	3194
f 3197 	3196 	709
f 3196 	3195 	709
f 2903 	2904 	2648
f 2902 	2903 	2646
f 2646 	2644 	2902
f 2644 	2642 	2901
f 2900 	2901 	2642
f 2642 	2640 	2900
f 2650 	2648 	2904
f 2904 	2905 	2650
f 3198 	3197 	709
f 3200 	3199 	709
f 3199 	3198 	709
f 2666 	2913 	2668
f 2664 	2912 	2666
f 2660 	2910 	2662
f 709 	3201 	3200
f 3202 	3201 	709
f 3203 	3202 	709
f 3184 	3183 	709
f 3181 	3180 	709
f 3177 	3205 	709
f 3204 	709 	3205
f 3203 	709 	3204
f 3394 	3556 	3555
f 3546 	3556 	3378
f 3397 	3558 	3398
f 1126 	1125 	597
f 267 	1491 	1492
f 3549 	3382 	3550
f 1121 	584 	587
f 234 	1456 	1458
f 234 	1458 	1460
f 2592 	2590 	2834
f 243 	1464 	1466
f 2858 	2860 	2584
f 2856 	2858 	2582
f 2580 	2856 	2582
f 2586 	2584 	2860
f 2588 	2586 	2862
f 2594 	2592 	2835
f 2833 	2834 	2590
f 2862 	2833 	2588
f 2599 	2712 	2839
f 2839 	2840 	2599
f 2600 	2599 	2840
f 2600 	2840 	2842
f 2845 	2602 	2842
f 2606 	2604 	2846
f 2610 	2608 	2850
f 2847 	2850 	2608
f 2612 	2854 	2580
f 2608 	2606 	2847
f 2846 	2847 	2606
f 2845 	2846 	2604
f 2602 	2845 	2604
f 2600 	2842 	2602
f 1064 	1063 	549
f 162 	251 	1324
f 3052 	2838 	2710
f 2708 	3052 	2710
f 2706 	2969 	2708
f 2704 	2968 	2706
f 2702 	2967 	2704
f 2700 	2966 	2702
f 3052 	2708 	2969
f 2730 	2963 	2732
f 2728 	2962 	2730
f 2726 	2961 	2728
f 2724 	2960 	2726
f 2722 	2959 	2724
f 2720 	2958 	2722
f 2718 	3053 	2720
f 2716 	3061 	2718
f 2732 	2964 	2698
f 2561 	1893 	1894
f 2561 	1894 	2562
f 3845 	3325 	3324
f 2740 	3059 	2714
f 1895 	2563 	1894
f 2562 	1894 	2563
f 3845 	3846 	3325
f 2563 	1895 	1896
f 1896 	1897 	2565
f 1224 	2835 	2834
f 2565 	1897 	1898
f 2565 	1898 	2566
f 2835 	1224 	2865
f 2566 	1898 	2567
f 1899 	2567 	1898
f 2838 	1229 	2839
f 2567 	1899 	2493
f 1761 	2493 	1899
f 119 	2439 	264
f 1235 	2845 	2842
f 1187 	2439 	2
f 2845 	1235 	2846
f 264 	2441 	3
f 3855 	3856 	3335
f 2850 	1263 	2852
f 2852 	1263 	2854
f 119 	2 	2439
f 3859 	3860 	3339
f 2860 	1273 	2862
f 2862 	1273 	2833
f 3207 	1658 	3206
f 1660 	1658 	3207
f 1223 	2834 	1221
f 2833 	1221 	2834
f 1177 	113 	110
f 2834 	1223 	1224
f 2839 	1229 	1228
f 2839 	1228 	2840
f 1231 	2840 	1228
f 2840 	1231 	2842
f 1233 	2842 	1231
f 2544 	1660 	1174
f 3213 	49 	1660
f 1235 	2842 	1233
f 1236 	2846 	1235
f 113 	1177 	207
f 2846 	1236 	2847
f 1238 	2847 	1236
f 1260 	2850 	2847
f 1260 	2847 	1238
f 3208 	1889 	1
f 2850 	1260 	1263
f 1265 	2854 	1263
f 2854 	1265 	2856
f 1267 	2856 	1265
f 3224 	3223 	3701
f 108 	44 	3209
f 1269 	2858 	2856
f 1269 	2856 	1267
f 3225 	3224 	3701
f 1721 	1718 	1902
f 2858 	1269 	2860
f 1271 	2860 	1269
f 3210 	3668 	1902
f 2860 	1271 	1273
f 108 	3209 	118
f 2435 	3209 	1652
f 2833 	1273 	1221
f 3227 	3704 	3706
f 2867 	2865 	1277
f 1287 	2871 	2870
f 2872 	2871 	1287
f 2876 	1298 	2880
f 2882 	2880 	1298
f 1416 	2887 	2885
f 2888 	2887 	1416
f 1422 	2891 	2889
f 1423 	2891 	1422
f 118 	2435 	274
f 2450 	274 	2435
f 1277 	2865 	1224
f 274 	2450 	268
f 1280 	2867 	1277
f 1282 	2869 	2867
f 1282 	2867 	1280
f 2869 	1282 	2870
f 1284 	2870 	1282
f 1195 	109 	3350
f 2870 	1284 	1287
f 1290 	2872 	1287
f 3352 	272 	3351
f 2872 	1290 	2874
f 1293 	2874 	1290
f 3208 	3211 	3212
f 3210 	3208 	3212
f 2874 	1293 	2876
f 1294 	2876 	1293
f 1174 	49 	1179
f 1294 	1298 	2876
f 1175 	2 	1
f 1189 	1130 	3
f 107 	4 	1130
f 1300 	2882 	1298
f 1130 	46 	107
f 3711 	3233 	3232
f 1302 	2885 	2882
f 1302 	2882 	1300
f 2885 	1302 	1416
f 3234 	3233 	3711
f 1419 	2888 	1416
f 1174 	1660 	49
f 2888 	1419 	2889
f 1421 	2889 	1419
f 1422 	2889 	1421
f 3348 	120 	207
f 36 	3208 	1
f 2891 	1423 	2894
f 3 	288 	264
f 2894 	1423 	1425
f 2894 	1425 	2895
f 1427 	2896 	2895
f 1427 	2895 	1425
f 1428 	2897 	2896
f 1428 	2896 	1427
f 3215 	3207 	3214
f 3216 	3207 	3215
f 1430 	2898 	2897
f 1430 	2897 	1428
f 3217 	3207 	3216
f 1432 	2899 	2898
f 1432 	2898 	1430
f 3218 	3207 	3217
f 1434 	2900 	2899
f 1434 	2899 	1432
f 1436 	2901 	2900
f 1436 	2900 	1434
f 3220 	3207 	3219
f 1438 	2902 	2901
f 1438 	2901 	1436
f 1440 	2903 	2902
f 1440 	2902 	1438
f 3218 	3219 	3207
f 1442 	2904 	2903
f 1442 	2903 	1440
f 1444 	2905 	2904
f 1444 	2904 	1442
f 3222 	3207 	3221
f 1445 	2906 	2905
f 1445 	2905 	1444
f 3223 	3207 	3222
f 3224 	3207 	3223
f 3225 	3207 	3224
f 2906 	1448 	2907
f 3226 	3207 	3225
f 3220 	3221 	3207
f 2907 	1448 	1449
f 2907 	1449 	2908
f 3227 	3207 	3226
f 2908 	1449 	2909
f 3228 	3207 	3227
f 3229 	3207 	3228
f 3230 	3207 	3229
f 3232 	3207 	3231
f 3233 	3207 	3232
f 2911 	1455 	2912
f 2912 	1455 	2913
f 3231 	3207 	3230
f 3238 	3715 	3716
f 3235 	1660 	3234
f 1463 	2915 	2914
f 2916 	2915 	1463
f 1467 	2917 	2916
f 2918 	2917 	1467
f 1475 	2921 	2920
f 1117 	581 	584
f 1539 	2924 	1475
f 2921 	1475 	2924
f 1122 	591 	592
f 3215 	3678 	3216
f 1105 	1127 	566
f 3679 	3217 	3216
f 1448 	2906 	1445
f 3217 	3681 	3218
f 1452 	2909 	1449
f 2909 	1452 	2910
f 1453 	2910 	1452
f 3681 	3682 	3218
f 3219 	3218 	3682
f 1454 	2911 	2910
f 1454 	2910 	1453
f 3220 	3219 	3682
f 2911 	1454 	1455
f 1457 	2913 	1455
f 1114 	1112 	574
f 2913 	1457 	2914
f 1459 	2914 	1457
f 3686 	3701 	3223
f 1463 	2914 	1459
f 1465 	2916 	1463
f 1467 	2916 	1465
f 1469 	2918 	1467
f 2918 	1469 	2919
f 1471 	2919 	1469
f 2919 	1471 	2920
f 1473 	2920 	1471
f 2920 	1473 	1475
f 2924 	1539 	2926
f 1541 	2926 	1539
f 1542 	2927 	2926
f 1542 	2926 	1541
f 2927 	1542 	2929
f 1544 	2929 	1542
f 322 	1531 	1533
f 3423 	3570 	3569
f 1546 	2930 	2929
f 1546 	2929 	1544
f 2932 	2930 	1546
f 2932 	1546 	1548
f 2932 	1548 	2934
f 1550 	2934 	1548
f 1598 	2934 	1550
f 2958 	1552 	1553
f 2958 	1553 	2959
f 3706 	3228 	3227
f 2959 	1553 	1554
f 2959 	1554 	2960
f 3229 	3228 	3706
f 2960 	1554 	1555
f 2960 	1555 	2961
f 2961 	1555 	1556
f 2961 	1556 	2962
f 2962 	1556 	1557
f 2962 	1557 	2963
f 2963 	1557 	1558
f 2963 	1558 	2964
f 2964 	1558 	1559
f 2964 	1559 	2965
f 2965 	1559 	1560
f 2965 	1560 	2966
f 1561 	2967 	2966
f 1561 	2966 	1560
f 1562 	2968 	2967
f 1562 	2967 	1561
f 1563 	2969 	2968
f 1563 	2968 	1562
f 3722 	3713 	3236
f 1564 	3052 	2969
f 1564 	2969 	1563
f 3713 	3237 	3236
f 2838 	3052 	1229
f 3052 	1564 	1229
f 3238 	3716 	3239
f 3061 	1565 	3053
f 3239 	3716 	3240
f 3053 	1565 	2958
f 1568 	3056 	3055
f 3056 	1568 	3057
f 3059 	1572 	3060
f 3060 	1572 	3061
f 1575 	3066 	1574
f 3063 	1574 	3066
f 3066 	1575 	3068
f 3072 	1579 	3074
f 3074 	1579 	3054
f 177 	1255 	1349
f 125 	124 	1264
f 1266 	126 	1264
f 394 	699 	697
f 1281 	132 	1278
f 398 	707 	703
f 707 	399 	710
f 710 	406 	407
f 435 	774 	408
f 3252 	3729 	3731
f 765 	423 	766
f 429 	430 	766
f 149 	1309 	1312
f 437 	779 	436
f 139 	158 	365
f 445 	795 	444
f 794 	444 	795
f 796 	795 	446
f 798 	796 	447
f 449 	804 	448
f 804 	449 	450
f 763 	761 	420
f 421 	764 	420
f 3285 	3775 	3286
f 777 	436 	779
f 3767 	3277 	3276
f 3767 	3278 	3277
f 3565 	3413 	3566
f 3415 	3567 	3566
f 3420 	3423 	3568
f 440 	441 	784
f 3731 	3253 	3252
f 3254 	3253 	3731
f 519 	994 	810
f 390 	694 	454
f 2958 	1565 	1552
f 3744 	3262 	3261
f 1567 	3055 	1566
f 3054 	1566 	3055
f 3263 	3262 	3744
f 3241 	3242 	3207
f 3238 	3207 	3237
f 3243 	3207 	3242
f 3750 	3266 	3265
f 3214 	3207 	3243
f 3240 	3241 	3207
f 3267 	3266 	3750
f 3246 	3207 	3244
f 3246 	3236 	3207
f 820 	747 	2868
f 3248 	3363 	3247
f 3249 	3250 	3363
f 3250 	3245 	3363
f 1328 	167 	166
f 3207 	3363 	3245
f 3252 	1660 	3251
f 3253 	1660 	3252
f 3207 	3234 	1660
f 3764 	3275 	3274
f 3255 	3256 	1660
f 174 	1336 	1339
f 3276 	3275 	3764
f 3257 	1660 	3256
f 3254 	3255 	1660
f 3258 	1660 	3257
f 2884 	836 	838
f 3258 	3259 	1660
f 3260 	1660 	3259
f 3261 	1660 	3260
f 3262 	1660 	3261
f 3263 	1660 	3262
f 857 	2922 	856
f 3264 	1660 	3263
f 857 	858 	2922
f 3265 	1660 	3264
f 3266 	1660 	3265
f 3267 	1660 	3266
f 3269 	1660 	3268
f 3268 	1660 	3267
f 3271 	1660 	3270
f 2878 	828 	830
f 3272 	1660 	3271
f 3273 	1660 	3272
f 3275 	1660 	3274
f 3276 	1660 	3275
f 3274 	1660 	3273
f 3277 	1660 	3276
f 3278 	1660 	3277
f 3269 	3270 	1660
f 195 	1389 	1391
f 3785 	3295 	3784
f 3279 	1660 	3278
f 3281 	3282 	1660
f 3787 	3297 	3296
f 3213 	1660 	3282
f 3787 	3723 	3297
f 3213 	3284 	3285
f 3333 	3213 	3286
f 3285 	3286 	3213
f 3288 	3363 	3287
f 3289 	3363 	3288
f 3290 	3363 	3289
f 3291 	3363 	3290
f 3292 	3363 	3291
f 3796 	3797 	3305
f 3293 	3363 	3292
f 3294 	3363 	3293
f 3296 	3363 	3295
f 832 	2881 	830
f 3247 	3363 	3297
f 3297 	3363 	3296
f 3300 	3363 	3299
f 2886 	2884 	838
f 3304 	3363 	3303
f 3306 	3363 	3305
f 3301 	3363 	3300
f 3305 	3363 	3304
f 189 	188 	1373
f 3308 	3363 	3307
f 3287 	3778 	3288
f 3306 	3307 	3363
f 3287 	3363 	3308
f 858 	859 	2923
f 3779 	3289 	3778
f 3288 	3778 	3289
f 3289 	3779 	3290
f 192 	1377 	1383
f 3298 	3363 	3314
f 368 	193 	1383
f 3294 	3784 	3295
f 3314 	3363 	3313
f 3298 	3299 	3363
f 3302 	3303 	3363
f 3301 	3302 	3363
f 3785 	3296 	3295
f 3317 	3213 	3316
f 3790 	3300 	3299
f 3321 	3213 	3320
f 3300 	3791 	3301
f 3315 	3316 	3213
f 3301 	3791 	3302
f 3318 	3213 	3317
f 3320 	3213 	3319
f 3325 	3213 	3324
f 3303 	3794 	3304
f 3326 	3213 	3325
f 3794 	3305 	3304
f 3055 	1567 	1568
f 1568 	1569 	3057
f 3797 	3307 	3306
f 1570 	3058 	1569
f 3057 	1569 	3058
f 3058 	1570 	1571
f 3058 	1571 	3059
f 3059 	1571 	1572
f 1572 	1573 	3061
f 3309 	3830 	3310
f 1573 	1565 	3061
f 1420 	210 	1418
f 3310 	3830 	3311
f 1576 	3068 	1575
f 1577 	3070 	3068
f 1577 	3068 	1576
f 3070 	1577 	3072
f 1578 	3072 	1577
f 2936 	864 	865
f 3072 	1578 	1579
f 2938 	2937 	866
f 3054 	1579 	1566
f 867 	2939 	866
f 2942 	2941 	870
f 1583 	3084 	3081
f 870 	815 	2942
f 3084 	1583 	3086
f 3086 	1586 	3088
f 3088 	1586 	3089
f 221 	1443 	223
f 1447 	225 	1446
f 223 	1446 	225
f 1593 	3094 	3092
f 3094 	1593 	3096
f 1450 	227 	1447
f 225 	1447 	227
f 1595 	3097 	3096
f 3097 	1595 	3100
f 3100 	1597 	3102
f 3102 	1597 	3079
f 1574 	3063 	1580
f 3077 	1580 	3063
f 1582 	3081 	1581
f 3079 	1581 	3081
f 3081 	1582 	1583
f 1583 	1585 	3086
f 819 	454 	694
f 3086 	1585 	1586
f 823 	468 	455
f 1588 	3089 	1586
f 455 	456 	823
f 1580 	3077 	3089
f 1580 	3089 	1588
f 3090 	1591 	3092
f 1592 	3092 	1591
f 1593 	3092 	1592
f 1433 	215 	1431
f 1594 	3096 	1593
f 1435 	215 	1433
f 1595 	3096 	1594
f 1596 	3100 	1595
f 3100 	1596 	1597
f 3079 	1597 	1581
f 2934 	1598 	3107
f 1600 	3110 	1598
f 3107 	1598 	3110
f 3110 	1600 	3112
f 873 	874 	2946
f 874 	875 	2946
f 3319 	3840 	3320
f 3117 	1604 	3119
f 3320 	3840 	3321
f 3119 	1604 	3120
f 863 	2935 	876
f 3842 	3322 	3321
f 3842 	3323 	3322
f 1606 	3125 	3120
f 3127 	3125 	1606
f 1608 	3130 	3127
f 3131 	3130 	1608
f 1612 	3136 	3133
f 3141 	3136 	1612
f 3331 	3852 	3332
f 3309 	3332 	3852
f 3147 	1617 	3150
f 3335 	3334 	3854
f 3150 	1617 	3090
f 1601 	3112 	1600
f 3112 	1601 	3115
f 1602 	3115 	1601
f 1603 	3117 	3115
f 1603 	3115 	1602
f 2976 	2975 	897
f 3117 	1603 	1604
f 1605 	3120 	1604
f 3772 	3771 	29
f 1606 	3120 	1605
f 1607 	3127 	1606
f 3831 	3830 	3345
f 3343 	3345 	3830
f 3830 	3344 	3343
f 3852 	3851 	3343
f 3851 	3850 	3343
f 3127 	1607 	1608
f 1609 	3131 	1608
f 3717 	3716 	3206
f 3722 	3721 	3206
f 3345 	3206 	3346
f 3346 	3726 	3345
f 3131 	1609 	3132
f 1610 	3132 	1609
f 2943 	871 	2944
f 1611 	3133 	3132
f 1611 	3132 	1610
f 2945 	2944 	873
f 3133 	1611 	1612
f 2945 	873 	2946
f 3731 	3729 	1658
f 3729 	3728 	1658
f 3728 	3347 	1658
f 3347 	3712 	1658
f 3206 	1658 	3712
f 1613 	3141 	1612
f 3141 	1613 	1614
f 3141 	1614 	3143
f 3211 	1129 	3212
f 1128 	3212 	1129
f 1615 	3145 	1614
f 3143 	1614 	3145
f 850 	467 	852
f 2950 	878 	2951
f 879 	880 	2951
f 880 	881 	2952
f 887 	871 	2957
f 485 	487 	931
f 3447 	3448 	3597
f 3449 	3599 	3448
f 901 	2979 	900
f 3145 	1615 	1616
f 3145 	1616 	3147
f 3147 	1616 	1617
f 1591 	3090 	1617
f 1179 	3348 	2439
f 2832 	207 	1177
f 207 	2832 	3348
f 3349 	1196 	1631
f 934 	487 	850
f 922 	2989 	2988
f 948 	946 	495
f 948 	495 	951
f 629 	321 	3354
f 3355 	629 	3354
f 959 	955 	501
f 3327 	3213 	3326
f 3323 	3324 	3213
f 3328 	3213 	3327
f 503 	962 	501
f 3329 	3213 	3328
f 3330 	3213 	3329
f 965 	962 	505
f 3331 	3213 	3330
f 508 	972 	506
f 508 	509 	972
f 3336 	3213 	3335
f 3338 	3213 	3337
f 3339 	3213 	3338
f 3341 	3213 	3340
f 489 	940 	517
f 3339 	3340 	3213
f 3315 	3213 	3341
f 3318 	3319 	3213
f 3321 	3322 	3213
f 3323 	3213 	3322
f 473 	475 	905
f 918 	476 	920
f 3455 	3456 	3605
f 921 	480 	925
f 257 	1479 	1481
f 491 	944 	942
f 493 	946 	491
f 265 	1490 	1491
f 905 	951 	473
f 915 	905 	475
f 475 	476 	915
f 921 	920 	480
f 275 	361 	1503
f 3356 	630 	3355
f 3279 	3280 	1660
f 3280 	3281 	1660
f 3213 	3282 	3283
f 3213 	3283 	3284
f 3333 	3334 	3213
f 3334 	3335 	3213
f 3337 	3213 	3336
f 3359 	632 	3356
f 3357 	3387 	3210
f 3331 	3332 	3213
f 3213 	3332 	3309
f 3213 	3309 	3310
f 3311 	3363 	3310
f 3312 	3363 	3311
f 3313 	3363 	3312
f 3295 	3363 	3294
f 3213 	3310 	3363
f 3358 	3357 	3210
f 3361 	3360 	3210
f 3493 	627 	3359
f 3245 	3244 	3207
f 3248 	3249 	3363
f 3236 	3237 	3207
f 3239 	3207 	3238
f 3239 	3240 	3207
f 3362 	3361 	3210
f 3364 	3362 	3210
f 3366 	3364 	3210
f 3367 	3366 	3210
f 3370 	3368 	3210
f 3368 	3367 	3210
f 3372 	343 	3369
f 3371 	3370 	3210
f 3373 	3371 	3210
f 3415 	3413 	3210
f 3374 	3373 	3210
f 3377 	32 	3375
f 182 	3062 	160
f 3379 	3377 	1646
f 3379 	37 	3377
f 1646 	3383 	3379
f 3383 	73 	3379
f 3233 	3234 	3207
f 3251 	1660 	3235
f 3254 	1660 	3253
f 3385 	3384 	3668
f 3384 	3382 	3668
f 144 	142 	3035
f 3386 	3385 	3668
f 3375 	30 	3372
f 3353 	3354 	321
f 321 	205 	3353
f 3668 	3210 	3387
f 3387 	3386 	3668
f 3389 	3208 	3388
f 3393 	3208 	3389
f 3395 	3208 	3393
f 3396 	3208 	3395
f 471 	360 	3390
f 3398 	3468 	3668
f 3397 	3398 	3668
f 3404 	3208 	3403
f 3403 	3208 	3396
f 3399 	3397 	3668
f 3401 	3399 	3668
f 3407 	3208 	3404
f 3376 	3374 	3210
f 3409 	3208 	3407
f 3410 	3405 	1755
f 3412 	3208 	3409
f 3406 	3376 	3210
f 3417 	3208 	3414
f 3411 	3408 	3210
f 3408 	3406 	3210
f 3416 	3410 	1755
f 3416 	1755 	1757
f 3419 	3208 	3417
f 3414 	3208 	3412
f 3413 	3411 	3210
f 3421 	3208 	3419
f 1757 	1758 	3416
f 3422 	3416 	1758
f 3418 	3415 	3210
f 3420 	3418 	3210
f 937 	939 	2996
f 3212 	3425 	3424
f 3423 	3420 	3212
f 3426 	3425 	3212
f 3427 	3426 	3212
f 3430 	3429 	3212
f 3428 	3212 	3429
f 3431 	3430 	3212
f 161 	159 	3043
f 3043 	3044 	161
f 3598 	3448 	3599
f 243 	1466 	1468
f 933 	935 	2994
f 950 	2999 	2998
f 2999 	950 	3000
f 1484 	259 	1481
f 3601 	3451 	3452
f 261 	1486 	1488
f 1490 	265 	1488
f 3007 	3006 	968
f 971 	3008 	968
f 3614 	3464 	3465
f 944 	491 	946
f 493 	495 	946
f 496 	951 	495
f 496 	473 	951
f 1116 	576 	955
f 499 	501 	955
f 959 	501 	962
f 503 	505 	962
f 965 	505 	969
f 3431 	3212 	3432
f 506 	972 	969
f 3433 	3432 	3212
f 981 	978 	512
f 252 	3091 	3093
f 3095 	253 	3093
f 982 	981 	514
f 512 	514 	981
f 982 	514 	983
f 1540 	335 	1538
f 983 	517 	985
f 3434 	3433 	3212
f 3436 	3435 	3212
f 3435 	3434 	3212
f 517 	940 	985
f 3438 	3437 	3212
f 3437 	3436 	3212
f 3439 	3438 	3212
f 3440 	3212 	3441
f 3440 	3439 	3212
f 520 	994 	519
f 3442 	3212 	3443
f 3441 	3212 	3442
f 3443 	3212 	3444
f 3444 	3212 	3445
f 3446 	3445 	3212
f 3447 	3446 	3212
f 3448 	3447 	3212
f 3448 	3212 	3449
f 3450 	3449 	3212
f 3451 	3450 	3212
f 3452 	3451 	3212
f 3453 	3452 	3212
f 3454 	3453 	3212
f 3455 	3212 	3456
f 3212 	1128 	3456
f 3457 	3456 	1128
f 531 	1036 	1033
f 3459 	3458 	1128
f 3460 	3459 	1128
f 532 	1039 	531
f 3462 	35 	3463
f 3461 	35 	3462
f 3464 	3463 	35
f 535 	1045 	1043
f 3466 	35 	3467
f 1045 	535 	536
f 35 	3668 	3468
f 3467 	35 	3468
f 3422 	3365 	340
f 341 	340 	3365
f 1758 	3365 	3422
f 3365 	3369 	341
f 3353 	1633 	1634
f 3353 	1634 	3354
f 1635 	3355 	1634
f 3354 	1634 	3355
f 3355 	1635 	1637
f 3355 	1637 	3356
f 3474 	3473 	35
f 3356 	1637 	3359
f 1638 	3359 	1637
f 1535 	323 	322
f 1535 	322 	1533
f 3475 	35 	3476
f 3477 	35 	3478
f 1537 	323 	1535
f 3365 	1640 	1641
f 3365 	1641 	3369
f 3466 	3465 	35
f 3465 	3464 	35
f 3479 	35 	3461
f 3478 	35 	3479
f 1642 	3372 	1641
f 3369 	1641 	3372
f 3477 	3476 	35
f 3475 	3474 	35
f 3470 	3469 	35
f 3471 	3470 	35
f 35 	3473 	3472
f 3372 	1642 	1643
f 3372 	1643 	3375
f 339 	335 	1543
f 1644 	3377 	1643
f 3375 	1643 	3377
f 3377 	1644 	1646
f 1647 	3383 	1646
f 3481 	3480 	1128
f 3480 	3581 	1128
f 1647 	1633 	3383
f 3353 	3383 	1633
f 3482 	3481 	1128
f 2986 	2985 	912
f 914 	2987 	912
f 1747 	1749 	3390
f 471 	3390 	1749
f 471 	1749 	3400
f 1751 	3400 	1749
f 3486 	3485 	35
f 3486 	35 	3469
f 1753 	3405 	3400
f 1753 	3400 	1751
f 3405 	1753 	1755
f 3483 	3482 	1128
f 3487 	3483 	1128
f 3488 	3487 	1128
f 3365 	1758 	1640
f 3489 	3488 	1128
f 3490 	3489 	1128
f 3359 	1638 	3493
f 3494 	3492 	35
f 3497 	3493 	1794
f 35 	3485 	3484
f 35 	3484 	3496
f 3495 	3494 	35
f 125 	1264 	126
f 3984 	628 	3499
f 3498 	3460 	1128
f 1798 	3502 	3499
f 3986 	3984 	3506
f 3500 	3498 	1128
f 3500 	1128 	3501
f 3506 	3502 	1798
f 1272 	1275 	128
f 3504 	3503 	1128
f 3503 	3501 	1128
f 3507 	3505 	1128
f 3505 	3504 	1128
f 3508 	3507 	1128
f 3497 	628 	3493
f 3992 	3990 	3517
f 3509 	3511 	3988
f 3518 	3519 	3994
f 953 	3000 	950
f 954 	3001 	953
f 3512 	3510 	1128
f 3510 	3508 	1128
f 4000 	3998 	3521
f 3522 	3523 	4002
f 3518 	3517 	1803
f 1806 	3519 	3518
f 3520 	3519 	1806
f 3557 	3618 	3398
f 3525 	3526 	4008
f 4012 	4010 	3527
f 3528 	3529 	4014
f 3010 	975 	1000
f 4006 	4004 	3524
f 4018 	4016 	3530
f 127 	126 	1270
f 3623 	3473 	3624
f 3530 	3531 	4018
f 1794 	3493 	1638
f 1795 	3497 	1794
f 1006 	1010 	3022
f 1797 	3499 	3497
f 1797 	3497 	1795
f 3499 	1797 	1798
f 1799 	3506 	1798
f 3506 	1799 	3509
f 1800 	3509 	1799
f 1801 	3511 	3509
f 1801 	3509 	1800
f 3014 	3013 	987
f 3517 	3511 	1803
f 1801 	1803 	3511
f 1288 	135 	1286
f 1805 	3518 	1803
f 136 	135 	1289
f 3518 	1805 	1806
f 136 	1289 	137
f 1808 	3520 	1806
f 3520 	1808 	3521
f 1809 	3521 	1808
f 3018 	3017 	995
f 1811 	3522 	3521
f 1811 	3521 	1809
f 139 	365 	1296
f 3522 	1811 	3523
f 1812 	3523 	1811
f 3523 	1812 	1814
f 995 	1020 	3018
f 3635 	3485 	3486
f 3524 	3523 	1814
f 124 	1297 	1261
f 3525 	3524 	1814
f 145 	1301 	1304
f 3030 	1030 	1032
f 3531 	3532 	4020
f 3532 	3533 	4022
f 4024 	4022 	3533
f 3020 	3019 	1000
f 3495 	3644 	3643
f 4022 	4020 	3532
f 3533 	3534 	4024
f 3531 	3530 	1828
f 3613 	3612 	3463
f 3532 	3531 	1828
f 4026 	4024 	3534
f 3534 	3535 	4026
f 3615 	3614 	3465
f 167 	1329 	1331
f 1830 	3533 	3532
f 4028 	4026 	3535
f 3465 	3616 	3615
f 3534 	3533 	1830
f 4030 	4028 	3536
f 3468 	3398 	3618
f 997 	994 	520
f 997 	520 	1001
f 521 	522 	1001
f 3536 	3537 	4030
f 1011 	1008 	524
f 1011 	524 	1014
f 1017 	1014 	526
f 1816 	3525 	1814
f 147 	145 	1307
f 526 	527 	1017
f 1817 	3526 	3525
f 1817 	3525 	1816
f 1307 	1309 	147
f 3526 	1817 	3527
f 1818 	3527 	1817
f 1820 	3528 	3527
f 1820 	3527 	1818
f 3528 	1820 	3529
f 1821 	3529 	1820
f 529 	1028 	1025
f 3529 	1821 	3530
f 1823 	3530 	1821
f 156 	153 	1317
f 1028 	529 	1033
f 1828 	3530 	1823
f 1829 	3532 	1828
f 1036 	531 	1039
f 1830 	3532 	1829
f 1041 	1039 	533
f 1831 	3534 	1830
f 3534 	1831 	3535
f 1832 	3535 	1831
f 1041 	533 	1043
f 3535 	1832 	3536
f 1839 	3536 	1832
f 1324 	1326 	162
f 1841 	3537 	3536
f 1841 	3536 	1839
f 536 	1048 	1045
f 1841 	3538 	3537
f 1048 	536 	1051
f 3617 	3467 	3618
f 4036 	4034 	3539
f 3540 	3541 	4038
f 3541 	3540 	1853
f 4042 	4040 	3542
f 1059 	1056 	541
f 3471 	3621 	3620
f 3542 	3541 	1853
f 3543 	3544 	3916
f 3920 	3918 	3545
f 177 	1349 	1352
f 547 	1063 	545
f 547 	549 	1063
f 4032 	4030 	3537
f 3538 	4032 	3537
f 3664 	3665 	3922
f 3924 	3922 	3665
f 3932 	3930 	3670
f 3671 	3672 	3934
f 1366 	186 	1364
f 1370 	187 	1366
f 560 	1073 	1072
f 1075 	1073 	562
f 563 	1075 	562
f 3483 	3487 	3633
f 3484 	3635 	3634
f 1105 	566 	568
f 377 	3111 	3113
f 3487 	3638 	3637
f 576 	1116 	574
f 3489 	3639 	3638
f 587 	591 	1121
f 3564 	3208 	3563
f 3208 	3564 	3565
f 3565 	3566 	3208
f 3208 	3567 	3568
f 202 	1403 	1406
f 203 	1409 	1412
f 3551 	3208 	3550
f 3552 	3208 	3551
f 3553 	3208 	3552
f 3388 	3208 	3553
f 1353 	181 	1352
f 183 	181 	1357
f 1114 	574 	1116
f 3559 	36 	3558
f 3561 	36 	3560
f 3560 	36 	3559
f 3554 	3208 	3561
f 187 	1370 	188
f 3563 	3208 	3562
f 1371 	1373 	188
f 3421 	3562 	3208
f 1373 	190 	189
f 3567 	3208 	3566
f 595 	1125 	594
f 3573 	3211 	3572
f 980 	3012 	3011
f 3575 	3576 	3211
f 984 	3012 	980
f 3015 	3014 	987
f 3513 	3512 	1128
f 3515 	3514 	1128
f 3514 	3513 	1128
f 3578 	3516 	1128
f 3516 	3515 	1128
f 992 	3017 	3016
f 3579 	3578 	1128
f 3581 	3580 	1128
f 3027 	3026 	1023
f 1026 	3028 	1023
f 1415 	206 	1412
f 3030 	1032 	3031
f 3031 	1032 	1034
f 734 	2826 	2825
f 732 	734 	2825
f 2826 	734 	2827
f 735 	2827 	734
f 2828 	2827 	735
f 739 	2830 	2829
f 2831 	2830 	739
f 742 	2837 	2836
f 742 	861 	2837
f 1441 	219 	1439
f 541 	1060 	1059
f 545 	1061 	1060
f 211 	210 	1424
f 1066 	1064 	551
f 549 	551 	1064
f 3577 	3211 	3576
f 1066 	551 	1067
f 1424 	212 	211
f 553 	554 	1067
f 1069 	1067 	554
f 3583 	3211 	3582
f 556 	1070 	554
f 1069 	554 	1070
f 3584 	3211 	3583
f 3585 	3211 	3584
f 3577 	3582 	3211
f 1070 	556 	1072
f 3586 	3211 	3585
f 3587 	3211 	3586
f 3588 	3211 	3587
f 560 	562 	1073
f 3589 	3211 	3588
f 563 	1077 	1075
f 3590 	3211 	3589
f 3591 	3211 	3590
f 3592 	3211 	3591
f 3593 	3211 	3592
f 3594 	3211 	3593
f 3596 	3211 	3595
f 573 	574 	1112
f 3598 	3211 	3597
f 3594 	3595 	3211
f 3599 	3211 	3598
f 3600 	3211 	3599
f 3596 	3597 	3211
f 3602 	3211 	3601
f 1117 	1077 	581
f 3600 	3601 	3211
f 3604 	3605 	3211
f 3603 	3211 	3602
f 3605 	3606 	3211
f 3607 	1129 	3606
f 3608 	1129 	3607
f 3609 	1129 	3608
f 3610 	1129 	3609
f 247 	1468 	1470
f 2841 	744 	2843
f 625 	715 	3187
f 2843 	744 	2844
f 1476 	1324 	251
f 2849 	748 	2851
f 2851 	748 	2853
f 2853 	749 	2855
f 3613 	36 	3612
f 750 	2857 	2855
f 3615 	36 	3614
f 3557 	36 	3618
f 3557 	3558 	36
f 3620 	36 	3619
f 3621 	36 	3620
f 3623 	36 	3622
f 3624 	36 	3623
f 3621 	3622 	36
f 3174 	603 	3173
f 3628 	36 	3627
f 824 	2877 	2875
f 36 	3628 	3629
f 36 	3629 	3611
f 3611 	3612 	36
f 3613 	3614 	36
f 3615 	3616 	36
f 3617 	36 	3616
f 3625 	36 	3624
f 3627 	36 	3626
f 3625 	3626 	36
f 2879 	2878 	830
f 2879 	830 	2881
f 3631 	1129 	3630
f 2883 	2881 	832
f 3632 	1129 	3631
f 3633 	1129 	3632
f 3637 	1129 	3633
f 3636 	3619 	36
f 3638 	1129 	3637
f 3641 	1129 	3640
f 3634 	3635 	36
f 3635 	3636 	36
f 3645 	3634 	36
f 3649 	1129 	3648
f 3646 	1129 	3610
f 3650 	1129 	3649
f 3651 	1129 	3650
f 3652 	1129 	3651
f 3647 	1129 	3646
f 3653 	1129 	3652
f 3647 	3648 	1129
f 2886 	838 	2890
f 3655 	1129 	3654
f 3656 	1129 	3655
f 3657 	1129 	3656
f 3654 	1129 	3653
f 3658 	1129 	3657
f 856 	2893 	2892
f 3659 	1129 	3658
f 856 	2922 	2893
f 3660 	1129 	3659
f 3662 	3663 	1129
f 3630 	1129 	3663
f 2925 	859 	2928
f 859 	860 	2928
f 3639 	1129 	3638
f 3640 	1129 	3639
f 2931 	2837 	861
f 1129 	3211 	3606
f 3661 	3662 	1129
f 3660 	3661 	1129
f 3603 	3604 	3211
f 1129 	3641 	3642
f 3643 	36 	3642
f 3644 	36 	3643
f 3644 	3645 	36
f 1129 	3642 	36
f 3617 	3618 	36
f 3555 	3208 	3554
f 3556 	3208 	3555
f 3546 	3208 	3556
f 3548 	3208 	3547
f 3547 	3208 	3546
f 3549 	3208 	3548
f 3549 	3550 	3208
f 36 	3561 	3208
f 3922 	3920 	3664
f 3665 	3666 	3924
f 3569 	3211 	3568
f 3570 	3211 	3569
f 3571 	3211 	3570
f 3571 	3572 	3211
f 3573 	3574 	3211
f 3574 	3575 	3211
f 3208 	3568 	3211
f 45 	46 	3209
f 3668 	116 	2434
f 2435 	118 	3209
f 3667 	3926 	3666
f 116 	268 	2434
f 2448 	2434 	268
f 2448 	268 	2450
f 3669 	3928 	3667
f 1195 	110 	109
f 43 	3213 	3343
f 49 	3213 	43
f 3343 	29 	43
f 117 	3350 	109
f 3926 	3924 	3666
f 2928 	860 	2825
f 1901 	3673 	3672
f 3213 	3363 	3343
f 3345 	3343 	3363
f 3207 	3206 	3345
f 3207 	3345 	3363
f 2931 	861 	2933
f 862 	2933 	861
f 3674 	3673 	1901
f 3938 	3936 	3673
f 3944 	3942 	3676
f 862 	2982 	2933
f 2948 	876 	2935
f 3856 	3855 	29
f 1658 	709 	29
f 3674 	3675 	3940
f 3946 	3944 	3811
f 2935 	863 	2936
f 3349 	3351 	29
f 2936 	865 	2937
f 117 	272 	3350
f 3352 	3350 	272
f 865 	866 	2937
f 269 	3351 	272
f 2938 	866 	2939
f 2939 	867 	2940
f 3948 	3946 	3812
f 2940 	869 	2941
f 1843 	3538 	1841
f 3677 	3206 	3678
f 869 	870 	2941
f 1845 	3539 	3538
f 1845 	3538 	1843
f 3679 	3678 	3206
f 3206 	3682 	3681
f 3680 	3206 	3681
f 3680 	3679 	3206
f 1495 	270 	1492
f 872 	873 	2944
f 1121 	1119 	584
f 1847 	3540 	3539
f 1847 	3539 	1845
f 3540 	1847 	1853
f 1854 	3542 	1853
f 3542 	1854 	3543
f 1855 	3543 	1854
f 1855 	3544 	3543
f 1856 	3544 	1855
f 595 	597 	1125
f 3544 	1856 	3545
f 1862 	3545 	1856
f 599 	1127 	597
f 1863 	3664 	3545
f 1863 	3545 	1862
f 3664 	1863 	3665
f 1864 	3665 	1863
f 1868 	3666 	3665
f 1868 	3665 	1864
f 3666 	1868 	3667
f 1869 	3667 	1868
f 1870 	3669 	3667
f 1870 	3667 	1869
f 1107 	1105 	568
f 1107 	568 	1109
f 570 	1109 	568
f 1871 	3670 	3669
f 1871 	3669 	1870
f 1109 	570 	1111
f 3032 	1034 	2970
f 3670 	1871 	3671
f 1872 	3671 	1871
f 573 	1112 	1111
f 1900 	3672 	3671
f 1900 	3671 	1872
f 890 	2971 	889
f 3672 	1900 	1901
f 2972 	2971 	892
f 1903 	3674 	1901
f 2972 	892 	2973
f 893 	2973 	892
f 3675 	3674 	1903
f 3675 	1903 	1905
f 893 	894 	2973
f 3675 	1905 	3676
f 1906 	3676 	1905
f 563 	581 	1077
f 1906 	2101 	3676
f 1119 	1117 	584
f 592 	1123 	1122
f 1124 	1123 	594
f 592 	594 	1123
f 594 	1125 	1124
f 3691 	3690 	1921
f 1126 	597 	1127
f 3688 	351 	3687
f 3691 	355 	3690
f 1921 	3692 	3691
f 599 	566 	1127
f 3689 	352 	3688
f 3692 	356 	3691
f 3395 	3361 	3396
f 3690 	353 	3689
f 3692 	3390 	358
f 360 	358 	3390
f 390 	697 	694
f 3694 	367 	3693
f 394 	396 	699
f 699 	396 	701
f 2949 	877 	2950
f 396 	398 	701
f 384 	382 	3697
f 3498 	3646 	3460
f 3697 	3696 	1964
f 2953 	883 	2954
f 407 	713 	710
f 385 	384 	3698
f 884 	2955 	883
f 2954 	883 	2955
f 408 	755 	407
f 713 	407 	755
f 3649 	3648 	3503
f 3698 	3697 	1964
f 884 	2956 	2955
f 3650 	3649 	3504
f 408 	774 	755
f 3699 	3698 	1968
f 387 	385 	3699
f 1968 	1970 	3699
f 3700 	3699 	1970
f 3682 	3206 	3683
f 3700 	387 	3699
f 3684 	3683 	3206
f 1970 	3687 	3700
f 3686 	3685 	3206
f 3685 	3684 	3206
f 3701 	3686 	3206
f 3703 	3702 	3206
f 3702 	3701 	3206
f 3698 	3699 	385
f 3687 	350 	3700
f 3711 	3710 	3206
f 3703 	3206 	3704
f 1972 	3693 	3705
f 3704 	3206 	3706
f 3707 	3706 	3206
f 3749 	363 	3746
f 3693 	366 	3705
f 3749 	3705 	364
f 363 	3749 	364
f 366 	3693 	367
f 3695 	379 	3694
f 3697 	3698 	384
f 3709 	3708 	3206
f 3708 	3707 	3206
f 3710 	3709 	3206
f 3687 	1910 	1914
f 3687 	1914 	3688
f 1916 	3689 	1914
f 3688 	1914 	3689
f 3712 	3711 	3206
f 3689 	1916 	1919
f 3689 	1919 	3690
f 3690 	1919 	1921
f 1921 	1924 	3692
f 3713 	3206 	3714
f 3390 	3692 	1747
f 1924 	1747 	3692
f 3206 	3715 	3714
f 3716 	3715 	3206
f 3693 	1957 	1959
f 3693 	1959 	3694
f 1961 	3695 	1959
f 3694 	1959 	3695
f 3719 	3718 	3206
f 3718 	3717 	3206
f 3695 	1961 	1962
f 3695 	1962 	3696
f 3206 	3677 	3720
f 3720 	3719 	3206
f 3696 	1962 	1964
f 1964 	1966 	3698
f 3721 	3346 	3206
f 3698 	1966 	1968
f 3722 	3206 	3713
f 3687 	1970 	1910
f 3705 	3749 	1972
f 658 	656 	3191
f 3693 	1972 	1957
f 3724 	3345 	3725
f 3726 	3725 	3345
f 3864 	3862 	3733
f 3732 	3731 	1658
f 3733 	3730 	2043
f 3732 	1658 	3734
f 3736 	3735 	1658
f 3735 	3734 	1658
f 3737 	3733 	2043
f 3738 	3736 	1658
f 3738 	1658 	3740
f 3870 	3868 	3742
f 3740 	1658 	3741
f 3746 	3742 	2051
f 3743 	3741 	1658
f 3733 	3737 	3864
f 363 	3870 	3746
f 3744 	3743 	1658
f 3749 	3746 	2051
f 3739 	3866 	3737
f 3742 	3746 	3870
f 3747 	3745 	1658
f 3745 	3744 	1658
f 2970 	889 	2971
f 3748 	3747 	1658
f 3750 	3748 	1658
f 890 	892 	2971
f 366 	364 	3705
f 3752 	3751 	1658
f 3751 	3750 	1658
f 3419 	3374 	3376
f 3756 	3755 	1658
f 3768 	3767 	1658
f 3766 	3764 	1658
f 3763 	3761 	1658
f 1658 	3761 	3760
f 1658 	3760 	3757
f 3757 	3756 	1658
f 3755 	3752 	1658
f 2976 	899 	2977
f 2977 	899 	2978
f 3886 	3884 	3727
f 3361 	3395 	3360
f 3765 	3727 	3884
f 3727 	3730 	3886
f 904 	2981 	2980
f 3763 	1658 	3764
f 904 	877 	2981
f 2981 	877 	2949
f 3403 	3396 	3364
f 3766 	1658 	3767
f 3862 	3886 	3730
f 3364 	3366 	3403
f 3404 	3403 	3366
f 3768 	1658 	3769
f 1658 	29 	3769
f 3754 	3770 	2066
f 3771 	3769 	29
f 3754 	3872 	3770
f 3762 	3765 	3882
f 3884 	3882 	3765
f 3342 	3772 	29
f 3773 	3342 	29
f 3774 	3773 	29
f 1975 	3727 	3765
f 3727 	1975 	2023
f 3727 	2023 	3730
f 3419 	3373 	3374
f 3775 	3774 	29
f 3776 	3775 	29
f 3730 	2023 	2043
f 2043 	2044 	3737
f 2047 	3739 	2044
f 3737 	2044 	3739
f 3739 	2047 	2048
f 3739 	2048 	3742
f 3777 	3345 	3778
f 3742 	2048 	2051
f 3779 	3778 	3345
f 3780 	3779 	3345
f 2053 	3749 	2051
f 2991 	927 	929
f 2053 	1972 	3749
f 3781 	3780 	3345
f 3783 	3782 	3345
f 3782 	3781 	3345
f 3798 	3797 	3345
f 2054 	3753 	2055
f 3754 	2055 	3753
f 3784 	3783 	3345
f 3753 	2054 	2057
f 3753 	2057 	3758
f 3786 	3785 	3345
f 3785 	3784 	3345
f 2059 	3759 	2057
f 3758 	2057 	3759
f 937 	2996 	935
f 3759 	2059 	2060
f 3759 	2060 	3762
f 3723 	3787 	3345
f 3786 	3345 	3787
f 3724 	3723 	3345
f 2062 	3765 	2060
f 3762 	2060 	3765
f 2062 	1975 	3765
f 3388 	3387 	3357
f 3789 	3345 	3788
f 3770 	3810 	2066
f 3790 	3788 	3345
f 2055 	3754 	2066
f 3791 	3790 	3345
f 3791 	3345 	3792
f 3793 	3792 	3345
f 3799 	3795 	2072
f 3799 	2072 	2075
f 2986 	912 	2987
f 3803 	3804 	3888
f 914 	2988 	2987
f 3800 	3799 	2075
f 3800 	2075 	2077
f 763 	420 	764
f 3890 	3888 	3804
f 3801 	3800 	2077
f 3801 	2077 	2078
f 3804 	3805 	3890
f 2990 	2989 	924
f 3802 	3801 	2078
f 3802 	2078 	2080
f 2991 	2990 	924
f 3803 	3802 	2080
f 3803 	2080 	2082
f 3804 	3803 	2082
f 3804 	2082 	2084
f 3805 	3804 	2084
f 3805 	2084 	2086
f 3806 	3805 	2086
f 3806 	2086 	2088
f 3892 	3890 	3805
f 3807 	3806 	2088
f 3807 	2088 	2090
f 3894 	3892 	3806
f 3808 	3807 	2090
f 3808 	2090 	2092
f 3896 	3894 	3807
f 3809 	3808 	2092
f 3809 	2092 	2095
f 3808 	3809 	3898
f 3000 	953 	3001
f 3810 	3809 	2095
f 3810 	2095 	2097
f 441 	786 	784
f 3900 	3898 	3809
f 3810 	3900 	3809
f 786 	441 	789
f 2097 	2066 	3810
f 442 	443 	789
f 3770 	3902 	3810
f 3547 	3378 	3380
f 3547 	3380 	3548
f 3381 	3548 	3380
f 3004 	961 	3005
f 3381 	3382 	3548
f 964 	3006 	3005
f 3550 	3382 	3384
f 445 	446 	795
f 3551 	3550 	3385
f 3007 	968 	3008
f 798 	447 	801
f 971 	3009 	3008
f 3814 	3950 	3813
f 3019 	3010 	1000
f 911 	2985 	2984
f 419 	761 	758
f 911 	912 	2985
f 3399 	3559 	3397
f 3559 	3399 	3401
f 419 	420 	761
f 3554 	3402 	3392
f 421 	423 	764
f 3562 	3376 	3406
f 922 	924 	2989
f 430 	767 	766
f 767 	430 	768
f 929 	2992 	2991
f 2992 	929 	2993
f 432 	769 	768
f 933 	2994 	932
f 769 	432 	771
f 3815 	3952 	3814
f 3816 	3954 	3815
f 3817 	3956 	3816
f 3818 	3958 	3817
f 954 	956 	3001
f 2125 	3819 	3818
f 3974 	3972 	3825
f 3820 	3819 	2125
f 3610 	3460 	3646
f 3976 	3974 	3826
f 3498 	3500 	3646
f 3826 	3827 	3976
f 3501 	3503 	3648
f 3978 	3976 	3827
f 3650 	3504 	3505
f 3827 	3828 	3978
f 3825 	3826 	3974
f 984 	3013 	3012
f 3828 	3795 	3904
f 3827 	3826 	2195
f 2195 	3828 	3827
f 992 	995 	3017
f 3914 	3912 	3802
f 3802 	3803 	3914
f 3888 	3914 	3803
f 3805 	3806 	3892
f 3806 	3807 	3894
f 3898 	3896 	3808
f 3676 	2101 	3811
f 1003 	3021 	3020
f 2104 	3812 	3811
f 2104 	3811 	2101
f 3812 	2104 	3813
f 2107 	3813 	2104
f 2109 	3814 	3813
f 2109 	3813 	2107
f 3814 	2109 	3815
f 2111 	3815 	2109
f 3038 	3039 	152
f 2113 	3816 	3815
f 2113 	3815 	2111
f 3358 	3389 	3388
f 3816 	2113 	3817
f 2116 	3817 	2113
f 3393 	3389 	3358
f 2116 	3818 	3817
f 3025 	1020 	3026
f 2122 	3818 	2116
f 2125 	3818 	2122
f 2127 	3820 	2125
f 3820 	2127 	3821
f 2129 	3821 	2127
f 2132 	3822 	3821
f 2132 	3821 	2129
f 247 	1470 	1472
f 3798 	3345 	3829
f 3777 	3829 	3345
f 3344 	3852 	3343
f 173 	3048 	3049
f 3831 	3345 	3832
f 3832 	3345 	3833
f 3797 	3796 	3345
f 3796 	3794 	3345
f 3794 	3793 	3345
f 3789 	3834 	3345
f 3833 	3345 	3834
f 3051 	178 	3050
f 1488 	263 	261
f 3836 	3835 	3343
f 3840 	3839 	3343
f 3839 	3838 	3343
f 3842 	3841 	3343
f 3841 	3840 	3343
f 3843 	3842 	3343
f 3035 	3036 	144
f 3037 	148 	3036
f 3845 	3844 	3343
f 3844 	3843 	3343
f 3846 	3845 	3343
f 3848 	3847 	3343
f 3850 	3849 	3343
f 3849 	3848 	3343
f 780 	779 	438
f 437 	438 	779
f 781 	780 	439
f 438 	439 	780
f 3853 	3776 	29
f 439 	758 	781
f 160 	722 	159
f 3853 	29 	3854
f 3042 	3043 	159
f 3855 	3854 	29
f 3857 	3856 	29
f 3858 	3857 	3343
f 29 	3343 	3857
f 443 	791 	789
f 791 	443 	794
f 3847 	3846 	3343
f 3838 	3837 	3343
f 3837 	3836 	3343
f 3835 	3861 	3343
f 3861 	3860 	3343
f 3860 	3859 	3343
f 3859 	3858 	3343
f 3048 	173 	3047
f 3553 	3552 	3387
f 446 	447 	796
f 3387 	3388 	3553
f 450 	806 	804
f 182 	3051 	3062
f 806 	450 	810
f 233 	231 	3076
f 3574 	3427 	3428
f 468 	823 	852
f 3562 	3406 	3408
f 458 	459 	833
f 835 	459 	837
f 178 	230 	3050
f 3424 	3570 	3423
f 984 	987 	3013
f 242 	240 	3083
f 3085 	244 	3083
f 3022 	3021 	1003
f 1022 	1023 	3026
f 3027 	1023 	3028
f 3028 	1026 	3029
f 3822 	2132 	3823
f 2134 	3823 	2132
f 2189 	3824 	3823
f 2189 	3823 	2134
f 3031 	1034 	3032
f 2191 	3824 	2189
f 889 	2970 	1034
f 2191 	3825 	3824
f 2193 	3826 	2191
f 3825 	2191 	3826
f 1002 	1000 	727
f 729 	727 	968
f 968 	966 	729
f 3382 	3549 	3548
f 868 	867 	1902
f 880 	879 	1902
f 903 	901 	1902
f 900 	899 	1902
f 901 	900 	1902
f 899 	897 	1902
f 896 	727 	897
f 894 	727 	896
f 1902 	897 	727
f 1032 	1030 	727
f 746 	747 	2462
f 749 	748 	2462
f 747 	820 	1902
f 869 	868 	1902
f 739 	738 	729
f 739 	729 	740
f 2462 	729 	738
f 738 	737 	2462
f 3572 	3425 	3426
f 3574 	3428 	3575
f 3429 	3575 	3428
f 3557 	3398 	3558
f 3429 	3430 	3575
f 296 	1511 	298
f 1516 	298 	1514
f 3563 	3408 	3564
f 1521 	306 	1518
f 3411 	3413 	3564
f 312 	1522 	1524
f 1540 	1543 	335
f 3576 	3430 	3577
f 3432 	3582 	3577
f 3826 	2193 	2195
f 2195 	2196 	3828
f 2072 	3795 	2196
f 3828 	2196 	3795
f 3863 	3862 	3864
f 3863 	3864 	3865
f 3865 	3864 	3866
f 3865 	3866 	3867
f 3867 	3866 	3868
f 3867 	3868 	3869
f 456 	827 	823
f 3869 	3868 	3870
f 3869 	3870 	3871
f 363 	93 	3870
f 3871 	3870 	93
f 456 	829 	827
f 128 	127 	1270
f 458 	833 	829
f 3873 	3872 	3874
f 3873 	3874 	3875
f 835 	833 	459
f 3875 	3874 	3876
f 3875 	3876 	3877
f 3877 	3876 	3878
f 3877 	3878 	3879
f 3879 	3878 	3880
f 3879 	3880 	3881
f 3881 	3880 	3882
f 3881 	3882 	3883
f 3883 	3882 	3884
f 3883 	3884 	3885
f 3227 	3703 	3704
f 3885 	3884 	3886
f 3885 	3886 	3887
f 3887 	3886 	3862
f 3887 	3862 	3863
f 3889 	3888 	3890
f 3889 	3890 	3891
f 3891 	3890 	3892
f 3891 	3892 	3893
f 1288 	1289 	135
f 3893 	3892 	3894
f 3893 	3894 	3895
f 3895 	3894 	3896
f 3895 	3896 	3897
f 3897 	3896 	3898
f 3897 	3898 	3899
f 3899 	3898 	3900
f 3899 	3900 	3901
f 3901 	3900 	3902
f 3901 	3902 	3903
f 3872 	3873 	3902
f 3903 	3902 	3873
f 3905 	3904 	3906
f 3905 	3906 	3907
f 3907 	3906 	3908
f 3907 	3908 	3909
f 3909 	3908 	3910
f 3909 	3910 	3911
f 3911 	3910 	3912
f 3911 	3912 	3913
f 3913 	3912 	3914
f 3913 	3914 	3915
f 3888 	3889 	3914
f 3915 	3914 	3889
f 3683 	3684 	3220
f 3739 	3742 	3868
f 3685 	3222 	3684
f 3866 	3739 	3868
f 3882 	3880 	3762
f 3807 	3808 	3896
f 3876 	3874 	3753
f 3730 	3733 	3862
f 3866 	3864 	3737
f 3225 	3701 	3702
f 3758 	3759 	3878
f 3902 	3770 	3872
f 3759 	3762 	3880
f 3880 	3878 	3759
f 3878 	3876 	3758
f 3753 	3758 	3876
f 3754 	3753 	3874
f 3872 	3754 	3874
f 133 	132 	1283
f 133 	1283 	1286
f 3900 	3810 	3902
f 3801 	3802 	3912
f 3912 	3910 	3801
f 3800 	3801 	3910
f 3583 	3432 	3433
f 3910 	3908 	3800
f 3906 	3904 	3795
f 3229 	3706 	3707
f 3229 	3707 	3708
f 3908 	3906 	3799
f 3799 	3800 	3908
f 3795 	3799 	3906
f 3824 	3825 	3972
f 3972 	3970 	3824
f 3585 	3434 	3435
f 1292 	137 	1289
f 3436 	3586 	3435
f 3585 	3435 	3586
f 3436 	3437 	3586
f 3587 	3586 	3437
f 3918 	3919 	3917
f 3918 	3917 	3916
f 3234 	3711 	3712
f 3920 	3921 	3919
f 3920 	3919 	3918
f 3235 	3234 	3712
f 3235 	3712 	3347
f 3922 	3923 	3921
f 3922 	3921 	3920
f 3924 	3925 	3923
f 3924 	3923 	3922
f 3926 	3927 	3925
f 3926 	3925 	3924
f 3928 	3927 	3926
f 3927 	3928 	3929
f 3930 	3931 	3929
f 3930 	3929 	3928
f 3932 	3933 	3931
f 3932 	3931 	3930
f 3934 	3935 	3933
f 3934 	3933 	3932
f 3936 	3937 	3935
f 3936 	3935 	3934
f 3427 	3573 	3572
f 3938 	3939 	3937
f 3938 	3937 	3936
f 3940 	3941 	3939
f 3940 	3939 	3938
f 3574 	3573 	3427
f 3942 	3943 	3941
f 3942 	3941 	3940
f 3240 	3717 	3241
f 3719 	3242 	3718
f 156 	1317 	1318
f 3943 	3942 	3945
f 3944 	3945 	3942
f 3243 	3242 	3720
f 3946 	3947 	3945
f 3946 	3945 	3944
f 1319 	158 	1318
f 3948 	3949 	3947
f 3948 	3947 	3946
f 3950 	3951 	3949
f 3950 	3949 	3948
f 3245 	3346 	3721
f 3952 	3953 	3951
f 3952 	3951 	3950
f 3954 	3955 	3953
f 3954 	3953 	3952
f 3956 	3957 	3955
f 3956 	3955 	3954
f 3958 	3959 	3957
f 3958 	3957 	3956
f 3959 	3958 	3961
f 3960 	3961 	3958
f 3248 	3723 	3724
f 3962 	3963 	3961
f 3962 	3961 	3960
f 3248 	3724 	3249
f 3725 	3249 	3724
f 3964 	3965 	3963
f 3964 	3963 	3962
f 3249 	3725 	3250
f 3966 	3967 	3965
f 3966 	3965 	3964
f 172 	170 	1336
f 3968 	3969 	3967
f 3968 	3967 	3966
f 172 	1336 	174
f 3970 	3971 	3969
f 3970 	3969 	3968
f 3972 	3973 	3971
f 3972 	3971 	3970
f 1339 	1341 	174
f 3974 	3975 	3973
f 3974 	3973 	3972
f 3237 	3713 	3714
f 3975 	3974 	3976
f 3975 	3976 	3977
f 3977 	3976 	3978
f 3977 	3978 	3979
f 3238 	3237 	3715
f 3714 	3715 	3237
f 140 	138 	1297
f 3904 	3905 	3978
f 3979 	3978 	3905
f 3240 	3716 	3717
f 3376 	3421 	3419
f 3718 	3241 	3717
f 3562 	3421 	3376
f 176 	1341 	143
f 1177 	1189 	2441
f 3241 	3718 	3242
f 3546 	3378 	3547
f 3719 	3720 	3242
f 3545 	3664 	3920
f 3544 	3545 	3918
f 3918 	3916 	3544
f 3916 	4042 	3543
f 3542 	3543 	4042
f 3541 	3542 	4040
f 3214 	3243 	3677
f 1312 	151 	149
f 3672 	3673 	3936
f 3936 	3934 	3672
f 3934 	3932 	3671
f 3670 	3671 	3932
f 3669 	3670 	3930
f 3928 	3669 	3930
f 3926 	3667 	3928
f 3811 	3812 	3946
f 1314 	153 	1312
f 3386 	3387 	3552
f 3956 	3817 	3958
f 3954 	3816 	3956
f 3676 	3811 	3944
f 3675 	3676 	3942
f 3942 	3940 	3675
f 3940 	3938 	3674
f 3673 	3674 	3938
f 3952 	3815 	3954
f 3812 	3813 	3948
f 3950 	3948 	3813
f 3950 	3814 	3952
f 3819 	3960 	3818
f 3726 	3250 	3725
f 3250 	3726 	3346
f 3245 	3250 	3346
f 3970 	3968 	3823
f 3822 	3823 	3968
f 3968 	3966 	3822
f 3821 	3822 	3966
f 3820 	3821 	3964
f 3966 	3964 	3821
f 3964 	3962 	3820
f 3819 	3820 	3962
f 3960 	3819 	3962
f 3958 	3818 	3960
f 3904 	3978 	3828
f 3823 	3824 	3970
f 3397 	3559 	3558
f 1326 	164 	162
f 1326 	1328 	164
f 3402 	3561 	3560
f 359 	628 	3981
f 3980 	3981 	628
f 3982 	3983 	3981
f 3982 	3981 	3980
f 3561 	3402 	3554
f 3984 	3985 	3983
f 3984 	3983 	3982
f 3986 	3987 	3985
f 3986 	3985 	3984
f 3988 	3989 	3987
f 3988 	3987 	3986
f 3989 	3988 	3991
f 3990 	3991 	3988
f 3992 	3993 	3991
f 3992 	3991 	3990
f 3994 	3995 	3993
f 3994 	3993 	3992
f 3996 	3997 	3995
f 3996 	3995 	3994
f 3998 	3999 	3997
f 3998 	3997 	3996
f 4000 	4001 	3999
f 4000 	3999 	3998
f 4002 	4003 	4001
f 4002 	4001 	4000
f 4004 	4005 	4003
f 4004 	4003 	4002
f 4005 	4004 	4006
f 4005 	4006 	4007
f 3425 	3571 	3570
f 3570 	3424 	3425
f 4007 	4006 	4009
f 4008 	4009 	4006
f 3572 	3571 	3425
f 4010 	4011 	4009
f 4010 	4009 	4008
f 4012 	4013 	4011
f 4012 	4011 	4010
f 4014 	4015 	4013
f 4014 	4013 	4012
f 4016 	4017 	4015
f 4016 	4015 	4014
f 4018 	4019 	4017
f 4018 	4017 	4016
f 4020 	4021 	4019
f 4020 	4019 	4018
f 186 	1366 	187
f 4021 	4020 	4023
f 4022 	4023 	4020
f 4024 	4025 	4023
f 4024 	4023 	4022
f 4026 	4027 	4025
f 4026 	4025 	4024
f 4028 	4029 	4027
f 4028 	4027 	4026
f 4030 	4031 	4029
f 4030 	4029 	4028
f 3583 	3582 	3432
f 4032 	4033 	4031
f 4032 	4031 	4030
f 4034 	4035 	4033
f 4034 	4033 	4032
f 4036 	4037 	4035
f 4036 	4035 	4034
f 4037 	4036 	4039
f 4038 	4039 	4036
f 192 	1383 	193
f 4040 	4041 	4039
f 4040 	4039 	4038
f 4042 	4043 	4041
f 4042 	4041 	4040
f 4042 	3916 	4043
f 3917 	4043 	3916
f 3438 	3588 	3587
f 3438 	3589 	3588
f 3996 	3994 	3519
f 3499 	3502 	3984
f 3497 	3499 	628
f 3982 	3980 	3984
f 628 	3984 	3980
f 627 	3493 	628
f 630 	3356 	632
f 3440 	3441 	3590
f 3591 	3590 	3441
f 3592 	3591 	3441
f 3994 	3992 	3518
f 3517 	3518 	3992
f 3511 	3517 	3990
f 3990 	3988 	3511
f 3988 	3986 	3509
f 3506 	3509 	3986
f 3502 	3506 	3984
f 3443 	3593 	3592
f 3594 	3593 	3443
f 3519 	3520 	3996
f 3524 	3525 	4006
f 3523 	3524 	4004
f 4004 	4002 	3523
f 4002 	4000 	3522
f 3521 	3522 	4000
f 3520 	3521 	3998
f 3998 	3996 	3520
f 201 	1403 	202
f 254 	3095 	723
f 632 	3359 	627
f 629 	3355 	630
f 4020 	4018 	3531
f 3529 	3530 	4016
f 3535 	3536 	4028
f 723 	3098 	254
f 256 	254 	3098
f 1409 	203 	1406
f 256 	3098 	3099
f 4014 	4012 	3528
f 4016 	4014 	3529
f 3527 	3528 	4012
f 3526 	3527 	4010
f 4010 	4008 	3526
f 4008 	4006 	3525
f 3538 	3539 	4034
f 3539 	3540 	4036
f 4032 	3538 	4034
f 4038 	4036 	3540
f 4040 	4038 	3541
f 2434 	3349 	1631
f 2434 	1631 	1214
f 635 	1195 	3350
f 1353 	1357 	181
f 3589 	3438 	3439
f 1361 	183 	1357
f 3589 	3439 	3440
f 3607 	3606 	3457
f 3594 	3443 	3444
f 1371 	188 	1370
f 3607 	3457 	3608
f 190 	1375 	1377
f 368 	1389 	193
f 3452 	3602 	3601
f 1392 	196 	1391
f 3594 	3444 	3445
f 3596 	3445 	3446
f 3434 	3584 	3583
f 3596 	3446 	3447
f 3585 	3584 	3434
f 3768 	3278 	3767
f 3769 	3279 	3768
f 3450 	3600 	3449
f 3349 	2434 	3351
f 2448 	3351 	2434
f 2450 	3352 	2448
f 3351 	2448 	3352
f 2435 	3350 	2450
f 3352 	2450 	3350
f 4047 	2350 	4046
f 3445 	3595 	3594
f 2218 	4048 	4047
f 3596 	3595 	3445
f 4045 	2105 	4044
f 4048 	2351 	4047
f 3728 	3251 	3347
f 4049 	4048 	2218
f 4049 	2340 	4048
f 381 	3114 	3116
f 3449 	3600 	3599
f 3254 	3732 	3255
f 2350 	2348 	4046
f 2102 	4044 	2105
f 4065 	544 	4064
f 3735 	3256 	3734
f 386 	3121 	3122
f 3602 	3452 	3603
f 3456 	3606 	3605
f 4052 	2133 	4051
f 3456 	3457 	3606
f 4054 	4053 	2232
f 4054 	2094 	4053
f 4055 	4054 	2232
f 4055 	2232 	2235
f 4055 	2096 	4054
f 2235 	2236 	4055
f 4056 	4055 	2236
f 3265 	3264 	3748
f 4056 	2099 	4055
f 2236 	4044 	4056
f 3613 	3463 	3614
f 4053 	2089 	4052
f 4044 	2102 	4056
f 2133 	4052 	2089
f 2248 	4057 	2237
f 3235 	3347 	3251
f 2248 	2151 	4057
f 3728 	3729 	3251
f 3252 	3251 	3729
f 381 	3116 	3118
f 3254 	3731 	3732
f 4061 	4062 	2121
f 3734 	3255 	3732
f 4060 	4059 	2245
f 3255 	3734 	3256
f 386 	260 	3121
f 4061 	4060 	2245
f 4061 	2245 	2246
f 3735 	3736 	3256
f 3258 	3736 	3738
f 2246 	2249 	4061
f 4062 	4061 	2249
f 4062 	4050 	2124
f 2131 	2124 	4050
f 3740 	3259 	3738
f 393 	391 	3126
f 2249 	4050 	4062
f 3258 	3738 	3259
f 3601 	3600 	3451
f 3450 	3451 	3600
f 3260 	3259 	3741
f 3740 	3741 	3259
f 3477 	3627 	3476
f 3741 	3743 	3260
f 3261 	3260 	3743
f 3603 	3452 	3453
f 3454 	3604 	3453
f 3603 	3453 	3604
f 3264 	3745 	3747
f 3454 	3455 	3604
f 3747 	3748 	3264
f 3608 	3457 	3458
f 3267 	3750 	3751
f 3608 	3458 	3609
f 3459 	3609 	3458
f 3267 	3751 	3268
f 3752 	3268 	3751
f 3459 	3460 	3609
f 3610 	3609 	3460
f 3268 	3752 	3755
f 3144 	477 	3142
f 3271 	3756 	3757
f 3622 	3471 	3472
f 3278 	3768 	3279
f 3479 	3629 	3628
f 3773 	3283 	3342
f 3773 	3774 	3283
f 3760 	3272 	3757
f 3271 	3757 	3272
f 3272 	3760 	3761
f 3274 	3761 	3763
f 3486 	3636 	3635
f 3486 	3619 	3636
f 3138 	3139 	469
f 3769 	3771 	3279
f 3281 	3771 	3772
f 3144 	3146 	477
f 3281 	3772 	3282
f 3342 	3282 	3772
f 3148 	482 	3146
f 3283 	3282 	3342
f 484 	482 	3149
f 484 	3149 	3151
f 3286 	3775 	3776
f 3853 	3333 	3776
f 1435 	216 	215
f 216 	1435 	1437
f 502 	3158 	504
f 1441 	1443 	219
f 3160 	504 	3159
f 511 	3160 	704
f 704 	3161 	511
f 3642 	3491 	3492
f 206 	1415 	1417
f 3494 	3643 	3492
f 3307 	3798 	3308
f 3287 	3308 	3777
f 3617 	3616 	3467
f 3833 	3834 	3313
f 3314 	3834 	3789
f 3175 	604 	3174
f 3287 	3777 	3778
f 3290 	3779 	3780
f 3291 	3290 	3781
f 3780 	3781 	3290
f 3291 	3781 	3292
f 3782 	3292 	3781
f 3292 	3782 	3293
f 3783 	3293 	3782
f 3783 	3784 	3293
f 3296 	3785 	3786
f 3628 	3477 	3478
f 3786 	3787 	3296
f 4050 	4051 	2131
f 1461 	237 	1460
f 4044 	2211 	2213
f 4044 	2213 	4045
f 3299 	3789 	3788
f 2214 	4046 	2213
f 4045 	2213 	4046
f 239 	237 	1462
f 4046 	2214 	2216
f 4046 	2216 	4047
f 3788 	3790 	3299
f 4047 	2216 	2218
f 2221 	4049 	2218
f 3302 	3791 	3792
f 3302 	3792 	3303
f 3793 	3303 	3792
f 4050 	2225 	2226
f 4050 	2226 	4051
f 3303 	3793 	3794
f 2228 	4052 	2226
f 4051 	2226 	4052
f 3796 	3305 	3794
f 4052 	2228 	2231
f 4052 	2231 	4053
f 625 	3187 	3164
f 4053 	2231 	2232
f 3798 	3307 	3797
f 3829 	3308 	3798
f 4044 	2236 	2211
f 3829 	3777 	3308
f 4057 	2357 	2237
f 2248 	2237 	2238
f 2248 	2238 	4058
f 2240 	4058 	2238
f 3309 	3344 	3830
f 257 	1481 	259
f 2242 	4059 	4058
f 2242 	4058 	2240
f 4059 	2242 	2245
f 1484 	1486 	259
f 3312 	3831 	3832
f 3312 	3832 	3313
f 3833 	3313 	3832
f 3314 	3313 	3834
f 4050 	2249 	2225
f 263 	1488 	265
f 2221 	2251 	4049
f 4063 	4049 	2251
f 266 	265 	1491
f 4063 	2344 	4049
f 267 	266 	1491
f 4064 	4063 	2251
f 267 	1492 	270
f 4064 	542 	4063
f 3495 	3496 	3644
f 1497 	271 	270
f 1497 	270 	1495
f 1499 	273 	1497
f 2256 	4066 	4065
f 548 	546 	4066
f 4067 	4066 	2256
f 4067 	548 	4066
f 4068 	550 	4067
f 4069 	552 	4068
f 604 	3175 	605
f 2350 	4047 	2351
f 4070 	555 	4069
f 4065 	4066 	546
f 3461 	3611 	3479
f 3611 	3461 	3462
f 561 	559 	4072
f 3309 	3852 	3344
f 4073 	561 	4072
f 3182 	611 	3181
f 4074 	564 	4073
f 2272 	4075 	4074
f 3616 	3465 	3466
f 3184 	616 	3183
f 4071 	4072 	559
f 4075 	565 	4074
f 3466 	3467 	3616
f 235 	1460 	237
f 2272 	634 	4075
f 634 	567 	4075
f 3468 	3618 	3467
f 1462 	1464 	239
f 2253 	4064 	2251
f 3620 	3619 	3470
f 3469 	3470 	3619
f 2255 	4065 	4064
f 2255 	4064 	2253
f 3620 	3470 	3471
f 4065 	2255 	2256
f 3315 	3341 	3835
f 2258 	4067 	2256
f 3836 	3316 	3835
f 3315 	3835 	3316
f 3622 	3472 	3473
f 4067 	2258 	4068
f 2260 	4068 	2258
f 3837 	3317 	3316
f 3837 	3316 	3836
f 3624 	3473 	3474
f 4068 	2260 	4069
f 2261 	4069 	2260
f 3318 	3317 	3838
f 3837 	3838 	3317
f 2262 	4070 	4069
f 2262 	4069 	2261
f 3624 	3474 	3625
f 3475 	3625 	3474
f 2264 	4070 	2262
f 3319 	3318 	3839
f 3838 	3839 	3318
f 3625 	3475 	3476
f 2264 	4071 	4070
f 2265 	4072 	4071
f 2265 	4071 	2264
f 4072 	2265 	4073
f 2267 	4073 	2265
f 3321 	3840 	3841
f 2269 	4074 	4073
f 2269 	4073 	2267
f 3628 	3478 	3479
f 3321 	3841 	3842
f 4074 	2269 	2272
f 3323 	3842 	3843
f 634 	2272 	2274
f 3323 	3843 	3844
f 2274 	4076 	634
f 3630 	3480 	3481
f 4076 	569 	634
f 3632 	3481 	3482
f 3632 	3482 	3483
f 3327 	3846 	3847
f 4077 	572 	4076
f 3327 	3847 	3848
f 4078 	4079 	577
f 3329 	3848 	3849
f 3330 	3329 	3850
f 3849 	3850 	3329
f 271 	1497 	273
f 3850 	3851 	3330
f 273 	1499 	275
f 361 	275 	1499
f 3469 	3619 	3486
f 579 	578 	4080
f 583 	580 	4082
f 3286 	3776 	3333
f 3638 	3487 	3488
f 3853 	3854 	3333
f 3638 	3488 	3489
f 4081 	4082 	580
f 4082 	4083 	583
f 3335 	3854 	3855
f 3337 	3856 	3857
f 3858 	3338 	3857
f 3337 	3857 	3338
f 2288 	4083 	4082
f 3642 	3492 	3643
f 3338 	3858 	3859
f 3643 	3494 	3495
f 4084 	4083 	2288
f 3340 	3339 	3860
f 586 	583 	4083
f 4084 	586 	4083
f 3861 	3341 	3860
f 2290 	4085 	4084
f 4085 	589 	4084
f 4086 	4085 	2290
f 3720 	3677 	3243
f 3214 	3677 	3678
f 3680 	3217 	3679
f 613 	612 	4086
f 3680 	3681 	3217
f 4087 	4088 	615
f 4091 	4092 	623
f 623 	620 	4091
f 624 	623 	4092
f 2277 	4076 	2274
f 4076 	2277 	4077
f 2279 	4077 	2277
f 2280 	4078 	4077
f 2280 	4077 	2279
f 4078 	2280 	4079
f 2281 	4079 	2280
f 2282 	4080 	4079
f 2282 	4079 	2281
f 3621 	3471 	3622
f 4080 	2282 	4081
f 2284 	4081 	2282
f 3473 	3623 	3622
f 4081 	2284 	4082
f 2286 	4082 	2284
f 2288 	4082 	2286
f 3476 	3626 	3625
f 2289 	4084 	2288
f 3626 	3476 	3627
f 2290 	4084 	2289
f 3477 	3628 	3627
f 2291 	4086 	2290
f 672 	3195 	3196
f 4086 	2291 	4087
f 2292 	4087 	2291
f 3197 	675 	3196
f 3479 	3611 	3629
f 2293 	4088 	4087
f 2293 	4087 	2292
f 4088 	2293 	4089
f 2294 	4089 	2293
f 2295 	4090 	4089
f 2295 	4089 	2294
f 3631 	3481 	3632
f 2295 	2318 	4091
f 2295 	4091 	4090
f 4092 	4091 	2318
f 4095 	4096 	404
f 626 	624 	4093
f 403 	404 	4096
f 1537 	326 	323
f 1538 	332 	1537
f 3489 	3490 	3639
f 404 	405 	4095
f 4092 	4093 	624
f 4098 	4099 	401
f 4101 	416 	4100
f 3630 	3581 	3480
f 2327 	4095 	4094
f 339 	1543 	1545
f 345 	1545 	1547
f 2329 	4096 	4095
f 2329 	4095 	2327
f 3644 	3496 	3645
f 402 	403 	4097
f 347 	345 	1549
f 3645 	3496 	3634
f 4097 	4096 	2329
f 349 	347 	1551
f 4096 	4097 	403
f 4097 	4098 	402
f 401 	402 	4098
f 400 	401 	4099
f 656 	3189 	3190
f 1507 	290 	1505
f 3220 	3682 	3683
f 3659 	3515 	3516
f 3685 	3686 	3222
f 4100 	400 	4099
f 3661 	3578 	3579
f 3225 	3702 	3703
f 4102 	415 	4101
f 3647 	3646 	3500
f 4103 	414 	4102
f 3647 	3500 	3501
f 2345 	4105 	4104
f 4105 	412 	4104
f 4106 	4105 	2345
f 3652 	3505 	3507
f 4106 	411 	4105
f 1521 	1522 	306
f 307 	306 	1522
f 3652 	3507 	3508
f 652 	518 	3188
f 4104 	413 	4103
f 417 	410 	4106
f 4107 	409 	417
f 3190 	3191 	656
f 410 	417 	409
f 2320 	4092 	2318
f 4092 	2320 	4093
f 2322 	4093 	2320
f 4093 	2322 	4094
f 2324 	4094 	2322
f 2327 	4094 	2324
f 3579 	3580 	3661
f 672 	3196 	675
f 2332 	4097 	2329
f 4097 	2332 	4098
f 2334 	4098 	2332
f 3199 	679 	3198
f 2336 	4099 	4098
f 2336 	4098 	2334
f 3388 	3357 	3358
f 4099 	2336 	4100
f 2337 	4100 	2336
f 1549 	1551 	347
f 2339 	4101 	4100
f 2339 	4100 	2337
f 2339 	4102 	4101
f 3362 	3396 	3361
f 3362 	3364 	3396
f 2341 	4102 	2339
f 3654 	3653 	3510
f 4102 	2341 	4103
f 2342 	4103 	2341
f 3512 	3655 	3510
f 2343 	4104 	4103
f 2343 	4103 	2342
f 4104 	2343 	2345
f 2346 	4106 	2345
f 417 	4106 	2346
f 417 	2346 	2347
f 417 	2347 	4107
f 2349 	4107 	2347
f 3659 	3516 	3578
f 679 	3199 	681
f 681 	3200 	3201
f 1281 	1283 	132
f 1286 	134 	133
f 4112 	4111 	2356
f 4109 	2139 	4108
f 4112 	2145 	4111
f 4113 	4112 	2356
f 4110 	2141 	4109
f 4113 	2147 	4112
f 695 	3205 	606
f 3505 	3651 	3650
f 3652 	3651 	3505
f 4111 	2143 	4110
f 4113 	4057 	2149
f 2151 	2149 	4057
f 3034 	142 	3033
f 3034 	3035 	142
f 4117 	4118 	2165
f 3037 	3038 	148
f 2167 	2165 	4118
f 3513 	3656 	3512
f 1266 	1270 	126
f 3038 	152 	150
f 3656 	3513 	3514
f 3658 	3657 	3515
f 4118 	4117 	2362
f 2169 	2167 	4119
f 3658 	3515 	3659
f 4119 	4118 	2362
f 3659 	3578 	3660
f 3578 	3661 	3660
f 4120 	4119 	2364
f 3042 	159 	722
f 2171 	2169 	4120
f 2364 	2365 	4120
f 4121 	4120 	2365
f 4121 	2171 	4120
f 2365 	4108 	4121
f 134 	1286 	135
f 4119 	4120 	2169
f 4108 	2137 	4121
f 171 	3046 	3047
f 171 	3047 	173
f 4123 	4122 	2367
f 2163 	2161 	4116
f 2367 	2368 	4123
f 4124 	4123 	2368
f 4122 	4123 	2153
f 4116 	4117 	2163
f 3508 	3653 	3652
f 2368 	4114 	4124
f 3508 	3510 	3653
f 4179 	4177 	4131
f 2153 	4123 	2155
f 2165 	2163 	4117
f 4118 	4119 	2167
f 3654 	3510 	3655
f 4108 	2352 	2353
f 4108 	2353 	4109
f 3656 	3655 	3512
f 722 	160 	3062
f 2354 	4110 	2353
f 4109 	2353 	4110
f 3656 	3514 	3657
f 4110 	2354 	2355
f 4110 	2355 	4111
f 3514 	3515 	3657
f 4111 	2355 	2356
f 2356 	2357 	4113
f 141 	3033 	142
f 4113 	2357 	4057
f 4114 	2358 	2359
f 4114 	2359 	4115
f 3662 	3581 	3663
f 2360 	4116 	2359
f 4115 	2359 	4116
f 3663 	3581 	3630
f 150 	148 	3038
f 4116 	2360 	2361
f 4116 	2361 	4117
f 1319 	365 	158
f 4117 	2361 	2362
f 2362 	2363 	4119
f 3458 	3457 	1128
f 3455 	3454 	3212
f 4119 	2363 	2364
f 155 	154 	3041
f 3496 	3495 	35
f 1128 	35 	3492
f 1128 	3492 	3491
f 3491 	3490 	1128
f 3580 	3579 	1128
f 4108 	2365 	2352
f 3041 	3103 	155
f 2367 	4122 	2366
f 35 	34 	3668
f 3360 	3358 	3210
f 3382 	3381 	3668
f 3380 	3668 	3381
f 3378 	3668 	3380
f 3378 	3394 	3668
f 3394 	3391 	3668
f 3391 	3392 	3668
f 3392 	3402 	3668
f 3402 	3401 	3668
f 3472 	3471 	35
f 4114 	2368 	2358
f 1333 	170 	1331
f 1333 	1336 	170
f 2434 	1902 	3668
f 3428 	3427 	3212
f 3424 	3423 	3212
f 3210 	3212 	3420
f 726 	1904 	727
f 1902 	727 	1904
f 1341 	176 	174
f 4128 	4129 	4173
f 2571 	4242 	2569
f 2573 	4242 	2571
f 4175 	4173 	4129
f 2575 	4242 	2573
f 2577 	4242 	2575
f 2579 	4242 	2577
f 4129 	4128 	2373
f 140 	1297 	124
f 4177 	4175 	4130
f 1301 	143 	1341
f 4130 	4129 	2373
f 4130 	2373 	2374
f 3921 	3923 	2585
f 143 	1301 	145
f 4129 	4130 	4175
f 4130 	4131 	4177
f 4242 	3919 	2585
f 2587 	4242 	2585
f 1304 	1307 	145
f 2374 	4131 	4130
f 4131 	4122 	4179
f 2595 	4242 	2593
f 2597 	4242 	2595
f 2153 	4179 	4122
f 151 	1312 	153
f 2569 	4242 	2597
f 2591 	2593 	4242
f 1314 	1317 	153
f 1318 	157 	156
f 1318 	158 	157
f 2609 	2611 	3933
f 3927 	3929 	2581
f 4135 	4134 	2416
f 2581 	2583 	3927
f 4169 	4195 	4126
f 3925 	3927 	2583
f 2416 	4136 	4135
f 3923 	3925 	2583
f 4171 	4169 	4127
f 4127 	4128 	4171
f 2579 	2615 	4242
f 2617 	4242 	2615
f 4173 	4171 	4128
f 2619 	4242 	2617
f 167 	1331 	169
f 2623 	4242 	2621
f 2625 	635 	2623
f 1331 	170 	169
f 2619 	2621 	4242
f 224 	3065 	3067
f 2629 	635 	2627
f 2627 	635 	2625
f 224 	3067 	3069
f 2631 	635 	2629
f 1195 	635 	2633
f 4189 	4187 	4134
f 4134 	4135 	4189
f 4126 	4127 	4169
f 230 	3071 	3073
f 2369 	4125 	4136
f 4125 	2369 	2370
f 4125 	2370 	4126
f 2639 	1195 	2637
f 2643 	1195 	2641
f 1352 	179 	177
f 2371 	4127 	2370
f 4126 	2370 	4127
f 2645 	1195 	2643
f 2639 	2641 	1195
f 3176 	3075 	605
f 4127 	2371 	2372
f 4127 	2372 	4128
f 4128 	2372 	2373
f 2645 	2647 	1195
f 1361 	184 	183
f 2412 	4131 	2374
f 2412 	4122 	4131
f 2366 	4122 	2412
f 2655 	1195 	2653
f 1364 	185 	1361
f 2657 	1195 	2655
f 2413 	4132 	2414
f 4133 	2414 	4132
f 2659 	1195 	2657
f 1195 	2647 	2649
f 4132 	2413 	2415
f 4132 	2415 	4134
f 3082 	240 	3080
f 2661 	1195 	2659
f 4134 	2415 	2416
f 2416 	2417 	4136
f 2663 	1195 	2661
f 2651 	2653 	1195
f 2417 	2369 	4136
f 2667 	1195 	2665
f 2669 	1195 	2667
f 4137 	2418 	4138
f 2419 	4138 	2418
f 2671 	1195 	2669
f 2414 	4133 	4138
f 2414 	4138 	2419
f 2663 	2665 	1195
f 2675 	1195 	2673
f 2677 	1195 	2675
f 4205 	4203 	4141
f 2679 	1195 	2677
f 2681 	2683 	1195
f 4141 	4142 	4205
f 2685 	1195 	2683
f 2689 	1195 	2687
f 4207 	4205 	4142
f 195 	1391 	196
f 2685 	2687 	1195
f 2693 	1195 	2691
f 4143 	4207 	4142
f 2691 	1195 	2689
f 1394 	196 	1392
f 2695 	1195 	2693
f 2775 	1178 	2697
f 4144 	4143 	2425
f 4144 	4209 	4143
f 1396 	198 	1394
f 2425 	4137 	4144
f 1399 	199 	1396
f 4187 	4185 	4132
f 201 	200 	1403
f 2709 	2711 	3947
f 3945 	3947 	2713
f 202 	1406 	203
f 2713 	2598 	3943
f 2598 	2601 	3943
f 4149 	4148 	2430
f 2723 	1176 	2721
f 2717 	1176 	2715
f 2719 	1176 	2717
f 3082 	3083 	240
f 4150 	4149 	2430
f 2727 	2729 	3965
f 2721 	1176 	2719
f 4217 	4215 	4148
f 179 	1352 	181
f 242 	3083 	244
f 4151 	4150 	2432
f 3959 	3961 	2699
f 4149 	4150 	4219
f 4201 	4199 	4139
f 2432 	2433 	4151
f 4152 	4151 	2433
f 2701 	2703 	3957
f 3953 	3955 	2705
f 2707 	2709 	3951
f 3947 	3949 	2709
f 2711 	2713 	3947
f 3943 	3945 	2713
f 4150 	4151 	4221
f 4203 	4201 	4140
f 184 	1361 	185
f 2737 	1176 	2735
f 2433 	4139 	4152
f 2739 	1176 	2737
f 1364 	186 	185
f 2741 	1176 	2739
f 4139 	4140 	4201
f 4140 	4141 	4203
f 250 	3091 	252
f 2757 	2735 	1176
f 1176 	2741 	2715
f 2725 	1176 	2723
f 2731 	2733 	3963
f 252 	3093 	253
f 4139 	2420 	2421
f 4139 	2421 	4140
f 3095 	254 	253
f 2422 	4141 	2421
f 4140 	2421 	4141
f 2747 	1176 	2745
f 4141 	2422 	2423
f 4141 	2423 	4142
f 3099 	258 	256
f 2424 	4143 	2423
f 4142 	2423 	4143
f 191 	190 	1377
f 258 	3099 	260
f 3101 	260 	3099
f 4143 	2424 	2425
f 2755 	1176 	2753
f 4137 	2425 	2418
f 2757 	1176 	2755
f 2753 	1176 	2751
f 191 	1377 	192
f 2427 	4146 	4145
f 2427 	4145 	2426
f 2763 	2765 	1178
f 2759 	2761 	1178
f 4146 	2427 	4147
f 2428 	4147 	2427
f 1176 	1178 	2765
f 2429 	4148 	4147
f 2429 	4147 	2428
f 372 	3104 	3105
f 1389 	194 	193
f 2767 	1176 	2765
f 4148 	2429 	2430
f 372 	3105 	373
f 194 	1389 	195
f 2431 	4150 	2430
f 3108 	374 	373
f 3108 	373 	3106
f 4150 	2431 	2432
f 3109 	375 	3108
f 1394 	197 	196
f 376 	375 	3111
f 4139 	2433 	2420
f 1394 	198 	197
f 377 	376 	3111
f 2783 	1178 	2781
f 198 	1396 	199
f 377 	3113 	3114
f 1401 	200 	199
f 1401 	199 	1399
f 4154 	4153 	2436
f 2789 	1178 	2787
f 2785 	1178 	2783
f 1401 	1403 	200
f 4107 	4153 	428
f 2785 	2787 	1178
f 2789 	2791 	1178
f 2793 	1178 	2791
f 3118 	3091 	383
f 4156 	4157 	424
f 3101 	3121 	260
f 2797 	1178 	2795
f 2799 	1178 	2797
f 424 	425 	4156
f 422 	424 	4157
f 1412 	204 	203
f 2803 	1178 	2801
f 4157 	4158 	422
f 2807 	1178 	2805
f 2809 	1178 	2807
f 3128 	395 	3126
f 2803 	2805 	1178
f 2809 	2811 	1178
f 2813 	1178 	2811
f 2815 	1178 	2813
f 2817 	1178 	2815
f 2819 	1178 	2817
f 370 	155 	3103
f 2821 	1178 	2819
f 2823 	1178 	2821
f 3104 	371 	3103
f 370 	3103 	371
f 2759 	1178 	2823
f 2769 	1176 	2767
f 371 	3104 	372
f 212 	1426 	213
f 3106 	373 	3105
f 4161 	9 	4160
f 2761 	2763 	1178
f 1176 	2769 	2771
f 1176 	2771 	2773
f 1176 	2773 	2743
f 2743 	2745 	1176
f 2749 	1176 	2747
f 2751 	1176 	2749
f 214 	213 	1431
f 4162 	11 	4161
f 2671 	2673 	1195
f 2679 	2681 	1195
f 2695 	2697 	1195
f 2777 	1178 	2775
f 1195 	2697 	1178
f 1178 	2777 	2779
f 1178 	2779 	2781
f 2795 	1178 	2793
f 2801 	1178 	2799
f 374 	3108 	375
f 4163 	13 	4162
f 3109 	3111 	375
f 2635 	1195 	2633
f 2637 	1195 	2635
f 2651 	1195 	2649
f 2631 	2633 	635
f 4164 	15 	4163
f 3865 	104 	3863
f 217 	1437 	218
f 3114 	378 	377
f 3867 	104 	3865
f 4160 	5 	4159
f 4165 	17 	4164
f 3869 	104 	3867
f 378 	3114 	381
f 3887 	3863 	104
f 3118 	383 	381
f 93 	104 	3871
f 4158 	4159 	8
f 4166 	19 	4165
f 250 	383 	3091
f 23 	21 	4167
f 388 	386 	3122
f 3123 	389 	3122
f 388 	3122 	389
f 4168 	4167 	2455
f 4168 	2455 	2458
f 3885 	104 	3883
f 227 	1450 	1451
f 4145 	25 	4168
f 389 	3123 	391
f 3124 	391 	3123
f 3881 	104 	3879
f 2458 	4145 	4168
f 3887 	104 	3885
f 3881 	3883 	104
f 3124 	3126 	391
f 393 	3126 	395
f 1412 	206 	204
f 4166 	4167 	21
f 4167 	4168 	23
f 4213 	27 	4146
f 4221 	4219 	4150
f 1417 	208 	206
f 3128 	3129 	395
f 397 	395 	3129
f 4107 	2349 	4153
f 2436 	4153 	2349
f 1417 	1418 	208
f 209 	208 	1418
f 462 	3129 	3134
f 2437 	4154 	2436
f 3891 	1176 	3889
f 209 	1418 	210
f 3895 	3897 	1176
f 1420 	1424 	210
f 104 	1176 	3901
f 3899 	3901 	1176
f 4154 	2437 	4155
f 2438 	4155 	2437
f 462 	3134 	465
f 2440 	4156 	4155
f 2440 	4155 	2438
f 4156 	2440 	4157
f 2442 	4157 	2440
f 3137 	466 	3135
f 2443 	4158 	4157
f 2443 	4157 	2442
f 466 	3137 	469
f 4158 	2443 	4159
f 2444 	4159 	2443
f 1429 	1431 	213
f 470 	469 	3139
f 2444 	2446 	4159
f 3913 	1176 	3911
f 3909 	3911 	1176
f 1431 	215 	214
f 4160 	4159 	2446
f 470 	3139 	3140
f 4160 	2446 	4161
f 2447 	4161 	2446
f 3889 	1176 	3915
f 3913 	3915 	1176
f 3893 	3895 	1176
f 3897 	3899 	1176
f 2449 	4162 	4161
f 2449 	4161 	2447
f 1437 	217 	216
f 4162 	2449 	4163
f 2451 	4163 	2449
f 104 	3901 	3903
f 104 	3903 	3873
f 104 	3873 	3875
f 104 	3875 	3877
f 104 	3877 	3879
f 2452 	4164 	4163
f 2452 	4163 	2451
f 1439 	218 	1437
f 4164 	2452 	4165
f 2453 	4165 	2452
f 1439 	219 	218
f 2454 	4166 	4165
f 2454 	4165 	2453
f 2613 	2581 	3929
f 2454 	2455 	4166
f 3148 	3149 	482
f 4167 	4166 	2455
f 2611 	2613 	3931
f 4145 	2458 	2426
f 3933 	3935 	2609
f 4170 	4169 	4171
f 4170 	4171 	4172
f 3935 	3937 	2607
f 4172 	4171 	4173
f 4172 	4173 	4174
f 2607 	2609 	3935
f 1451 	229 	227
f 4174 	4173 	4175
f 4174 	4175 	4176
f 4176 	4175 	4177
f 4176 	4177 	4178
f 3951 	3953 	2707
f 1451 	1505 	229
f 2605 	2607 	3937
f 4178 	4177 	4179
f 4178 	4179 	4180
f 3153 	3154 	492
f 2153 	813 	4179
f 4180 	4179 	813
f 3155 	497 	3154
f 498 	497 	3156
f 4182 	4181 	4183
f 4182 	4183 	4184
f 3957 	3959 	2701
f 1460 	235 	234
f 3157 	500 	3156
f 4184 	4183 	4185
f 4184 	4185 	4186
f 3955 	3957 	2703
f 4186 	4185 	4187
f 4186 	4187 	4188
f 3961 	3963 	2733
f 4188 	4187 	4189
f 4188 	4189 	4190
f 1461 	1462 	237
f 4190 	4189 	4191
f 4190 	4191 	4192
f 4192 	4191 	4193
f 4192 	4193 	4194
f 3963 	3965 	2731
f 2733 	2699 	3961
f 4194 	4193 	4195
f 4194 	4195 	4196
f 4196 	4195 	4169
f 4196 	4169 	4170
f 1176 	2725 	3967
f 2729 	2731 	3965
f 4198 	4197 	4199
f 4198 	4199 	4200
f 3969 	1176 	3967
f 3971 	1176 	3969
f 4200 	4199 	4201
f 4200 	4201 	4202
f 3973 	3975 	1176
f 4202 	4201 	4203
f 4202 	4203 	4204
f 247 	1472 	248
f 3163 	518 	3162
f 3975 	3977 	1176
f 4204 	4203 	4205
f 4204 	4205 	4206
f 3979 	1176 	3977
f 1474 	249 	1472
f 4206 	4205 	4207
f 4206 	4207 	4208
f 4208 	4207 	4209
f 4208 	4209 	4210
f 1476 	251 	1474
f 2725 	2727 	3967
f 4210 	4209 	4211
f 4210 	4211 	4212
f 3129 	462 	397
f 1176 	3979 	3905
f 4181 	4182 	4211
f 4212 	4211 	4182
f 3135 	465 	3134
f 27 	4213 	4214
f 27 	4214 	28
f 3909 	1176 	3907
f 3907 	1176 	3905
f 4214 	4213 	4215
f 4214 	4215 	4216
f 4216 	4215 	4217
f 4216 	4217 	4218
f 465 	3135 	466
f 1551 	1479 	349
f 3971 	3973 	1176
f 4218 	4217 	4219
f 4218 	4219 	4220
f 3138 	469 	3137
f 257 	255 	1479
f 4220 	4219 	4221
f 4220 	4221 	4222
f 3891 	3893 	1176
f 4197 	4198 	4221
f 4222 	4221 	4198
f 3140 	472 	470
f 3142 	474 	3140
f 472 	3140 	474
f 3142 	477 	474
f 4136 	4125 	4193
f 4195 	4193 	4125
f 4193 	4191 	4136
f 3146 	479 	477
f 4125 	4126 	4195
f 4138 	4181 	4137
f 4137 	4211 	4144
f 4132 	4134 	4187
f 479 	3146 	482
f 4135 	4136 	4191
f 4191 	4189 	4135
f 4211 	4137 	4181
f 4133 	4132 	4185
f 4185 	4183 	4133
f 4138 	4133 	4183
f 4181 	4138 	4183
f 3151 	486 	484
f 3151 	3152 	486
f 488 	486 	3152
f 4209 	4144 	4211
f 4207 	4143 	4209
f 4152 	4139 	4199
f 4199 	4197 	4152
f 4151 	4152 	4197
f 4197 	4221 	4151
f 492 	488 	3153
f 4219 	4217 	4149
f 3152 	3153 	488
f 4148 	4149 	4217
f 4147 	4148 	4215
f 4215 	4213 	4147
f 4146 	4147 	4213
f 23 	4168 	25
f 4145 	4146 	27
f 25 	4145 	27
f 494 	492 	3154
f 494 	3154 	497
f 276 	1503 	232
f 405 	4223 	348
f 405 	348 	626
f 3155 	3156 	497
f 232 	1456 	234
f 404 	4224 	4223
f 404 	4223 	405
f 403 	4225 	4224
f 403 	4224 	404
f 498 	3156 	500
f 402 	4226 	4225
f 402 	4225 	403
f 401 	4227 	4226
f 401 	4226 	402
f 500 	3157 	502
f 3158 	502 	3157
f 400 	4228 	4227
f 400 	4227 	401
f 3159 	504 	3158
f 400 	4229 	4228
f 416 	4229 	400
f 3160 	507 	504
f 1464 	241 	239
f 415 	4230 	4229
f 415 	4229 	416
f 3160 	511 	507
f 414 	4231 	4230
f 414 	4230 	415
f 241 	1464 	243
f 413 	4232 	4231
f 413 	4231 	414
f 3161 	513 	511
f 412 	4233 	4232
f 412 	4232 	413
f 243 	1468 	245
f 411 	4234 	4233
f 411 	4233 	412
f 3161 	3162 	513
f 516 	513 	3162
f 245 	1468 	247
f 410 	4235 	4234
f 410 	4234 	411
f 3162 	518 	516
f 409 	121 	4235
f 409 	4235 	410
f 409 	4236 	121
f 248 	1472 	249
f 428 	4236 	409
f 427 	4237 	4236
f 427 	4236 	428
f 1474 	251 	249
f 426 	4238 	4237
f 426 	4237 	427
f 425 	4239 	4238
f 425 	4238 	426
f 424 	4240 	4239
f 424 	4239 	425
f 422 	4241 	4240
f 422 	4240 	424
f 8 	7 	4241
f 8 	4241 	422
f 596 	3169 	598
f 600 	598 	3171
f 603 	3174 	604
f 3176 	605 	3175
f 1503 	276 	275
f 3949 	3951 	2709
f 3941 	3943 	2601
f 2605 	3939 	2603
f 3931 	3933 	2611
f 2603 	3939 	2601
f 3939 	2605 	3937
f 3941 	2601 	3939
f 2705 	2707 	3953
f 2703 	2705 	3955
f 2699 	2701 	3959
f 3965 	3967 	2727
f 1456 	232 	1503
f 3178 	607 	3177
f 3983 	635 	3981
f 282 	229 	1505
f 3985 	635 	3983
f 3987 	635 	3985
f 3989 	635 	3987
f 631 	633 	4224
f 3995 	635 	3993
f 1510 	293 	354
f 3991 	635 	3989
f 1511 	296 	1510
f 3993 	635 	3991
f 3999 	635 	3997
f 4001 	635 	3999
f 614 	3183 	616
f 4003 	635 	4001
f 3995 	3997 	635
f 4005 	635 	4003
f 616 	3184 	619
f 619 	3185 	3186
f 622 	621 	715
f 1522 	312 	307
f 625 	622 	715
f 312 	1524 	1527
f 4019 	4242 	4017
f 4021 	4242 	4019
f 4242 	635 	4017
f 582 	3164 	3165
f 582 	3165 	585
f 4025 	4242 	4023
f 4027 	4242 	4025
f 585 	3165 	588
f 3166 	588 	3165
f 4029 	4242 	4027
f 4021 	4023 	4242
f 4031 	4242 	4029
f 590 	588 	3167
f 3166 	3167 	588
f 4033 	4242 	4031
f 4035 	4242 	4033
f 593 	590 	3168
f 3167 	3168 	590
f 3169 	596 	3168
f 593 	3168 	596
f 4037 	4242 	4035
f 3921 	2585 	3919
f 3170 	598 	3169
f 4041 	4242 	4039
f 4043 	4242 	4041
f 3170 	3171 	598
f 4242 	4043 	3917
f 601 	600 	3172
f 3171 	3172 	600
f 4037 	4039 	4242
f 1547 	1549 	345
f 3173 	602 	3172
f 601 	3172 	602
f 3919 	4242 	3917
f 3173 	603 	602
f 2583 	2585 	3923
f 3929 	3931 	2613
f 255 	349 	1479
f 2587 	2589 	4242
f 2589 	2591 	4242
f 4242 	2623 	635
f 282 	1505 	290
f 4007 	4009 	635
f 4009 	4011 	635
f 4013 	635 	4011
f 4013 	4015 	635
f 4015 	4017 	635
f 4005 	4007 	635
f 4172 	853 	4170
f 292 	290 	354
f 1507 	354 	290
f 3177 	606 	3205
f 4174 	853 	4172
f 354 	293 	292
f 4176 	853 	4174
f 606 	3177 	607
f 293 	1510 	296
f 4178 	853 	4176
f 3179 	608 	3178
f 607 	3178 	608
f 813 	853 	4180
f 1514 	298 	1511
f 3180 	609 	3179
f 608 	3179 	609
f 1516 	301 	298
f 3180 	3181 	609
f 609 	3181 	610
f 1518 	303 	1516
f 301 	1516 	303
f 610 	3181 	611
f 303 	1518 	306
f 614 	611 	3183
f 3182 	3183 	611
f 4194 	853 	4192
f 4196 	853 	4194
f 3185 	619 	3184
f 4170 	853 	4196
f 1527 	314 	312
f 3186 	621 	619
f 314 	1527 	319
f 1531 	319 	1527
f 3186 	715 	621
f 4206 	4208 	104
f 319 	1531 	322
f 4208 	4210 	104
f 582 	625 	3164
f 4210 	4212 	104
f 4202 	4204 	104
f 4182 	853 	4212
f 326 	1537 	332
f 4218 	104 	4216
f 104 	28 	4214
f 1538 	335 	332
f 4220 	104 	4218
f 4214 	4216 	104
f 4198 	104 	4222
f 1545 	342 	339
f 4220 	4222 	104
f 4200 	4202 	104
f 4204 	4206 	104
f 4198 	4200 	104
f 663 	3192 	3193
f 1545 	345 	342
f 853 	104 	4212
f 853 	4182 	4184
f 4186 	853 	4184
f 4188 	853 	4186
f 4190 	853 	4188
f 4190 	4192 	853
f 3194 	666 	3193
f 635 	348 	4223
f 4225 	71 	4224
f 4224 	635 	4223
f 4226 	70 	4225
f 4227 	33 	4226
f 79 	80 	4230
f 1255 	123 	1253
f 78 	79 	4232
f 3197 	3198 	675
f 123 	1255 	177
f 76 	77 	4234
f 3200 	681 	3199
f 75 	76 	4234
f 4234 	4235 	75
f 1261 	1264 	124
f 4233 	4234 	77
f 4238 	4239 	90
f 87 	89 	4239
f 7 	6 	85
f 6 	10 	102
f 10 	12 	102
f 85 	86 	4241
f 100 	101 	12
f 12 	14 	100
f 122 	137 	1253
f 1253 	123 	122
f 3163 	3188 	518
f 652 	3188 	3189
f 1275 	129 	128
f 129 	1275 	130
f 658 	3191 	3192
f 1278 	131 	130
f 131 	1278 	132
f 663 	3193 	666
f 669 	666 	3195
f 139 	1296 	138
f 1296 	1297 	138
f 653 	652 	3189
f 3189 	656 	653
f 661 	658 	3192
f 3192 	663 	661
f 3194 	3195 	666
f 669 	3195 	672
f 3198 	676 	675
f 3198 	679 	676
f 3201 	684 	681
f 3201 	3202 	684
f 687 	684 	3202
f 687 	3202 	689
f 3203 	689 	3202
f 3204 	691 	3203
f 689 	3203 	691
f 695 	691 	3205
f 152 	3039 	3040
f 3044 	3045 	165
f 165 	3045 	3046
f 180 	3051 	182
f 144 	3036 	146
f 146 	3036 	148
f 152 	3040 	154
f 3040 	3041 	154
f 161 	3044 	163
f 3044 	165 	163
f 165 	3046 	168
f 3046 	171 	168
f 175 	173 	3049
f 141 	175 	3033
f 3049 	3033 	175
f 3051 	180 	178
f 228 	226 	3071
f 3073 	3050 	230
f 605 	3075 	231
f 233 	3076 	3078
f 238 	3078 	3080
f 228 	3071 	230
f 3075 	3076 	231
f 244 	3085 	3087
f 3065 	222 	3064
f 246 	244 	3087
f 220 	3064 	222
f 222 	3065 	224
f 3069 	226 	224
f 3069 	3071 	226
f 3078 	236 	233
f 236 	3078 	238
f 3080 	240 	238
f 3064 	220 	3087
f 246 	3087 	220
# 8532 faces

 #end of obj_0

