# Object Export From Tinkercad Server 2015

mtllib obj.mtl

o obj_0
v -55.469 		-15.452 		1.77
v -51.237 		-7.863 		0
v -55.505 		-15.452 		1.789
v -54.001 		2.846 		1.61
v -53.961 		2.853 		1.61
v -53.991 		2.924 		1.617
v -51.319 		-7.824 		0
v -51.399 		-7.782 		0
v -51.477 		-7.737 		0
v -51.551 		-7.689 		0
v -51.623 		-7.637 		0
v -26.328 		-28.093 		4
v -26.377 		-28.1095 		4
v -53.92 		2.858 		1.61
v -51.691 		-7.583 		0
v -26.202 		-28.045 		4
v -26.078 		-27.99 		4
v -25.958 		-27.929 		4
v -25.84 		-27.863 		4
v -51.757 		-7.526 		0
v -25.726 		-27.791 		4
v 66.294 		22.277 		6.5
v 66.332 		22.21 		6.5
v 66.259 		22.347 		6.5
v -51.818 		-7.467 		0
v 66.228 		22.417 		6.5
v -51.877 		-7.405 		0
v -51.931 		-7.34 		0
v 66.2 		22.49 		6.5
v -51.982 		-7.274 		0
v -52.028 		-7.205 		0
v 67.53 		21.451 		6.5
v -52.071 		-7.135 		0
v 67.454 		21.461 		6.5
v -52.109 		-7.063 		0
v -52.143 		-6.99 		0
v 67.377 		21.474 		6.5
v -52.173 		-6.915 		0
v 67.302 		21.491 		6.5
v -55.526 		-15.53 		1.809
v -52.198 		-6.839 		0
v -52.219 		-6.763 		0
v -52.235 		-6.685 		0
v 67.227 		21.511 		6.5
v -52.247 		-6.607 		0
v 67.154 		21.536 		6.5
v -52.254 		-6.529 		0
v -55.531 		-15.452 		1.809
v -52.256 		-6.45 		0
v 67.081 		21.564 		6.5
v -52.254 		-6.371 		0
v 67.011 		21.595 		6.5
v -52.247 		-6.293 		0
v 66.941 		21.63 		6.5
v -52.235 		-6.215 		0
v -25.616 		-27.713 		4
v -25.6 		-27.7006 		4
v -53.879 		2.86 		1.61
v 66.874 		21.668 		6.5
v -50.254 		-8.0512 		0
v 66.809 		21.709 		6.5
v -50.328 		-8.052 		0
v 66.745 		21.754 		6.5
v -50.423 		-8.051 		0
v -50.517 		-8.045 		0
v 66.684 		21.802 		6.5
v -26.586 		-28.172 		4
v -26.456 		-28.136 		4
v -50.611 		-8.035 		0
v 66.626 		21.852 		6.5
v -50.704 		-8.022 		0
v -28.049 		-26.598 		4
v 66.57 		21.906 		6.5
v -50.796 		-8.004 		0
v -50.888 		-7.983 		0
v -53.837 		2.861 		1.61
v -28.348 		-26.299 		4
v -50.978 		-7.959 		0
v -28.54 		-25.922 		4
v 66.175 		22.563 		6.5
v -28.606 		-25.504 		4
v -28.54 		-25.086 		4
v -28.348 		-24.709 		4
v 66.155 		22.638 		6.5
v 66.138 		22.713 		6.5
v 66.125 		22.79 		6.5
v -26.836 		-26.79 		4
v 66.115 		22.866 		6.5
v -27.254 		-26.857 		4
v -55.526 		-15.608 		1.828
v 66.109 		22.944 		6.5
v -55.511 		-15.607 		1.809
v 66.108 		23.021 		6.5
v 66.109 		23.098 		6.5
v -53.972 		-6.144 		1.598
v -27.254 		-28.254 		4
v -27.119 		-28.251 		4
v -26.984 		-28.241 		4
v -26.85 		-28.224 		4
v -26.717 		-28.201 		4
v 66.115 		23.176 		6.5
v -27.524 		-28.241 		4
v -27.389 		-28.251 		4
v -27.672 		-26.79 		4
v 66.125 		23.252 		6.5
v 66.138 		23.329 		6.5
v 66.155 		23.404 		6.5
v -55.542 		-15.53 		1.828
v 66.175 		23.479 		6.5
v -51.066 		-7.93 		0
v -51.152 		-7.899 		0
v 66.2 		23.552 		6.5
v 66.228 		23.625 		6.5
v -28.052 		-28.136 		4
v -27.922 		-28.172 		4
v -27.79 		-28.201 		4
v -27.658 		-28.224 		4
v 66.259 		23.695 		6.5
v -28.55 		-27.929 		4
v -28.43 		-27.99 		4
v -28.306 		-28.045 		4
v -28.18 		-28.093 		4
v -52.256 		-5.12 		0
v -53.94 		2.93 		1.617
v 66.294 		23.765 		6.5
v 66.332 		23.832 		6.5
v -55.547 		-15.452 		1.828
v -52.219 		-6.137 		0
v -28.668 		-27.863 		4
v 66.373 		23.897 		6.5
v -52.198 		-6.061 		0
v 66.418 		23.961 		6.5
v -52.173 		-5.985 		0
v -30.004 		-25.504 		4
v -29.843 		-24.578 		4
v 66.466 		24.022 		6.5
v -29.886 		-24.706 		4
v -29.922 		-24.836 		4
v -52.143 		-5.91 		0
v -29.951 		-24.968 		4
v -55.531 		-15.609 		1.848
v -29.974 		-25.1 		4
v -29.991 		-25.234 		4
v -30.001 		-25.369 		4
v -52.109 		-5.837 		0
v 66.516 		24.08 		6.5
v -52.071 		-5.765 		0
v -55.547 		-15.531 		1.848
v -30.001 		-25.639 		4
v -52.028 		-5.695 		0
v -29.991 		-25.774 		4
v -29.974 		-25.908 		4
v -29.951 		-26.041 		4
v -29.922 		-26.172 		4
v -29.886 		-26.302 		4
v -29.843 		-26.43 		4
v -29.795 		-26.556 		4
v -55.553 		-15.452 		1.848
v 66.57 		24.136 		6.5
v -53.889 		2.934 		1.617
v -51.982 		-5.626 		0
v 66.626 		24.19 		6.5
v -29.463 		-27.142 		4
v -51.931 		-5.56 		0
v -29.38 		-27.249 		4
v -29.292 		-27.351 		4
v -29.199 		-27.449 		4
v -29.101 		-27.542 		4
v -28.999 		-27.63 		4
v -28.892 		-27.713 		4
v -28.782 		-27.791 		4
v -51.877 		-5.495 		0
v 66.684 		24.24 		6.5
v -29.74 		-26.68 		4
v -29.679 		-26.8 		4
v -29.613 		-26.918 		4
v -51.818 		-5.433 		0
v -29.541 		-27.032 		4
v -55.531 		-15.609 		1.855
v -51.757 		-5.374 		0
v 66.745 		24.288 		6.5
v -51.691 		-5.317 		0
v -55.547 		-15.531 		1.855
v 66.809 		24.333 		6.5
v -51.623 		-5.263 		0
v -51.551 		-5.211 		0
v -53.837 		2.935 		1.617
v -55.553 		-15.452 		1.855
v 66.874 		24.374 		6.5
v -51.477 		-5.163 		0
v 66.941 		24.412 		6.5
v 67.011 		24.447 		6.5
v -51.399 		-5.118 		0
v -26.377 		-22.8985 		4
v -51.319 		-5.076 		0
v 67.081 		24.478 		6.5
v -51.237 		-5.037 		0
v -26.456 		-22.872 		4
v 67.154 		24.506 		6.5
v -26.586 		-22.836 		4
v 67.227 		24.531 		6.5
v -50.254 		-4.8488 		0
v -26.459 		-24.41 		4
v 67.302 		24.551 		6.5
v -50.328 		-4.848 		0
v 67.377 		24.568 		6.5
v -51.152 		-5.001 		0
v -51.066 		-4.97 		0
v -50.978 		-4.941 		0
v -50.888 		-4.917 		0
v 67.608 		21.445 		6.5
v -50.796 		-4.896 		0
v 67.685 		21.443 		6.5
v -50.704 		-4.878 		0
v -53.899 		3.005 		1.625
v -50.611 		-4.865 		0
v -50.517 		-4.855 		0
v 68.068 		21.491 		6.5
v -50.423 		-4.849 		0
v 67.993 		21.474 		6.5
v -53.837 		3.006 		1.625
v 67.916 		21.461 		6.5
v 67.84 		21.451 		6.5
v 67.762 		21.445 		6.5
v -46.178 		-8.034 		0
v -46.25 		-7.815 		0
v -26.456 		-22.872 		1.855
v -26.377 		-22.8985 		1.855
v 68.561 		21.709 		6.5
v -46.312 		-7.593 		0
v -46.362 		-7.367 		0
v -53.978 		3.068 		1.634
v 68.496 		21.668 		6.5
v -46.402 		-7.14 		0
v 68.429 		21.63 		6.5
v -26.586 		-22.836 		1.855
v -53.959 		3.001 		1.625
v -46.43 		-6.911 		0
v 68.359 		21.595 		6.5
v -46.447 		-6.681 		0
v -26.624 		-22.8276 		1.855
v 68.289 		21.564 		6.5
v -46.453 		-6.45 		0
v -46.447 		-6.219 		0
v 68.216 		21.536 		6.5
v 68.143 		21.511 		6.5
v -46.43 		-5.989 		0
v -26.459 		-24.41 		1.098
v -46.402 		-5.76 		0
v -46.362 		-5.533 		0
v 69.17 		22.49 		6.5
v -46.312 		-5.307 		0
v -46.25 		-5.085 		0
v 69.142 		22.417 		6.5
v -27.389 		-22.757 		4
v -46.178 		-4.866 		0
v -27.254 		-22.754 		4
v 69.111 		22.347 		6.5
v -46.095 		-4.65 		0
v -27.524 		-22.767 		4
v -46.001 		-4.439 		0
v 69.076 		22.277 		6.5
v -45.897 		-4.233 		0
v -26.717 		-22.807 		4
v 69.038 		22.21 		6.5
v -26.85 		-22.784 		4
v 68.997 		22.145 		6.5
v -26.984 		-22.767 		4
v 68.952 		22.081 		6.5
v -45.784 		-4.032 		0
v -27.119 		-22.757 		4
v -45.66 		-3.837 		0
v 68.904 		22.02 		6.5
v -26.836 		-24.218 		4
v -45.527 		-3.649 		0
v -27.254 		-24.152 		4
v 68.854 		21.962 		6.5
v -45.385 		-3.467 		0
v -45.234 		-3.292 		0
v 68.8 		21.906 		6.5
v -45.075 		-3.125 		0
v 68.744 		21.852 		6.5
v -27.658 		-22.784 		4
v 68.686 		21.802 		6.5
v -27.79 		-22.807 		4
v 68.625 		21.754 		6.5
v -44.908 		-2.966 		0
v -55.046 		-16.157 		1.828
v -27.922 		-22.836 		4
v -44.733 		-2.815 		0
v -44.551 		-2.673 		0
v -28.052 		-22.872 		4
v -44.363 		-2.54 		0
v -28.18 		-22.915 		4
v -44.168 		-2.417 		0
v -28.306 		-22.963 		4
v -43.967 		-2.303 		0
v -28.43 		-23.018 		4
v -43.761 		-2.199 		0
v -43.55 		-2.105 		0
v -28.55 		-23.079 		4
v -43.334 		-2.022 		0
v -43.115 		-1.95 		0
v -28.668 		-23.145 		4
v -55.05 		-16.16 		1.848
v -41.519 		-1.753 		0
v -28.049 		-24.41 		4
v -41.75 		-1.748 		0
v -41.289 		-1.77 		0
v -27.672 		-24.218 		4
v -41.06 		-1.798 		0
v -54.223 		3.095 		1.645
v -27.389 		-22.757 		1.855
v -27.254 		-22.754 		1.855
v -42.893 		-1.888 		0
v -42.667 		-1.838 		0
v -55.05 		-16.16 		1.855
v -27.524 		-22.767 		1.855
v -54.149 		3.111 		1.645
v -42.44 		-1.798 		0
v -42.211 		-1.77 		0
v -27.648 		-22.7827 		1.855
v -41.981 		-1.753 		0
v -37.053 		-6.219 		0
v -26.717 		-22.807 		1.855
v -37.048 		-6.45 		0
v -26.85 		-22.784 		1.855
v -37.053 		-6.681 		0
v -37.07 		-6.911 		0
v -37.098 		-7.14 		0
v -37.138 		-7.367 		0
v 69.17 		23.552 		6.5
v -37.188 		-7.593 		0
v 69.195 		23.479 		6.5
v -37.25 		-7.815 		0
v 69.215 		23.404 		6.5
v -37.322 		-8.034 		0
v 69.232 		23.329 		6.5
v -54.264 		3.152 		1.657
v -37.603 		-4.233 		0
v 69.245 		23.252 		6.5
v -37.499 		-4.439 		0
v -37.406 		-4.65 		0
v 69.255 		23.176 		6.5
v -37.322 		-4.866 		0
v 69.261 		23.098 		6.5
v -37.25 		-5.085 		0
v 69.263 		23.021 		6.5
v -37.188 		-5.307 		0
v -37.138 		-5.533 		0
v 69.261 		22.944 		6.5
v -37.098 		-5.76 		0
v -54.073 		3.124 		1.645
v 69.255 		22.866 		6.5
v -37.07 		-5.989 		0
v -26.984 		-22.767 		1.855
v 69.245 		22.79 		6.5
v 69.232 		22.713 		6.5
v -27.119 		-22.757 		1.855
v 69.215 		22.638 		6.5
v 69.195 		22.563 		6.5
v -26.836 		-24.218 		1.098
v -27.254 		-24.152 		1.098
v 67.993 		24.568 		6.5
v 68.068 		24.551 		6.5
v 68.143 		24.531 		6.5
v 68.216 		24.506 		6.5
v 68.289 		24.478 		6.5
v -54.182 		3.17 		1.657
v -27.658 		-22.784 		1.855
v 68.359 		24.447 		6.5
v 68.429 		24.412 		6.5
v -40.833 		-1.838 		0
v 68.496 		24.374 		6.5
v -40.607 		-1.888 		0
v -40.385 		-1.95 		0
v 68.561 		24.333 		6.5
v -40.166 		-2.022 		0
v -39.95 		-2.105 		0
v 68.625 		24.288 		6.5
v -39.739 		-2.199 		0
v -54.098 		3.184 		1.657
v -39.533 		-2.303 		0
v 68.686 		24.24 		6.5
v -39.332 		-2.417 		0
v 68.744 		24.19 		6.5
v -39.137 		-2.54 		0
v -38.949 		-2.673 		0
v 68.8 		24.136 		6.5
v 68.854 		24.08 		6.5
v -38.767 		-2.815 		0
v 68.904 		24.022 		6.5
v -38.592 		-2.966 		0
v -55.3 		2.552 		1.717
v -38.425 		-3.125 		0
v 68.952 		23.961 		6.5
v -54.867 		-16.155 		1.752
v -38.266 		-3.292 		0
v -38.115 		-3.467 		0
v 68.997 		23.897 		6.5
v -37.973 		-3.649 		0
v -54.83 		-16.13 		1.734
v -37.84 		-3.837 		0
v 69.038 		23.832 		6.5
v -55.366 		2.552 		1.734
v -37.717 		-4.032 		0
v 69.076 		23.765 		6.5
v -54.212 		3.225 		1.671
v 69.111 		23.695 		6.5
v 69.142 		23.625 		6.5
v -37.048 		31.1 		0
v -55.422 		2.552 		1.752
v 67.454 		24.581 		6.5
v 67.53 		24.591 		6.5
v 67.608 		24.597 		6.5
v -55.469 		2.552 		1.77
v 67.685 		24.599 		6.5
v 67.762 		24.597 		6.5
v 67.84 		24.591 		6.5
v 67.916 		24.581 		6.5
v -45.075 		-9.775 		0
v -55.505 		2.552 		1.789
v -45.234 		-9.608 		0
v -45.385 		-9.433 		0
v 66.217 		25.488 		1.503
v -45.527 		-9.251 		0
v -45.66 		-9.063 		0
v 66.555 		25.654 		1.503
v -45.784 		-8.868 		0
v -45.897 		-8.667 		0
v 66.911 		25.775 		1.503
v -46.001 		-8.461 		0
v -46.095 		-8.25 		0
v 67.28 		25.849 		1.503
v 67.656 		25.873 		1.503
v -27.79 		-22.807 		1.855
v -55.531 		2.552 		1.809
v -43.115 		-10.95 		0
v 68.032 		25.849 		1.503
v -43.334 		-10.878 		0
v -27.922 		-22.836 		1.855
v 68.401 		25.775 		1.503
v -43.55 		-10.795 		0
v -55.547 		2.552 		1.828
v -43.761 		-10.701 		0
v 68.757 		25.654 		1.503
v -28.052 		-22.872 		1.855
v -43.967 		-10.597 		0
v 69.095 		25.488 		1.503
v -44.168 		-10.483 		0
v -55.553 		2.552 		1.848
v -28.18 		-22.915 		1.855
v -44.363 		-10.36 		0
v -44.551 		-10.227 		0
v -44.733 		-10.085 		0
v -54.818 		-16.239 		1.789
v -44.908 		-9.934 		0
v -54.121 		3.24 		1.671
v -54.796 		-16.222 		1.77
v 67.685 		24.599 		1.503
v -55.553 		2.552 		1.855
v -41.06 		-11.102 		0
v 70.148 		24.435 		1.503
v -41.289 		-11.13 		0
v -41.519 		-11.147 		0
v 70.314 		24.097 		1.503
v -55.361 		2.622 		1.734
v -41.75 		-11.153 		0
v 70.435 		23.741 		1.503
v -41.981 		-11.147 		0
v -42.211 		-11.13 		0
v -54.042 		3.303 		1.685
v 70.509 		23.372 		1.503
v -42.44 		-11.102 		0
v -42.667 		-11.062 		0
v 70.534 		22.996 		1.503
v -42.893 		-11.012 		0
v 70.509 		22.62 		1.503
v -54.027 		3.251 		1.671
v -54.897 		-16.176 		1.77
v 70.435 		22.251 		1.503
v -38.949 		-10.227 		0
v 70.314 		21.895 		1.503
v -39.137 		-10.36 		0
v 70.148 		21.557 		1.503
v -39.332 		-10.483 		0
v -39.533 		-10.597 		0
v -55.417 		2.625 		1.752
v -39.739 		-10.701 		0
v 69.408 		25.279 		1.503
v -39.95 		-10.795 		0
v 69.691 		25.031 		1.503
v -40.166 		-10.878 		0
v 69.939 		24.748 		1.503
v -55.017 		-16.14 		1.789
v -40.385 		-10.95 		0
v -40.607 		-11.012 		0
v -40.833 		-11.062 		0
v -54.266 		3.322 		1.701
v -54.24 		3.276 		1.685
v -37.406 		-8.25 		0
v -55.464 		2.627 		1.77
v -37.499 		-8.461 		0
v 69.263 		23.021 		1.503
v -37.603 		-8.667 		0
v -37.717 		-8.868 		0
v -37.84 		-9.063 		0
v -37.973 		-9.251 		0
v -38.115 		-9.433 		0
v -38.266 		-9.608 		0
v -55.5 		2.629 		1.789
v -38.425 		-9.775 		0
v 67.28 		20.143 		1.503
v 67.656 		20.118 		1.503
v -38.592 		-9.934 		0
v 66.911 		20.217 		1.503
v -38.767 		-10.085 		0
v -28.306 		-22.963 		1.855
v 66.555 		20.338 		1.503
v 66.217 		20.504 		1.503
v -28.43 		-23.018 		1.855
v -28.55 		-23.079 		1.855
v 69.408 		20.713 		1.503
v 69.095 		20.504 		1.503
v -28.668 		-23.145 		1.855
v -28.606 		-23.1103 		1.855
v -54.921 		-16.192 		1.789
v 68.757 		20.338 		1.503
v 68.401 		20.217 		1.503
v -28.672 		-23.1475 		1.855
v 68.032 		20.143 		1.503
v 69.939 		21.244 		1.503
v -28.049 		-24.41 		1.098
v 69.691 		20.961 		1.503
v -27.672 		-24.218 		1.098
v -55.323 		2.76 		1.734
v -28.782 		-23.217 		1.855
v -28.782 		-23.217 		4
v 67.685 		21.443 		1.503
v -28.892 		-23.295 		1.855
v -28.892 		-23.295 		4
v 65.904 		20.713 		1.503
v -28.999 		-23.378 		1.855
v -55.402 		2.697 		1.752
v 65.621 		20.961 		1.503
v -28.999 		-23.378 		4
v -29.101 		-23.466 		1.855
v -55.347 		2.692 		1.734
v -62.034 		-44 		0
v 65.621 		25.031 		1.503
v -29.101 		-23.466 		4
v -29.199 		-23.559 		1.855
v 65.904 		25.279 		1.503
v -29.199 		-23.559 		4
v -54.142 		3.292 		1.685
v -29.292 		-23.657 		1.855
v -29.292 		-23.657 		4
v -29.38 		-23.759 		1.855
v -29.38 		-23.759 		4
v 66.108 		23.021 		1.503
v -29.463 		-23.866 		1.855
v -29.463 		-23.866 		4
v -54.833 		-16.252 		1.809
v -29.541 		-23.976 		1.855
v -29.541 		-23.976 		4
v -29.613 		-24.09 		1.855
v -29.613 		-24.09 		4
v -29.679 		-24.208 		1.855
v -54.938 		-16.203 		1.809
v -29.679 		-24.208 		4
v -29.74 		-24.328 		1.855
v -29.74 		-24.328 		4
v -62.034 		26.099 		1.855
v -29.795 		-24.452 		1.855
v -29.795 		-24.452 		4
v -29.8422 		-24.576 		1.855
v -55.449 		2.701 		1.77
v -26.16 		-24.709 		1.098
v -25.968 		-25.086 		1.098
v -25.901 		-25.504 		1.098
v -55.378 		2.768 		1.752
v -25.968 		-25.922 		1.098
v -26.16 		-26.299 		1.098
v -26.459 		-26.598 		1.098
v 70.999 		-32.044 		6.5
v 70.999 		-32.044 		1.855
v -54.161 		3.339 		1.701
v 66.585 		-33.321 		1.503
v -26.16 		-24.709 		4
v 66.941 		-33.2 		1.503
v -25.968 		-25.086 		4
v 67.31 		-33.126 		1.503
v 67.686 		-33.102 		1.503
v -25.901 		-25.504 		4
v -30.004 		13.246 		1.855
v 68.062 		-33.126 		1.503
v -25.968 		-25.922 		4
v 68.431 		-33.2 		1.503
v -26.16 		-26.299 		4
v 68.787 		-33.321 		1.503
v -26.459 		-26.598 		4
v -55.485 		2.704 		1.789
v -30.004 		-25.504 		1.855
v 61.623 		15.053 		1.855
v 63.625 		15.053 		1.855
v 62.696 		15.246 		1.855
v -55.459 		2.779 		1.789
v -55.424 		2.774 		1.77
v 63.625 		15.053 		1.598
v -54.367 		-16.404 		1.855
v 62.856 		-27.914 		1.598
v 61.623 		15.053 		4
v -55.035 		-16.151 		1.809
v -54.194 		3.419 		1.734
v -54.106 		-16.44 		1.855
v -54.179 		3.382 		1.717
v -54.238 		-16.425 		1.855
v -53.837 		-16.453 		1.855
v -53.972 		-16.449 		1.855
v -55.3 		-15.975 		1.855
v -54.846 		-16.261 		1.848
v -55.366 		-15.906 		1.855
v -54.842 		-16.259 		1.828
v 65.446 		17.996 		1.855
v -55.422 		-15.835 		1.855
v -55.469 		-15.761 		1.855
v -55.505 		-15.686 		1.855
v -26.586 		-28.172 		1.855
v -26.624 		-28.1804 		1.855
v -55.526 		2.63 		1.809
v -54.951 		-16.213 		1.848
v -54.948 		-16.211 		1.828
v -26.456 		-28.136 		1.855
v -26.377 		-28.1095 		1.855
v -55.485 		2.783 		1.809
v -54.846 		-16.261 		1.855
v -54.218 		3.477 		1.77
v -54.951 		-16.213 		1.855
v -54.207 		3.451 		1.752
v 64.006 		26.099 		1.855
v -28.049 		-26.598 		1.098
v 61.623 		26.05 		1.855
v 62.696 		20.746 		1.855
v -55.142 		-16.102 		1.855
v -28.348 		-26.299 		1.098
v -55.225 		-16.04 		1.855
v -28.54 		-25.922 		1.098
v 64.006 		26.099 		6.5
v -55.526 		2.708 		1.828
v -55.511 		2.707 		1.809
v 61.623 		26.05 		4
v -55.042 		-16.052 		1.752
v -54.227 		3.498 		1.789
v -55.5 		2.785 		1.828
v -54.616 		-16.343 		1.855
v -54.734 		-16.305 		1.855
v -55.547 		2.631 		1.848
v -55.542 		2.63 		1.828
v -54.494 		-16.376 		1.855
v -55.078 		-16.07 		1.77
v -55.157 		-16.011 		1.77
v -55.547 		2.631 		1.855
v -55.531 		2.709 		1.848
v -55.531 		2.709 		1.855
v -55.505 		2.786 		1.855
v -55.505 		2.786 		1.848
v -55.469 		2.861 		1.855
v -55.422 		2.935 		1.855
v -55.106 		-16.084 		1.789
v -54.066 		3.395 		1.717
v -55.366 		3.006 		1.855
v -54.055 		3.352 		1.701
v 65.373 		21.244 		1.503
v -28.606 		-25.504 		1.098
v -28.54 		-25.086 		1.098
v 65.164 		21.557 		1.503
v -28.348 		-24.709 		1.098
v -55.3 		3.075 		1.855
v 64.998 		21.895 		1.503
v 64.877 		22.251 		1.503
v 64.803 		22.62 		1.503
v -55.225 		3.14 		1.855
v 64.779 		22.996 		1.503
v 64.803 		23.372 		1.503
v -55.142 		3.202 		1.855
v 64.877 		23.741 		1.503
v -55.05 		3.26 		1.855
v 64.998 		24.097 		1.503
v 65.164 		24.435 		1.503
v -54.951 		3.313 		1.855
v -55.187 		-16.024 		1.789
v 65.373 		24.748 		1.503
v -55.389 		2.846 		1.77
v -55.344 		2.838 		1.752
v -54.085 		3.465 		1.752
v -54.077 		3.433 		1.734
v 64.006 		20.5447 		6.5
v -55.301 		2.906 		1.752
v -55.084 		-15.898 		1.717
v 64.141 		20.46 		6.5
v 64.261 		20.375 		6.5
v 64.377 		20.285 		6.5
v 64.489 		20.188 		6.5
v 64.596 		20.087 		6.5
v 64.697 		19.98 		6.5
v -54.846 		3.361 		1.855
v 64.769 		19.896 		6.5
v -54.734 		3.405 		1.855
v -54.616 		3.443 		1.855
v 64.016 		20.539 		6.5
v -54.494 		3.476 		1.855
v -55.14 		-15.918 		1.734
v -54.367 		3.504 		1.855
v -55.424 		2.853 		1.789
v -54.238 		3.525 		1.855
v -54.106 		3.54 		1.855
v -55.344 		2.916 		1.77
v -54.098 		3.513 		1.789
v -54.093 		3.492 		1.77
v -53.972 		3.549 		1.855
v -53.837 		3.552 		1.855
v -55.323 		2.994 		1.789
v -62.034 		19.136 		1.855
v -55.378 		2.924 		1.789
v -55.449 		2.858 		1.809
v -55.402 		2.93 		1.809
v -54.237 		3.522 		1.828
v -55.119 		-15.995 		1.752
v -54.233 		3.513 		1.809
v -55.074 		-15.976 		1.734
v -54.105 		3.537 		1.828
v -55.464 		2.86 		1.828
v -54.102 		3.528 		1.809
v -55.417 		2.934 		1.828
v 61.08 		20.221 		4
v 61.344 		20.3554 		4
v 61.623 		20.4975 		4
v 60.471 		19.612 		4
v 60.106 		18.8951 		4
v -55.469 		2.861 		1.848
v 60.469 		16.384 		4
v 60.106 		17.0969 		4
v -55.422 		2.935 		1.848
v 61.423 		17.54 		4
v -55.249 		-15.872 		1.752
v 61.402 		17.603 		4
v -54.238 		3.525 		1.848
v 61.384 		17.667 		4
v -54.106 		3.54 		1.848
v -51.237 		-7.863 		1.598
v 61.369 		17.732 		4
v 61.358 		17.798 		4
v -51.319 		-7.824 		1.598
v 61.35 		17.863 		4
v -51.399 		-7.782 		1.598
v -55.189 		-15.935 		1.752
v 61.345 		17.93 		4
v -51.477 		-7.737 		1.598
v 61.344 		17.996 		4
v -55.361 		3.005 		1.828
v 61.345 		18.062 		4
v -55.347 		3.001 		1.809
v 61.35 		18.129 		4
v -51.551 		-7.689 		1.598
v 61.358 		18.194 		4
v 61.369 		18.26 		4
v -51.623 		-7.637 		1.598
v -55.291 		-15.884 		1.77
v 61.384 		18.325 		4
v -51.691 		-7.583 		1.598
v 61.402 		18.389 		4
v -53.995 		3.133 		1.645
v 61.945 		16.871 		4
v -55.366 		3.006 		1.848
v -53.917 		3.138 		1.645
v 61.89 		16.91 		4
v 61.838 		16.951 		4
v -55.259 		-15.96 		1.789
v -53.908 		3.073 		1.634
v 61.788 		16.994 		4
v 61.74 		17.04 		4
v -55.228 		-15.949 		1.77
v -51.757 		-7.526 		1.598
v 61.694 		17.088 		4
v 61.651 		17.138 		4
v -55.3 		3.075 		1.848
v -51.818 		-7.467 		1.598
v 61.61 		17.19 		4
v 61.571 		17.245 		4
v -51.877 		-7.405 		1.598
v 61.536 		17.301 		4
v -53.837 		3.075 		1.634
v 61.503 		17.358 		4
v -51.931 		-7.34 		1.598
v -54.846 		2.552 		1.645
v -51.982 		-7.274 		1.598
v 62.432 		16.669 		4
v 62.367 		16.684 		4
v -54.951 		2.552 		1.657
v -52.028 		-7.205 		1.598
v 62.303 		16.702 		4
v 62.24 		16.723 		4
v -54.012 		3.194 		1.657
v 62.178 		16.746 		4
v -55.05 		2.552 		1.671
v 62.118 		16.773 		4
v 62.058 		16.803 		4
v -52.071 		-7.135 		1.598
v 62.001 		16.836 		4
v -52.109 		-7.063 		1.598
v -53.837 		3.14 		1.645
v -55.142 		2.552 		1.685
v -55.126 		-16.094 		1.809
v 61.473 		17.418 		4
v -52.143 		-6.99 		1.598
v 61.446 		17.478 		4
v -52.173 		-6.915 		1.598
v -55.225 		2.552 		1.701
v 62.96 		16.669 		4
v -52.198 		-6.839 		1.598
v 62.894 		16.658 		4
v 62.829 		16.65 		4
v -55.282 		-15.968 		1.809
v -52.219 		-6.763 		1.598
v 62.762 		16.645 		4
v 62.696 		16.643 		4
v -52.235 		-6.685 		1.598
v 62.63 		16.645 		4
v -53.925 		3.2 		1.657
v -52.247 		-6.607 		1.598
v 62.563 		16.65 		4
v 62.498 		16.658 		4
v -52.254 		-6.529 		1.598
v -54.367 		2.552 		1.61
v -52.256 		-6.45 		1.598
v -53.837 		3.202 		1.657
v 63.447 		16.871 		4
v 63.391 		16.836 		4
v -52.254 		-6.371 		1.598
v 63.334 		16.803 		4
v -52.247 		-6.293 		1.598
v -54.494 		2.552 		1.617
v 63.274 		16.773 		4
v -55.221 		-16.038 		1.828
v 63.214 		16.746 		4
v -52.235 		-6.215 		1.598
v -55.208 		-16.033 		1.809
v 63.152 		16.723 		4
v -53.933 		3.257 		1.671
v 63.089 		16.702 		4
v 63.025 		16.684 		4
v -54.616 		2.552 		1.625
v -55.295 		-15.973 		1.828
v 63.889 		17.358 		4
v 63.856 		17.301 		4
v -54.734 		2.552 		1.634
v 63.821 		17.245 		4
v 63.782 		17.19 		4
v -55.142 		-16.102 		1.848
v 63.741 		17.138 		4
v 63.698 		17.088 		4
v -55.138 		-16.1 		1.828
v 63.652 		17.04 		4
v -53.837 		3.26 		1.671
v 63.604 		16.994 		4
v -55.225 		-16.04 		1.848
v -55.046 		2.608 		1.671
v 63.554 		16.951 		4
v -50.254 		-8.0512 		1.598
v 63.502 		16.91 		4
v -50.328 		-8.052 		1.598
v -55.138 		2.612 		1.685
v -53.94 		3.31 		1.685
v -50.423 		-8.051 		1.598
v -50.517 		-8.045 		1.598
v 64.042 		17.863 		4
v 64.034 		17.798 		4
v -27.524 		-28.241 		1.855
v -27.648 		-28.2253 		1.855
v 64.023 		17.732 		4
v 64.008 		17.667 		4
v -53.837 		3.313 		1.685
v -54.949 		-16.006 		1.717
v 63.99 		17.603 		4
v -50.611 		-8.035 		1.598
v 63.969 		17.54 		4
v -50.704 		-8.022 		1.598
v 63.946 		17.478 		4
v -54.918 		-16.082 		1.734
v -50.796 		-8.004 		1.598
v 63.919 		17.418 		4
v -55.208 		2.679 		1.701
v -50.888 		-7.983 		1.598
v -55.126 		2.671 		1.685
v -50.978 		-7.959 		1.598
v -51.066 		-7.93 		1.598
v 63.99 		18.389 		4
v -27.389 		-28.251 		1.855
v -66.583 		21.564 		6.5
v -51.152 		-7.899 		1.598
v -66.653 		21.595 		6.5
v -27.254 		-28.254 		1.855
v 64.008 		18.325 		4
v -66.723 		21.63 		6.5
v -27.119 		-28.251 		1.855
v -66.79 		21.668 		6.5
v 64.023 		18.26 		4
v -66.855 		21.709 		6.5
v -26.984 		-28.241 		1.855
v -66.919 		21.754 		6.5
v -26.85 		-28.224 		1.855
v -55.295 		2.619 		1.717
v 64.034 		18.194 		4
v -66.98 		21.802 		6.5
v -26.717 		-28.201 		1.855
v -55.221 		2.616 		1.701
v -67.038 		21.852 		6.5
v -54.999 		-16.031 		1.734
v -67.094 		21.906 		6.5
v 64.042 		18.129 		4
v 64.047 		18.062 		4
v -67.148 		21.962 		6.5
v -26.836 		-26.79 		1.098
v 64.049 		17.996 		4
v -27.254 		-26.857 		1.098
v 64.047 		17.93 		4
v -67.198 		22.02 		6.5
v -67.246 		22.081 		6.5
v 61.423 		18.452 		4
v -67.291 		22.145 		6.5
v -28.668 		-27.863 		1.855
v -28.672 		-27.8605 		1.855
v -67.332 		22.21 		6.5
v -67.37 		22.277 		6.5
v -67.405 		22.347 		6.5
v -28.55 		-27.929 		1.855
v -28.606 		-27.8977 		1.855
v -54.991 		-16.125 		1.77
v -67.436 		22.417 		6.5
v 61.446 		18.514 		4
v -54.958 		-16.106 		1.752
v -67.464 		22.49 		6.5
v 61.473 		18.574 		4
v -28.43 		-27.99 		1.855
v 61.503 		18.634 		4
v -28.306 		-28.045 		1.855
v 61.536 		18.691 		4
v -55.282 		2.686 		1.717
v -66.056 		21.445 		6.5
v -65.979 		21.443 		6.5
v -28.18 		-28.093 		1.855
v 61.571 		18.747 		4
v -66.134 		21.451 		6.5
v 61.61 		18.802 		4
v -28.052 		-28.136 		1.855
v -66.21 		21.461 		6.5
v 61.651 		18.854 		4
v -66.287 		21.474 		6.5
v 61.694 		18.904 		4
v -27.922 		-28.172 		1.855
v -66.362 		21.491 		6.5
v 61.74 		18.952 		4
v -66.437 		21.511 		6.5
v -27.79 		-28.201 		1.855
v 61.788 		18.998 		4
v -66.51 		21.536 		6.5
v 61.838 		19.041 		4
v -27.658 		-28.224 		1.855
v -55.106 		2.73 		1.685
v 61.89 		19.082 		4
v 61.945 		19.121 		4
v -65.596 		21.491 		6.5
v -65.671 		21.474 		6.5
v -65.748 		21.461 		6.5
v 62.001 		19.156 		4
v -54.819 		-16.024 		1.701
v -65.824 		21.451 		6.5
v 62.058 		19.189 		4
v 62.118 		19.219 		4
v -65.902 		21.445 		6.5
v 62.178 		19.246 		4
v -53.952 		3.402 		1.717
v 62.24 		19.269 		4
v -67.489 		22.563 		6.5
v 62.303 		19.29 		4
v -53.946 		3.359 		1.701
v -54.787 		-16.101 		1.717
v -67.509 		22.638 		6.5
v 62.367 		19.308 		4
v -67.526 		22.713 		6.5
v 62.432 		19.323 		4
v -67.539 		22.79 		6.5
v -67.549 		22.866 		6.5
v -55.157 		2.802 		1.701
v 62.696 		19.349 		4
v 62.762 		19.347 		4
v -67.555 		22.944 		6.5
v -55.078 		2.787 		1.685
v 62.829 		19.342 		4
v -67.556 		23.021 		6.5
v 62.894 		19.334 		4
v -67.555 		23.098 		6.5
v 62.96 		19.323 		4
v -67.549 		23.176 		6.5
v -27.672 		-26.79 		1.098
v 62.498 		19.334 		4
v -67.539 		23.252 		6.5
v 62.563 		19.342 		4
v -53.957 		3.441 		1.734
v -67.526 		23.329 		6.5
v 62.63 		19.347 		4
v -67.509 		23.404 		6.5
v 63.025 		19.308 		4
v 63.089 		19.29 		4
v -55.259 		2.751 		1.717
v 63.152 		19.269 		4
v -55.187 		2.741 		1.701
v 63.214 		19.246 		4
v 63.274 		19.219 		4
v -54.872 		-16.055 		1.717
v 63.334 		19.189 		4
v 63.391 		19.156 		4
v -55.228 		2.816 		1.717
v 63.447 		19.121 		4
v -53.962 		3.474 		1.752
v 63.502 		19.082 		4
v 63.554 		19.041 		4
v 63.604 		18.998 		4
v 63.652 		18.952 		4
v 63.698 		18.904 		4
v -29.843 		-24.578 		1.855
v 63.741 		18.854 		4
v 63.782 		18.802 		4
v -29.886 		-24.706 		1.855
v 63.821 		18.747 		4
v -54.829 		-15.946 		1.685
v 63.856 		18.691 		4
v -29.922 		-24.836 		1.855
v -54.842 		2.598 		1.645
v 63.889 		18.634 		4
v -29.951 		-24.968 		1.855
v -53.968 		3.522 		1.789
v 63.919 		18.574 		4
v 63.946 		18.514 		4
v -29.974 		-25.1 		1.855
v -53.965 		3.501 		1.77
v -29.991 		-25.234 		1.855
v 63.969 		18.452 		4
v -30.001 		-25.369 		1.855
v -30.0019 		-25.6 		1.855
v 63.546 		20.611 		4
v 62.696 		20.746 		4
v 61.846 		20.611 		4
v -54.893 		-15.978 		1.701
v -30.001 		-25.639 		1.855
v -54.96 		-15.928 		1.701
v -29.991 		-25.774 		1.855
v -54.893 		-15.899 		1.685
v -29.974 		-25.908 		1.855
v 65.446 		17.996 		4
v 65.311 		18.846 		4
v -29.951 		-26.041 		1.855
v 64.921 		19.612 		4
v -29.922 		-26.172 		1.855
v -54.833 		2.644 		1.645
v -53.837 		3.361 		1.701
v 65.311 		17.146 		4
v -29.886 		-26.302 		1.855
v 64.312 		20.221 		4
v -29.843 		-26.43 		1.855
v -29.795 		-26.556 		1.855
v -29.7648 		-26.624 		1.855
v -29.74 		-26.68 		1.855
v 60.471 		16.38 		4
v -67.489 		23.479 		6.5
v -29.679 		-26.8 		1.855
v 61.08 		15.771 		4
v -53.837 		3.405 		1.717
v 61.623 		15.4945 		4
v -29.613 		-26.918 		1.855
v -67.464 		23.552 		6.5
v -29.541 		-27.032 		1.855
v -67.436 		23.625 		6.5
v 61.846 		15.381 		4
v 62.696 		15.246 		4
v 63.546 		15.381 		4
v -54.948 		2.603 		1.657
v -29.463 		-27.142 		1.855
v 64.312 		15.771 		4
v 64.921 		16.38 		4
v -67.405 		23.695 		6.5
v 61.846 		20.611 		1.855
v -67.37 		23.765 		6.5
v -67.332 		23.832 		6.5
v -55.021 		-15.875 		1.701
v -67.291 		23.897 		6.5
v 61.623 		20.4975 		1.855
v -67.246 		23.961 		6.5
v -55.035 		2.663 		1.671
v -53.837 		3.476 		1.752
v -29.38 		-27.249 		1.855
v 65.311 		17.146 		1.855
v 65.0549 		16.643 		1.855
v -67.198 		24.022 		6.5
v 64.923 		16.384 		1.855
v -53.837 		3.443 		1.734
v -29.292 		-27.351 		1.855
v -54.938 		2.654 		1.657
v -67.148 		24.08 		6.5
v 65.311 		18.846 		1.855
v -67.094 		24.136 		6.5
v -67.038 		24.19 		6.5
v 64.921 		19.612 		1.855
v -66.98 		24.24 		6.5
v -66.919 		24.288 		6.5
v -55.021 		-15.954 		1.717
v -66.855 		24.333 		6.5
v 64.006 		20.5447 		2.598
v -66.79 		24.374 		6.5
v -53.837 		3.525 		1.789
v -66.723 		24.412 		6.5
v -53.837 		3.504 		1.77
v 64.637 		19.896 		1.855
v -66.653 		24.447 		6.5
v 64.769 		19.896 		2.598
v -66.583 		24.478 		6.5
v 64.637 		19.896 		2.598
v -66.51 		24.506 		6.5
v 64.141 		20.46 		2.598
v -66.437 		24.531 		6.5
v 64.261 		20.375 		2.598
v -66.362 		24.551 		6.5
v 64.377 		20.285 		2.598
v -66.287 		24.568 		6.5
v 64.489 		20.188 		2.598
v 64.596 		20.087 		2.598
v -65.671 		24.568 		6.5
v 64.697 		19.98 		2.598
v -54.921 		2.704 		1.657
v -65.596 		24.551 		6.5
v -54.818 		2.689 		1.645
v 64.016 		20.539 		2.598
v -54.557 		-16.276 		1.752
v -64.81 		21.962 		6.5
v -64.864 		21.906 		6.5
v 64.312 		20.221 		2.598
v -29.199 		-27.449 		1.855
v -64.92 		21.852 		6.5
v -54.897 		2.753 		1.657
v -29.101 		-27.542 		1.855
v -64.978 		21.802 		6.5
v -54.796 		2.734 		1.645
v -28.999 		-27.63 		1.855
v -65.039 		21.754 		6.5
v -28.892 		-27.713 		1.855
v -54.69 		-16.263 		1.77
v 63.546 		20.611 		1.855
v 64.006 		20.3768 		1.855
v -65.103 		21.709 		6.5
v -53.97 		3.537 		1.809
v 64.006 		20.3768 		2.598
v -65.168 		21.668 		6.5
v 64.049 		20.3549 		2.598
v -65.235 		21.63 		6.5
v -65.305 		21.595 		6.5
v -65.375 		21.564 		6.5
v -54.595 		-16.319 		1.789
v -53.837 		3.549 		1.828
v -65.448 		21.536 		6.5
v -54.578 		-16.3 		1.77
v -65.521 		21.511 		6.5
v 61.423 		17.54 		1.098
v -53.837 		3.54 		1.809
v 61.402 		17.603 		1.098
v -64.522 		22.417 		6.5
v 61.384 		17.667 		1.098
v -64.553 		22.347 		6.5
v -52.219 		-6.137 		1.598
v -64.588 		22.277 		6.5
v 61.369 		17.732 		1.098
v -55.017 		2.717 		1.671
v -64.626 		22.21 		6.5
v -52.198 		-6.061 		1.598
v 61.358 		17.798 		1.098
v -53.972 		3.549 		1.848
v -64.667 		22.145 		6.5
v 61.35 		17.863 		1.098
v -64.712 		22.081 		6.5
v -52.173 		-5.985 		1.598
v -53.972 		3.546 		1.828
v 61.345 		17.93 		1.098
v -64.76 		22.02 		6.5
v -52.143 		-5.91 		1.598
v 61.344 		17.996 		1.098
v -52.109 		-5.837 		1.598
v -64.494 		22.49 		6.5
v 61.345 		18.062 		1.098
v -54.867 		2.801 		1.657
v -53.837 		3.552 		1.848
v 61.35 		18.129 		1.098
v -52.071 		-5.765 		1.598
v -64.494 		23.552 		6.5
v -64.469 		23.479 		6.5
v 61.358 		18.194 		1.098
v -52.028 		-5.695 		1.598
v -64.449 		23.404 		6.5
v 61.369 		18.26 		1.098
v -54.709 		-16.282 		1.789
v -64.432 		23.329 		6.5
v 61.384 		18.325 		1.098
v -64.419 		23.252 		6.5
v 61.402 		18.389 		1.098
v -64.409 		23.176 		6.5
v -51.982 		-5.626 		1.598
v -64.403 		23.098 		6.5
v -64.401 		23.021 		6.5
v -51.931 		-5.56 		1.598
v -64.403 		22.944 		6.5
v 61.945 		16.871 		1.098
v -51.877 		-5.495 		1.598
v -64.409 		22.866 		6.5
v -54.991 		2.771 		1.671
v 61.89 		16.91 		1.098
v -64.419 		22.79 		6.5
v -28.782 		-27.791 		1.855
v 61.838 		16.951 		1.098
v -64.432 		22.713 		6.5
v -64.449 		22.638 		6.5
v 61.788 		16.994 		1.098
v -64.469 		22.563 		6.5
v 61.74 		17.04 		1.098
v 61.694 		17.088 		1.098
v -64.76 		24.022 		6.5
v -64.712 		23.961 		6.5
v 61.651 		17.138 		1.098
v -64.667 		23.897 		6.5
v -55.042 		2.843 		1.685
v 61.61 		17.19 		1.098
v -64.626 		23.832 		6.5
v -64.588 		23.765 		6.5
v 61.571 		17.245 		1.098
v -54.736 		-16.173 		1.734
v -64.553 		23.695 		6.5
v -54.697 		-16.142 		1.717
v 61.536 		17.301 		1.098
v -64.522 		23.625 		6.5
v 61.503 		17.358 		1.098
v -55.119 		2.862 		1.701
v -65.521 		24.531 		6.5
v -65.448 		24.506 		6.5
v 62.432 		16.669 		1.098
v -65.375 		24.478 		6.5
v 62.367 		16.684 		1.098
v 52.011 		18.533 		0
v -22.434 		18.533 		0
v -65.305 		24.447 		6.5
v 62.303 		16.702 		1.098
v -65.235 		24.412 		6.5
v 62.24 		16.723 		1.098
v -65.168 		24.374 		6.5
v 62.178 		16.746 		1.098
v -65.103 		24.333 		6.5
v 62.118 		16.773 		1.098
v -65.039 		24.288 		6.5
v -54.665 		-16.24 		1.752
v -55.14 		2.939 		1.717
v -64.978 		24.24 		6.5
v 62.058 		16.803 		1.098
v -55.074 		2.92 		1.701
v -64.92 		24.19 		6.5
v 62.001 		16.836 		1.098
v -64.864 		24.136 		6.5
v -64.81 		24.08 		6.5
v 61.473 		17.418 		1.098
v 61.446 		17.478 		1.098
v -66.21 		24.581 		6.5
v -66.134 		24.591 		6.5
v 62.96 		16.669 		1.098
v -66.056 		24.597 		6.5
v -65.979 		24.599 		6.5
v 62.894 		16.658 		1.098
v -55.291 		2.828 		1.734
v -65.902 		24.597 		6.5
v -65.824 		24.591 		6.5
v 62.829 		16.65 		1.098
v -65.748 		24.581 		6.5
v 62.762 		16.645 		1.098
v -55.249 		2.893 		1.734
v 62.696 		16.643 		1.098
v -67.418 		25.513 		0
v -67.418 		25.513 		1.503
v -54.769 		-16.2 		1.752
v -55.189 		2.879 		1.717
v -67.08 		25.679 		0
v -67.08 		25.679 		1.503
v -66.724 		25.8 		0
v -66.724 		25.8 		1.503
v 62.63 		16.645 		1.098
v -66.355 		25.874 		0
v -66.355 		25.874 		1.503
v -65.979 		25.898 		0
v -65.979 		25.898 		1.503
v 62.563 		16.65 		1.098
v -65.603 		25.874 		0
v -65.603 		25.874 		1.503
v 62.498 		16.658 		1.098
v -65.234 		25.8 		0
v -65.234 		25.8 		1.503
v -53.957 		-15.488 		1.598
v -53.946 		-15.498 		1.598
v -64.878 		25.679 		0
v -53.94 		-15.503 		1.598
v -64.878 		25.679 		1.503
v -53.925 		-15.512 		1.598
v -53.908 		-15.519 		1.598
v -53.899 		-15.522 		1.598
v -53.889 		-15.525 		1.598
v -64.54 		25.513 		0
v -64.54 		25.513 		1.503
v 63.447 		16.871 		1.098
v -53.917 		-15.516 		1.598
v 63.391 		16.836 		1.098
v -53.933 		-15.508 		1.598
v 63.334 		16.803 		1.098
v -53.952 		-15.493 		1.598
v -65.979 		24.599 		1.503
v 63.274 		16.773 		1.098
v 63.214 		16.746 		1.098
v -53.848 		-15.53 		1.598
v -53.859 		-15.53 		1.598
v 63.152 		16.723 		1.098
v -63.487 		24.46 		0
v -63.487 		24.46 		1.503
v -53.837 		-15.531 		1.598
v -63.321 		24.122 		0
v -63.321 		24.122 		1.503
v 63.089 		16.702 		1.098
v -63.2 		23.766 		0
v -53.869 		-15.529 		1.598
v -63.2 		23.766 		1.503
v 63.025 		16.684 		1.098
v -63.126 		23.397 		0
v -63.126 		23.397 		1.503
v -63.101 		23.021 		0
v -63.101 		23.021 		1.503
v -63.126 		22.645 		0
v -63.126 		22.645 		1.503
v -53.97 		-15.465 		1.598
v -53.965 		-15.477 		1.598
v -53.962 		-15.482 		1.598
v 63.889 		17.358 		1.098
v -63.2 		22.276 		0
v -63.2 		22.276 		1.503
v -53.968 		-15.471 		1.598
v -63.321 		21.92 		0
v 63.856 		17.301 		1.098
v -63.321 		21.92 		1.503
v -53.972 		-15.458 		1.598
v -63.487 		21.582 		0
v -63.487 		21.582 		1.503
v 63.821 		17.245 		1.098
v -64.227 		25.304 		0
v -64.227 		25.304 		1.503
v 63.782 		17.19 		1.098
v -63.944 		25.056 		0
v -63.944 		25.056 		1.503
v -54.602 		-16.179 		1.717
v -63.696 		24.773 		0
v -63.696 		24.773 		1.503
v 63.741 		17.138 		1.098
v -54.562 		-16.142 		1.701
v 63.698 		17.088 		1.098
v 63.652 		17.04 		1.098
v -55.249 		2.972 		1.752
v 63.604 		16.994 		1.098
v -55.199 		2.957 		1.734
v 63.554 		16.951 		1.098
v -64.401 		23.021 		1.503
v 63.502 		16.91 		1.098
v -66.355 		20.168 		0
v -66.355 		20.168 		1.503
v -65.979 		20.143 		1.503
v -65.979 		20.143 		0
v -66.724 		20.242 		0
v -66.724 		20.242 		1.503
v -67.08 		20.363 		0
v -67.08 		20.363 		1.503
v 64.042 		17.863 		1.098
v 64.034 		17.798 		1.098
v -65.603 		20.168 		0
v -65.603 		20.168 		1.503
v 64.023 		17.732 		1.098
v -67.418 		20.529 		0
v -67.418 		20.529 		1.503
v 64.008 		17.667 		1.098
v -63.696 		21.269 		0
v -54.531 		-16.246 		1.734
v -63.696 		21.269 		1.503
v 63.99 		17.603 		1.098
v -63.944 		20.986 		0
v -63.944 		20.986 		1.503
v 63.969 		17.54 		1.098
v -64.227 		20.738 		0
v -64.227 		20.738 		1.503
v -64.54 		20.529 		0
v -64.54 		20.529 		1.503
v 63.946 		17.478 		1.098
v -64.878 		20.363 		0
v -64.878 		20.363 		1.503
v -65.234 		20.242 		0
v -65.234 		20.242 		1.503
v -55.291 		2.984 		1.77
v 63.919 		17.418 		1.098
v -55.189 		3.035 		1.752
v 63.99 		18.389 		1.098
v -53.972 		2.552 		1.598
v 64.008 		18.325 		1.098
v -65.979 		21.443 		1.503
v -53.972 		2.558 		1.598
v -51.818 		-5.433 		1.598
v -67.731 		20.738 		0
v -67.731 		20.738 		1.503
v -68.014 		20.986 		0
v -68.014 		20.986 		1.503
v -54.636 		-16.212 		1.734
v -51.757 		-5.374 		1.598
v -68.262 		21.269 		0
v -68.262 		21.269 		1.503
v -23.903 		21.428 		4
v -53.908 		2.619 		1.598
v -68.471 		21.582 		0
v -68.471 		21.582 		1.503
v -53.925 		2.612 		1.598
v -53.946 		2.598 		1.598
v -53.952 		2.593 		1.598
v -51.691 		-5.317 		1.598
v -24.504 		13.246 		4
v -53.965 		2.576 		1.598
v -53.968 		2.571 		1.598
v -68.637 		21.92 		0
v -68.637 		21.92 		1.503
v -53.97 		2.565 		1.598
v 64.023 		18.26 		1.098
v 59.603 		21.428 		4
v -68.758 		22.276 		0
v -68.758 		22.276 		1.503
v -53.962 		2.582 		1.598
v -68.832 		22.645 		0
v 59.603 		15.053 		4
v -68.832 		22.645 		1.503
v -53.957 		2.588 		1.598
v 64.034 		18.194 		1.098
v 59.946 		17.996 		4
v -55.259 		3.06 		1.789
v 64.042 		18.129 		1.098
v -51.623 		-5.263 		1.598
v -55.228 		3.049 		1.77
v 64.047 		18.062 		1.098
v -51.551 		-5.211 		1.598
v 64.049 		17.996 		1.098
v 64.047 		17.93 		1.098
v -53.94 		2.603 		1.598
v -53.933 		2.608 		1.598
v 52.011 		18.533 		1.598
v -22.434 		18.533 		1.598
v -53.917 		2.616 		1.598
v 61.423 		18.452 		1.098
v -53.899 		2.622 		1.598
v -23.903 		21.428 		1.598
v 61.446 		18.514 		1.098
v -53.889 		2.625 		1.598
v 59.603 		21.428 		1.598
v 59.603 		15.053 		1.598
v 61.473 		18.574 		1.098
v 61.503 		18.634 		1.098
v -53.848 		2.63 		1.598
v -53.879 		2.627 		1.598
v 61.536 		18.691 		1.098
v -53.869 		2.629 		1.598
v -54.614 		-16.341 		1.828
v -53.837 		2.631 		1.598
v -54.607 		-16.333 		1.809
v -53.859 		2.63 		1.598
v 61.571 		18.747 		1.098
v 61.61 		18.802 		1.098
v -27.254 		15.996 		1.855
v -26.377 		26.05 		1.855
v 61.651 		18.854 		1.098
v -54.731 		-16.302 		1.828
v -53.837 		-16.453 		1.848
v 61.694 		18.904 		1.098
v -54.723 		-16.295 		1.809
v -26.377 		26.05 		4
v 61.74 		18.952 		1.098
v -55.14 		3.018 		1.734
v 61.788 		18.998 		1.098
v -55.084 		2.998 		1.717
v 61.838 		19.041 		1.098
v 61.89 		19.082 		1.098
v 61.945 		19.121 		1.098
v -51.477 		-5.163 		1.598
v 62.001 		19.156 		1.098
v 62.058 		19.189 		1.098
v -54.616 		-16.343 		1.848
v -24.639 		12.396 		4
v 62.118 		19.219 		1.098
v -24.694 		12.288 		4
v -54.734 		-16.305 		1.848
v -51.399 		-5.118 		1.598
v -24.639 		14.096 		4
v 62.178 		19.246 		1.098
v -25.029 		14.862 		4
v -51.319 		-5.076 		1.598
v -25.638 		15.471 		4
v 62.24 		19.269 		1.098
v -26.377 		15.8473 		4
v -25.901 		15.6049 		4
v -51.237 		-5.037 		1.598
v 62.303 		19.29 		1.098
v -28.21 		12.29 		4
v 62.367 		19.308 		1.098
v -28.256 		12.338 		4
v 62.432 		19.323 		1.098
v -28.299 		12.388 		4
v -28.34 		12.44 		4
v 62.762 		19.347 		1.098
v -28.379 		12.495 		4
v 62.696 		19.349 		1.098
v -54.422 		-16.276 		1.734
v -28.414 		12.551 		4
v 62.829 		19.342 		1.098
v -28.447 		12.608 		4
v 62.894 		19.334 		1.098
v -28.477 		12.668 		4
v 62.96 		19.323 		1.098
v -28.504 		12.728 		4
v -28.527 		12.79 		4
v 62.498 		19.334 		1.098
v -68.857 		23.021 		1.503
v -68.857 		23.021 		0
v 62.563 		19.342 		1.098
v -28.548 		12.853 		4
v -68.832 		23.397 		0
v -68.832 		23.397 		1.503
v -55.282 		3.068 		1.809
v 62.63 		19.347 		1.098
v -28.566 		12.917 		4
v -68.758 		23.766 		0
v -68.758 		23.766 		1.503
v -28.581 		12.982 		4
v -68.637 		24.122 		0
v -68.637 		24.122 		1.503
v -28.592 		13.048 		4
v -54.462 		-16.331 		1.77
v -68.471 		24.46 		0
v 63.025 		19.308 		1.098
v -68.471 		24.46 		1.503
v -28.6 		13.113 		4
v -50.254 		-4.8488 		1.598
v -28.605 		13.18 		4
v -54.444 		-16.306 		1.752
v 63.089 		19.29 		1.098
v -68.262 		24.773 		0
v -68.262 		24.773 		1.503
v -28.606 		13.246 		4
v 63.152 		19.269 		1.098
v -68.014 		25.056 		0
v -68.014 		25.056 		1.503
v -28.605 		13.312 		4
v -67.731 		25.304 		0
v -67.731 		25.304 		1.503
v 63.214 		19.246 		1.098
v -50.328 		-4.848 		1.598
v -28.6 		13.379 		4
v -54.83 		2.847 		1.657
v 63.274 		19.219 		1.098
v -28.592 		13.444 		4
v -28.581 		13.51 		4
v 63.334 		19.189 		1.098
v -51.152 		-5.001 		1.598
v -28.566 		13.575 		4
v -54.787 		2.892 		1.657
v -28.548 		13.639 		4
v 63.391 		19.156 		1.098
v -28.527 		13.702 		4
v 63.447 		19.121 		1.098
v -28.504 		13.764 		4
v -28.477 		13.824 		4
v -54.476 		-16.351 		1.789
v -67.556 		23.021 		1.503
v -28.447 		13.884 		4
v 63.502 		19.082 		1.098
v -28.414 		13.941 		4
v 63.554 		19.041 		1.098
v -28.379 		13.997 		4
v 63.604 		18.998 		1.098
v -28.34 		14.052 		4
v -54.918 		2.873 		1.671
v -28.299 		14.104 		4
v 63.652 		18.952 		1.098
v -62.044 		-32.034 		6.5
v -62.044 		-32.034 		1.855
v -28.256 		14.154 		4
v -28.21 		14.202 		4
v -69.007 		-32.034 		1.855
v -69.007 		-32.034 		6.5
v 63.698 		18.904 		1.098
v -62.034 		26.099 		6.5
v -28.162 		14.248 		4
v 63.741 		18.854 		1.098
v -66.583 		-37.436 		1.503
v -28.112 		14.291 		4
v -28.06 		14.332 		4
v 63.782 		18.802 		1.098
v -66.653 		-37.405 		1.503
v 63.821 		18.747 		1.098
v -54.289 		-16.263 		1.717
v -62.034 		19.136 		6.5
v -28.005 		14.371 		4
v 63.856 		18.691 		1.098
v -27.949 		14.406 		4
v -27.892 		14.439 		4
v 63.889 		18.634 		1.098
v -27.832 		14.469 		4
v 63.919 		18.574 		1.098
v -27.772 		14.496 		4
v 63.946 		18.514 		1.098
v -62.044 		-39.007 		6.5
v -27.71 		14.519 		4
v -54.958 		2.823 		1.671
v 63.969 		18.452 		1.098
v -27.254 		14.598 		4
v -27.188 		14.597 		4
v -27.647 		14.54 		4
v -27.583 		14.558 		4
v -54.999 		2.898 		1.685
v -54.327 		-16.331 		1.752
v -27.518 		14.573 		4
v -54.31 		-16.3 		1.734
v -27.452 		14.584 		4
v -51.066 		-4.97 		1.598
v -27.387 		14.592 		4
v -66.723 		-37.37 		1.503
v -27.32 		14.597 		4
v -50.978 		-4.941 		1.598
v -27.121 		14.592 		4
v -66.79 		-37.332 		1.503
v -50.888 		-4.917 		1.598
v -54.872 		2.922 		1.671
v -27.056 		14.584 		4
v -66.855 		-37.291 		1.503
v -26.99 		14.573 		4
v -50.796 		-4.896 		1.598
v -26.925 		14.558 		4
v -66.919 		-37.246 		1.503
v -50.704 		-4.878 		1.598
v -26.861 		14.54 		4
v -26.798 		14.519 		4
v -66.98 		-37.198 		1.503
v -50.611 		-4.865 		1.598
v -26.736 		14.496 		4
v -26.676 		14.469 		4
v -67.038 		-37.148 		1.503
v -62.044 		-39.007 		1.855
v -25.981 		12.79 		4
v -67.094 		-37.094 		1.503
v -26.004 		12.728 		4
v -26.031 		12.668 		4
v -26.061 		12.608 		4
v -26.094 		12.551 		4
v -54.819 		2.968 		1.671
v -26.129 		12.495 		4
v -54.353 		-16.377 		1.789
v -67.148 		-37.038 		1.503
v -26.168 		12.44 		4
v -26.209 		12.388 		4
v -54.342 		-16.357 		1.77
v -74 		31.1 		6.5
v -26.252 		12.338 		4
v -50.517 		-4.855 		1.598
v -26.298 		12.29 		4
v -50.423 		-4.849 		1.598
v -25.903 		13.312 		4
v -25.901 		13.246 		4
v -25.903 		13.18 		4
v -25.908 		13.113 		4
v -25.916 		13.048 		4
v -25.927 		12.982 		4
v -25.942 		12.917 		4
v -25.96 		12.853 		4
v -54.829 		3.046 		1.685
v -26.031 		13.824 		4
v -26.004 		13.764 		4
v -25.981 		13.702 		4
v -25.96 		13.639 		4
v -25.942 		13.575 		4
v -54.337 		-16.155 		1.685
v -25.927 		13.51 		4
v -25.916 		13.444 		4
v -55.021 		2.975 		1.701
v -25.908 		13.379 		4
v -54.949 		2.95 		1.685
v -26.448 		14.332 		4
v -26.396 		14.291 		4
v -26.346 		14.248 		4
v -26.298 		14.202 		4
v -26.252 		14.154 		4
v -54.96 		3.028 		1.701
v -26.209 		14.104 		4
v -54.368 		-16.2 		1.701
v -26.168 		14.052 		4
v -54.893 		2.999 		1.685
v -26.129 		13.997 		4
v -74 		31.1 		0
v -74 		-44 		0
v -74 		-44 		6.5
v -54.467 		-16.173 		1.701
v -26.094 		13.941 		4
v -72.25 		-42.25 		6.5
v -72.25 		29.35 		6.5
v -26.061 		13.884 		4
v -54.43 		-16.13 		1.685
v -72.25 		29.35 		8.5
v -72.25 		-42.25 		8.5
v -70.753 		27.852 		8.5
v -70.753 		-40.753 		8.5
v -26.616 		14.439 		4
v -26.559 		14.406 		4
v -67.198 		-36.98 		1.503
v -26.503 		14.371 		4
v -67.246 		-36.919 		1.503
v -26.404 		15.861 		4
v -27.254 		15.996 		4
v -28.104 		15.861 		4
v -70.753 		27.852 		6.5
v -70.753 		-40.753 		6.5
v -54.397 		-16.24 		1.717
v -65.979 		-37.557 		1.503
v -66.056 		-37.555 		1.503
v -55.021 		3.054 		1.717
v -66.134 		-37.549 		1.503
v -66.21 		-37.539 		1.503
v -28.87 		15.471 		4
v -29.479 		14.862 		4
v -29.869 		14.096 		4
v -30.004 		13.246 		4
v -29.869 		12.396 		4
v -66.287 		-37.526 		1.503
v -25.638 		11.021 		4
v -26.377 		10.6448 		4
v -25.029 		11.63 		4
v -66.362 		-37.509 		1.503
v -24.8951 		11.893 		4
v -27.71 		11.973 		4
v -66.437 		-37.489 		1.503
v -27.772 		11.996 		4
v -27.832 		12.023 		4
v -66.51 		-37.464 		1.503
v -27.892 		12.053 		4
v -27.949 		12.086 		4
v -54.501 		-16.212 		1.717
v -28.005 		12.121 		4
v -28.06 		12.16 		4
v -28.112 		12.201 		4
v -28.162 		12.244 		4
v -65.596 		-37.509 		1.503
v -54.607 		2.623 		1.625
v -27.188 		11.895 		4
v -27.254 		11.893 		4
v -27.32 		11.895 		4
v -27.387 		11.9 		4
v -27.452 		11.908 		4
v -27.518 		11.919 		4
v -54.486 		-16.365 		1.809
v -27.583 		11.934 		4
v -27.647 		11.952 		4
v -26.676 		12.023 		4
v -26.736 		11.996 		4
v -26.798 		11.973 		4
v -54.614 		2.588 		1.625
v -26.861 		11.952 		4
v -26.925 		11.934 		4
v -26.99 		11.919 		4
v -27.056 		11.908 		4
v -27.121 		11.9 		4
v -26.346 		12.244 		4
v -26.396 		12.201 		4
v -26.448 		12.16 		4
v -26.503 		12.121 		4
v -69.007 		19.136 		6.5
v -54.494 		-16.376 		1.848
v -26.559 		12.086 		4
v -54.492 		-16.374 		1.828
v -26.616 		12.053 		4
v -54.709 		2.674 		1.634
v -54.595 		2.658 		1.625
v -28.104 		10.631 		4
v -27.254 		10.496 		4
v -26.404 		10.631 		4
v -29.479 		11.63 		4
v -28.87 		11.021 		4
v -28.104 		15.861 		1.855
v -28.87 		15.471 		1.855
v -28.606 		15.6054 		1.855
v -54.55 		-16.024 		1.671
v -29.479 		14.862 		1.855
v -29.869 		14.096 		1.855
v -54.731 		2.593 		1.634
v -29.869 		12.396 		1.855
v -54.604 		-16.068 		1.685
v -29.814 		12.288 		1.855
v -54.684 		-16.031 		1.685
v -26.404 		15.861 		1.855
v -26.377 		15.8473 		1.855
v -54.723 		2.634 		1.634
v -28.21 		12.29 		1.098
v -28.256 		12.338 		1.098
v -54.653 		-16.107 		1.701
v -28.299 		12.388 		1.098
v -28.34 		12.44 		1.098
v -28.379 		12.495 		1.098
v -28.414 		12.551 		1.098
v -28.447 		12.608 		1.098
v -28.477 		12.668 		1.098
v -54.578 		2.693 		1.625
v -28.504 		12.728 		1.098
v -28.527 		12.79 		1.098
v -28.548 		12.853 		1.098
v -28.566 		12.917 		1.098
v -28.581 		12.982 		1.098
v -54.739 		-16.068 		1.701
v -54.531 		2.758 		1.625
v -28.592 		13.048 		1.098
v -28.6 		13.113 		1.098
v -28.605 		13.18 		1.098
v -28.606 		13.246 		1.098
v -28.605 		13.312 		1.098
v -28.6 		13.379 		1.098
v -54.665 		2.752 		1.634
v -28.592 		13.444 		1.098
v -54.557 		2.726 		1.625
v -28.581 		13.51 		1.098
v -28.566 		13.575 		1.098
v -54.561 		-15.946 		1.657
v -28.548 		13.639 		1.098
v -28.527 		13.702 		1.098
v -28.504 		13.764 		1.098
v -28.477 		13.824 		1.098
v -28.447 		13.884 		1.098
v -28.414 		13.941 		1.098
v -54.684 		-15.874 		1.657
v -28.379 		13.997 		1.098
v -28.34 		14.052 		1.098
v -28.299 		14.104 		1.098
v -28.256 		14.154 		1.098
v -28.21 		14.202 		1.098
v -54.625 		-15.99 		1.671
v -54.69 		2.714 		1.634
v -28.162 		14.248 		1.098
v -28.112 		14.291 		1.098
v -54.695 		-15.952 		1.671
v -28.06 		14.332 		1.098
v -54.625 		-15.912 		1.657
v -54.769 		2.777 		1.645
v -28.005 		14.371 		1.098
v -27.949 		14.406 		1.098
v -27.892 		14.439 		1.098
v -27.832 		14.469 		1.098
v -27.772 		14.496 		1.098
v -27.71 		14.519 		1.098
v -54.636 		2.79 		1.634
v -27.188 		14.597 		1.098
v -27.254 		14.598 		1.098
v -65.671 		-37.526 		1.503
v -27.647 		14.54 		1.098
v -65.748 		-37.539 		1.503
v -27.583 		14.558 		1.098
v -65.824 		-37.549 		1.503
v -27.518 		14.573 		1.098
v -54.76 		-15.99 		1.685
v -27.452 		14.584 		1.098
v -65.902 		-37.555 		1.503
v -27.387 		14.592 		1.098
v -27.32 		14.597 		1.098
v -54.76 		-15.912 		1.671
v -65.039 		-37.246 		1.503
v -27.121 		14.592 		1.098
v -65.103 		-37.291 		1.503
v -54.492 		2.582 		1.617
v -27.056 		14.584 		1.098
v -26.99 		14.573 		1.098
v -54.486 		2.612 		1.617
v -26.925 		14.558 		1.098
v -26.861 		14.54 		1.098
v -26.798 		14.519 		1.098
v -26.736 		14.496 		1.098
v -46.178 		-8.034 		1.598
v -26.676 		14.469 		1.098
v -46.25 		-7.815 		1.598
v -46.312 		-7.593 		1.598
v -25.981 		12.79 		1.098
v -26.004 		12.728 		1.098
v -46.362 		-7.367 		1.598
v -26.031 		12.668 		1.098
v -54.419 		-16.006 		1.657
v -46.402 		-7.14 		1.598
v -26.061 		12.608 		1.098
v -46.43 		-6.911 		1.598
v -26.094 		12.551 		1.098
v -26.129 		12.495 		1.098
v -46.447 		-6.681 		1.598
v -26.168 		12.44 		1.098
v -65.168 		-37.332 		1.503
v -46.453 		-6.45 		1.598
v -26.209 		12.388 		1.098
v -54.302 		-16.106 		1.671
v -65.235 		-37.37 		1.503
v -54.476 		2.642 		1.617
v -46.447 		-6.219 		1.598
v -26.252 		12.338 		1.098
v -65.305 		-37.405 		1.503
v -26.298 		12.29 		1.098
v -54.388 		-16.082 		1.671
v -65.375 		-37.436 		1.503
v -54.343 		-16.031 		1.657
v -46.43 		-5.989 		1.598
v -25.903 		13.312 		1.098
v -25.901 		13.246 		1.098
v -46.402 		-5.76 		1.598
v -25.903 		13.18 		1.098
v -54.462 		2.671 		1.617
v -25.908 		13.113 		1.098
v -46.362 		-5.533 		1.598
v -25.916 		13.048 		1.098
v -46.312 		-5.307 		1.598
v -25.927 		12.982 		1.098
v -25.942 		12.917 		1.098
v -46.25 		-5.085 		1.598
v -25.96 		12.853 		1.098
v -46.178 		-4.866 		1.598
v -46.095 		-4.65 		1.598
v -26.031 		13.824 		1.098
v -26.004 		13.764 		1.098
v -46.001 		-4.439 		1.598
v -25.981 		13.702 		1.098
v -65.448 		-37.464 		1.503
v -54.366 		2.576 		1.61
v -45.897 		-4.233 		1.598
v -25.96 		13.639 		1.098
v -65.521 		-37.489 		1.503
v -25.942 		13.575 		1.098
v -54.361 		2.601 		1.61
v -25.927 		13.51 		1.098
v -25.916 		13.444 		1.098
v -45.784 		-4.032 		1.598
v -25.908 		13.379 		1.098
v -45.66 		-3.837 		1.598
v -54.353 		2.624 		1.61
v -45.527 		-3.649 		1.598
v -26.448 		14.332 		1.098
v -45.385 		-3.467 		1.598
v -26.396 		14.291 		1.098
v -45.234 		-3.292 		1.598
v -26.346 		14.248 		1.098
v -54.519 		-16.101 		1.685
v -45.075 		-3.125 		1.598
v -26.298 		14.202 		1.098
v -54.471 		-16.055 		1.671
v -26.252 		14.154 		1.098
v -54.327 		2.671 		1.61
v -26.209 		14.104 		1.098
v -26.168 		14.052 		1.098
v -44.908 		-2.966 		1.598
v -44.733 		-2.815 		1.598
v -26.129 		13.997 		1.098
v -26.094 		13.941 		1.098
v -44.551 		-2.673 		1.598
v -26.061 		13.884 		1.098
v -44.363 		-2.54 		1.598
v -26.616 		14.439 		1.098
v -44.168 		-2.417 		1.598
v -26.559 		14.406 		1.098
v -43.967 		-2.303 		1.598
v -26.503 		14.371 		1.098
v -54.306 		-15.898 		1.634
v -43.761 		-2.199 		1.598
v -43.55 		-2.105 		1.598
v -54.364 		-15.875 		1.634
v -43.334 		-2.022 		1.598
v -54.342 		2.648 		1.61
v -64.712 		-36.919 		1.503
v -43.115 		-1.95 		1.598
v -64.76 		-36.98 		1.503
v -54.295 		-15.976 		1.645
v -41.519 		-1.753 		1.598
v -41.75 		-1.748 		1.598
v -41.289 		-1.77 		1.598
v -41.06 		-1.798 		1.598
v -54.43 		-15.928 		1.645
v -42.893 		-1.888 		1.598
v -54.492 		-15.899 		1.645
v -54.444 		2.699 		1.617
v -42.667 		-1.838 		1.598
v -54.422 		2.726 		1.617
v -42.44 		-1.798 		1.598
v -42.211 		-1.77 		1.598
v -41.981 		-1.753 		1.598
v -37.053 		-6.219 		1.598
v -54.364 		-15.954 		1.645
v -37.048 		-6.45 		1.598
v -54.501 		2.79 		1.625
v -37.053 		-6.681 		1.598
v -37.07 		-6.911 		1.598
v -54.492 		-15.978 		1.657
v -37.098 		-7.14 		1.598
v -37.138 		-7.367 		1.598
v -37.188 		-7.593 		1.598
v -37.25 		-7.815 		1.598
v -37.322 		-8.034 		1.598
v -37.603 		-4.233 		1.598
v -37.499 		-4.439 		1.598
v -37.406 		-4.65 		1.598
v -37.322 		-4.866 		1.598
v -54.289 		2.714 		1.61
v -37.25 		-5.085 		1.598
v -37.188 		-5.307 		1.598
v -55.119 		-15.762 		1.701
v -37.138 		-5.533 		1.598
v -37.098 		-5.76 		1.598
v -37.07 		-5.989 		1.598
v -54.31 		2.693 		1.61
v -40.833 		-1.838 		1.598
v -55.14 		-15.839 		1.717
v -40.607 		-1.888 		1.598
v -55.074 		-15.82 		1.701
v -40.385 		-1.95 		1.598
v -54.397 		2.752 		1.617
v -40.166 		-2.022 		1.598
v -39.95 		-2.105 		1.598
v -39.739 		-2.199 		1.598
v -39.533 		-2.303 		1.598
v -39.332 		-2.417 		1.598
v -39.137 		-2.54 		1.598
v -64.81 		-37.038 		1.503
v -38.949 		-2.673 		1.598
v -64.864 		-37.094 		1.503
v -55.199 		-15.857 		1.734
v -64.92 		-37.148 		1.503
v -55.249 		-15.793 		1.734
v -38.767 		-2.815 		1.598
v -64.978 		-37.198 		1.503
v -55.189 		-15.779 		1.717
v -38.592 		-2.966 		1.598
v -38.425 		-3.125 		1.598
v -38.266 		-3.292 		1.598
v -54.368 		2.777 		1.617
v -38.115 		-3.467 		1.598
v -37.973 		-3.649 		1.598
v -37.84 		-3.837 		1.598
v -37.717 		-4.032 		1.598
v -54.337 		2.801 		1.617
v -67.291 		-36.855 		1.503
v -55.042 		-15.743 		1.685
v -67.332 		-36.79 		1.503
v -54.562 		2.859 		1.634
v -67.37 		-36.723 		1.503
v -67.405 		-36.653 		1.503
v -67.436 		-36.583 		1.503
v -55.106 		-15.63 		1.685
v -54.736 		2.819 		1.645
v -67.464 		-36.51 		1.503
v -67.489 		-36.437 		1.503
v -54.697 		2.859 		1.645
v -67.509 		-36.362 		1.503
v -54.602 		2.825 		1.634
v -55.078 		-15.687 		1.685
v -67.526 		-36.287 		1.503
v -67.539 		-36.21 		1.503
v -67.549 		-36.134 		1.503
v -67.555 		-36.056 		1.503
v -67.556 		-35.979 		1.503
v -67.555 		-35.902 		1.503
v -55.228 		-15.716 		1.717
v -55.157 		-15.702 		1.701
v -54.739 		2.934 		1.657
v -55.187 		-15.641 		1.701
v -54.653 		2.898 		1.645
v -54.604 		2.934 		1.645
v -55.291 		-15.728 		1.734
v -55.259 		-15.651 		1.717
v -54.55 		2.968 		1.645
v -54.684 		2.974 		1.657
v -54.787 		-15.792 		1.657
v -54.561 		3.046 		1.657
v -54.76 		3.012 		1.671
v -54.819 		-15.868 		1.671
v -54.695 		3.052 		1.671
v -54.625 		3.012 		1.657
v -54.918 		-15.773 		1.671
v -54.83 		-15.747 		1.657
v -54.949 		-15.85 		1.685
v -54.872 		-15.822 		1.671
v -67.549 		-35.824 		1.503
v -54.999 		-15.798 		1.685
v -67.539 		-35.748 		1.503
v -54.43 		2.847 		1.625
v -67.526 		-35.671 		1.503
v -67.509 		-35.596 		1.503
v -54.467 		2.819 		1.625
v -54.519 		2.892 		1.634
v -54.471 		2.922 		1.634
v -54.897 		-15.653 		1.657
v -54.796 		-15.634 		1.645
v -54.388 		2.873 		1.625
v -54.302 		2.823 		1.617
v -54.867 		-15.701 		1.657
v -54.991 		-15.671 		1.671
v -66.583 		-37.436 		6.5
v -55.017 		-15.617 		1.671
v -66.653 		-37.405 		6.5
v -66.723 		-37.37 		6.5
v -66.79 		-37.332 		6.5
v -66.855 		-37.291 		6.5
v -54.343 		2.898 		1.625
v -66.919 		-37.246 		6.5
v -66.98 		-37.198 		6.5
v -67.038 		-37.148 		6.5
v -67.094 		-37.094 		6.5
v -67.148 		-37.038 		6.5
v -67.198 		-36.98 		6.5
v -54.958 		-15.723 		1.671
v -67.246 		-36.919 		6.5
v -54.295 		2.92 		1.625
v -65.979 		-37.557 		6.5
v -66.056 		-37.555 		6.5
v -67.489 		-35.521 		1.503
v -66.134 		-37.549 		6.5
v -66.21 		-37.539 		6.5
v -67.464 		-35.448 		1.503
v -66.287 		-37.526 		6.5
v -66.362 		-37.509 		6.5
v -67.436 		-35.375 		1.503
v -66.437 		-37.489 		6.5
v -66.51 		-37.464 		6.5
v -65.596 		-37.509 		6.5
v -67.405 		-35.305 		1.503
v -65.671 		-37.526 		6.5
v -65.748 		-37.539 		6.5
v -65.824 		-37.549 		6.5
v -67.37 		-35.235 		1.503
v -65.902 		-37.555 		6.5
v -67.332 		-35.168 		1.503
v -54.364 		2.975 		1.634
v -65.039 		-37.246 		6.5
v -65.103 		-37.291 		6.5
v -67.291 		-35.103 		1.503
v -65.168 		-37.332 		6.5
v -65.235 		-37.37 		6.5
v -55.046 		-15.508 		1.671
v -65.305 		-37.405 		6.5
v -67.246 		-35.039 		1.503
v -65.375 		-37.436 		6.5
v -65.448 		-37.464 		6.5
v -67.198 		-34.978 		1.503
v -65.521 		-37.489 		6.5
v -67.148 		-34.92 		1.503
v -64.712 		-36.919 		6.5
v -64.76 		-36.98 		6.5
v -67.094 		-34.864 		1.503
v -64.81 		-37.038 		6.5
v -64.864 		-37.094 		6.5
v -64.92 		-37.148 		6.5
v -64.978 		-37.198 		6.5
v -55.138 		-15.512 		1.685
v -54.492 		2.999 		1.645
v -54.419 		2.95 		1.634
v -67.291 		-36.855 		6.5
v -67.332 		-36.79 		6.5
v -67.37 		-36.723 		6.5
v -67.405 		-36.653 		6.5
v -67.436 		-36.583 		6.5
v -55.208 		-15.579 		1.701
v -67.464 		-36.51 		6.5
v -67.489 		-36.437 		6.5
v -55.126 		-15.571 		1.685
v -67.509 		-36.362 		6.5
v -67.526 		-36.287 		6.5
v -67.539 		-36.21 		6.5
v -67.549 		-36.134 		6.5
v -67.555 		-36.056 		6.5
v -67.556 		-35.979 		6.5
v -54.306 		2.998 		1.634
v -67.555 		-35.902 		6.5
v -67.549 		-35.824 		6.5
v -67.539 		-35.748 		6.5
v -67.526 		-35.671 		6.5
v -67.509 		-35.596 		6.5
v -67.489 		-35.521 		6.5
v -67.464 		-35.448 		6.5
v -67.436 		-35.375 		6.5
v -67.038 		-34.81 		1.503
v -55.282 		-15.586 		1.717
v -67.405 		-35.305 		6.5
v -67.37 		-35.235 		6.5
v -66.98 		-34.76 		1.503
v -67.332 		-35.168 		6.5
v -55.295 		-15.519 		1.717
v -67.291 		-35.103 		6.5
v -66.919 		-34.712 		1.503
v -55.221 		-15.516 		1.701
v -67.246 		-35.039 		6.5
v -67.198 		-34.978 		6.5
v -66.855 		-34.667 		1.503
v -67.148 		-34.92 		6.5
v -67.094 		-34.864 		6.5
v -54.43 		3.028 		1.645
v -67.038 		-34.81 		6.5
v -66.98 		-34.76 		6.5
v -66.919 		-34.712 		6.5
v -66.855 		-34.667 		6.5
v -66.79 		-34.626 		6.5
v -66.723 		-34.588 		6.5
v -66.653 		-34.553 		6.5
v -66.583 		-34.522 		6.5
v -54.364 		3.054 		1.645
v -66.51 		-34.494 		6.5
v -66.437 		-34.469 		6.5
v -66.362 		-34.449 		6.5
v -66.287 		-34.432 		6.5
v -66.21 		-34.419 		6.5
v -66.134 		-34.409 		6.5
v -66.056 		-34.403 		6.5
v -65.979 		-34.402 		6.5
v -65.902 		-34.403 		6.5
v -65.824 		-34.409 		6.5
v -65.748 		-34.419 		6.5
v -65.671 		-34.432 		6.5
v -65.596 		-34.449 		6.5
v -55.05 		-15.452 		1.671
v -64.522 		-36.583 		6.5
v -64.553 		-36.653 		6.5
v -64.588 		-36.723 		6.5
v -64.626 		-36.79 		6.5
v -64.667 		-36.855 		6.5
v -64.403 		-35.902 		6.5
v -64.401 		-35.979 		6.5
v -55.225 		-15.452 		1.701
v -64.403 		-36.056 		6.5
v -55.119 		3.095 		1.752
v -64.409 		-36.134 		6.5
v -55.142 		-15.452 		1.685
v -64.419 		-36.21 		6.5
v -55.074 		3.076 		1.734
v -64.432 		-36.287 		6.5
v -64.449 		-36.362 		6.5
v -64.469 		-36.437 		6.5
v -64.494 		-36.51 		6.5
v -64.864 		-34.864 		6.5
v -64.81 		-34.92 		6.5
v -64.76 		-34.978 		6.5
v -55.042 		3.152 		1.752
v -64.712 		-35.039 		6.5
v -64.667 		-35.103 		6.5
v -64.626 		-35.168 		6.5
v -64.588 		-35.235 		6.5
v -64.553 		-35.305 		6.5
v -64.522 		-35.375 		6.5
v -64.494 		-35.448 		6.5
v -55.157 		3.111 		1.77
v -64.469 		-35.521 		6.5
v -54.833 		-15.544 		1.645
v -64.449 		-35.596 		6.5
v -64.432 		-35.671 		6.5
v -64.419 		-35.748 		6.5
v -64.409 		-35.824 		6.5
v -54.842 		-15.498 		1.645
v -65.521 		-34.469 		6.5
v -65.448 		-34.494 		6.5
v -65.375 		-34.522 		6.5
v -65.305 		-34.553 		6.5
v -54.921 		-15.604 		1.657
v -54.818 		-15.59 		1.645
v -55.187 		3.124 		1.789
v -55.106 		3.184 		1.789
v -55.078 		3.17 		1.77
v -54.948 		-15.503 		1.657
v -66.79 		-34.626 		1.503
v -66.723 		-34.588 		1.503
v -66.653 		-34.553 		1.503
v -66.583 		-34.522 		1.503
v -55.035 		-15.563 		1.671
v -54.938 		-15.554 		1.657
v -55.208 		3.133 		1.809
v -66.51 		-34.494 		1.503
v -55.126 		3.194 		1.809
v -66.437 		-34.469 		1.503
v -66.362 		-34.449 		1.503
v -66.287 		-34.432 		1.503
v -66.21 		-34.419 		1.503
v -66.134 		-34.409 		1.503
v 66.517 		-37.038 		6.5
v 66.467 		-36.98 		6.5
v -55.295 		3.073 		1.828
v 66.419 		-36.919 		6.5
v -66.056 		-34.403 		1.503
v 67.012 		-37.405 		6.5
v -65.979 		-34.402 		1.503
v 66.942 		-37.37 		6.5
v 66.875 		-37.332 		6.5
v -55.138 		3.2 		1.828
v -65.902 		-34.403 		1.503
v 66.81 		-37.291 		6.5
v 66.746 		-37.246 		6.5
v -65.824 		-34.409 		1.503
v 66.685 		-37.198 		6.5
v 66.627 		-37.148 		6.5
v -65.748 		-34.419 		1.503
v 66.571 		-37.094 		6.5
v -65.235 		-34.588 		6.5
v -65.671 		-34.432 		1.503
v 67.531 		-37.549 		6.5
v -54.951 		-15.452 		1.657
v -55.225 		3.14 		1.848
v 67.455 		-37.539 		6.5
v -54.846 		-15.452 		1.645
v -55.221 		3.138 		1.828
v 67.378 		-37.526 		6.5
v 67.303 		-37.509 		6.5
v 67.228 		-37.489 		6.5
v 67.155 		-37.464 		6.5
v 67.082 		-37.436 		6.5
v 67.609 		-37.555 		6.5
v 67.686 		-37.557 		6.5
v 68.069 		-37.509 		6.5
v 67.994 		-37.526 		6.5
v -55.046 		3.257 		1.828
v 67.917 		-37.539 		6.5
v -54.562 		-15.759 		1.634
v 67.841 		-37.549 		6.5
v 67.763 		-37.555 		6.5
v 68.562 		-37.291 		6.5
v 68.497 		-37.332 		6.5
v -55.142 		3.202 		1.848
v -54.55 		-15.868 		1.645
v 68.43 		-37.37 		6.5
v -55.05 		3.26 		1.848
v -65.596 		-34.449 		1.503
v 68.36 		-37.405 		6.5
v 68.29 		-37.436 		6.5
v 68.217 		-37.464 		6.5
v 68.144 		-37.489 		6.5
v -64.522 		-36.583 		1.503
v 68.953 		-36.919 		6.5
v -54.653 		-15.798 		1.645
v 68.905 		-36.98 		6.5
v -64.553 		-36.653 		1.503
v 68.855 		-37.038 		6.5
v 68.801 		-37.094 		6.5
v -64.588 		-36.723 		1.503
v 68.745 		-37.148 		6.5
v -54.819 		3.124 		1.701
v -64.626 		-36.79 		1.503
v 68.687 		-37.198 		6.5
v 68.626 		-37.246 		6.5
v -54.697 		-15.759 		1.645
v -64.667 		-36.855 		1.503
v 66.374 		-36.855 		6.5
v 66.333 		-36.79 		6.5
v 66.295 		-36.723 		6.5
v 66.26 		-36.653 		6.5
v -54.949 		3.106 		1.717
v -64.403 		-35.902 		1.503
v 66.229 		-36.583 		6.5
v -54.893 		3.078 		1.701
v 66.201 		-36.51 		6.5
v -65.168 		-34.626 		6.5
v -65.103 		-34.667 		6.5
v 66.176 		-36.437 		6.5
v -65.039 		-34.712 		6.5
v -54.604 		-15.834 		1.645
v 66.156 		-36.362 		6.5
v -64.978 		-34.76 		6.5
v 66.139 		-36.287 		6.5
v 66.126 		-36.21 		6.5
v 66.116 		-36.134 		6.5
v 66.11 		-36.056 		6.5
v 66.109 		-35.979 		6.5
v 66.11 		-35.902 		6.5
v 66.116 		-35.824 		6.5
v 66.126 		-35.748 		6.5
v 66.139 		-35.671 		6.5
v 66.156 		-35.596 		6.5
v 66.176 		-35.521 		6.5
v 66.201 		-35.448 		6.5
v -54.999 		3.131 		1.734
v 66.229 		-35.375 		6.5
v 66.26 		-35.305 		6.5
v -54.918 		3.182 		1.734
v -54.872 		3.155 		1.717
v 66.295 		-35.235 		6.5
v -54.739 		-15.834 		1.657
v 66.333 		-35.168 		6.5
v 66.374 		-35.103 		6.5
v 66.419 		-35.039 		6.5
v -54.531 		-15.658 		1.625
v 66.467 		-34.978 		6.5
v 66.517 		-34.92 		6.5
v 66.571 		-34.864 		6.5
v 66.627 		-34.81 		6.5
v 66.685 		-34.76 		6.5
v 66.746 		-34.712 		6.5
v -64.92 		-34.81 		6.5
v 66.81 		-34.667 		6.5
v 66.875 		-34.626 		6.5
v 66.942 		-34.588 		6.5
v -54.602 		-15.725 		1.634
v 67.012 		-34.553 		6.5
v -64.401 		-35.979 		1.503
v 67.082 		-34.522 		6.5
v -54.636 		-15.69 		1.634
v 67.155 		-34.494 		6.5
v -64.403 		-36.056 		1.503
v 67.228 		-34.469 		6.5
v 67.303 		-34.449 		6.5
v -64.409 		-36.134 		1.503
v -54.665 		-15.652 		1.634
v 67.378 		-34.432 		6.5
v 67.455 		-34.419 		6.5
v -54.557 		-15.626 		1.625
v -64.419 		-36.21 		1.503
v 67.531 		-34.409 		6.5
v -64.432 		-36.287 		1.503
v 69.216 		-36.362 		6.5
v 69.196 		-36.437 		6.5
v 69.171 		-36.51 		6.5
v 69.143 		-36.583 		6.5
v 69.112 		-36.653 		6.5
v 69.077 		-36.723 		6.5
v -54.958 		3.206 		1.752
v 69.039 		-36.79 		6.5
v 68.998 		-36.855 		6.5
v -54.736 		-15.719 		1.645
v 69.262 		-35.902 		6.5
v -64.449 		-36.362 		1.503
v 69.264 		-35.979 		6.5
v -54.769 		-15.677 		1.645
v -64.469 		-36.437 		1.503
v 69.262 		-36.056 		6.5
v 69.256 		-36.134 		6.5
v -64.494 		-36.51 		1.503
v 69.246 		-36.21 		6.5
v 69.233 		-36.287 		6.5
v -55.017 		3.24 		1.789
v -54.991 		3.225 		1.77
v 69.143 		-35.375 		6.5
v 69.171 		-35.448 		6.5
v -64.864 		-34.864 		1.503
v 69.196 		-35.521 		6.5
v 69.216 		-35.596 		6.5
v -64.81 		-34.92 		1.503
v 69.233 		-35.671 		6.5
v -64.76 		-34.978 		1.503
v 69.246 		-35.748 		6.5
v 69.256 		-35.824 		6.5
v -64.712 		-35.039 		1.503
v 68.801 		-34.864 		6.5
v -64.667 		-35.103 		1.503
v 68.855 		-34.92 		6.5
v -64.626 		-35.168 		1.503
v 68.905 		-34.978 		6.5
v -64.588 		-35.235 		1.503
v 68.953 		-35.039 		6.5
v 68.998 		-35.103 		6.5
v -64.553 		-35.305 		1.503
v 69.039 		-35.168 		6.5
v -54.921 		3.292 		1.789
v 69.077 		-35.235 		6.5
v 69.112 		-35.305 		6.5
v -54.343 		-15.798 		1.625
v 67.609 		-34.403 		6.5
v 67.686 		-34.402 		6.5
v 67.763 		-34.403 		6.5
v -54.388 		-15.773 		1.625
v 67.841 		-34.409 		6.5
v 67.917 		-34.419 		6.5
v 67.994 		-34.432 		6.5
v 68.069 		-34.449 		6.5
v -54.787 		3.201 		1.717
v 68.144 		-34.469 		6.5
v 68.217 		-34.494 		6.5
v 68.29 		-34.522 		6.5
v 68.36 		-34.553 		6.5
v -64.522 		-35.375 		1.503
v 68.43 		-34.588 		6.5
v 68.497 		-34.626 		6.5
v 68.562 		-34.667 		6.5
v -64.494 		-35.448 		1.503
v 68.626 		-34.712 		6.5
v -54.295 		-15.82 		1.625
v 68.687 		-34.76 		6.5
v 68.745 		-34.81 		6.5
v -64.469 		-35.521 		1.503
v -54.867 		3.255 		1.752
v 76 		31.1 		0
v -64.449 		-35.596 		1.503
v -54.83 		3.23 		1.734
v 61.623 		31.1 		0
v -64.432 		-35.671 		1.503
v -54.419 		-15.85 		1.634
v -64.419 		-35.748 		1.503
v -64.409 		-35.824 		1.503
v 71.006 		-32.044 		0
v -54.471 		-15.822 		1.634
v 66.217 		25.488 		0
v -54.897 		3.276 		1.77
v 66.555 		25.654 		0
v 66.911 		25.775 		0
v -54.43 		-15.747 		1.625
v 67.28 		25.849 		0
v 67.656 		25.873 		0
v -54.796 		3.322 		1.77
v 68.032 		25.849 		0
v 68.401 		25.775 		0
v 68.757 		25.654 		0
v 69.095 		25.488 		0
v -68.857 		20.48 		0
v 70.148 		24.435 		0
v 70.314 		24.097 		0
v 70.435 		23.741 		0
v 70.509 		23.372 		0
v 70.534 		22.996 		0
v 70.509 		22.62 		0
v 70.435 		22.251 		0
v 70.314 		21.895 		0
v 70.148 		21.557 		0
v -55.035 		3.251 		1.809
v 69.408 		25.279 		0
v 69.691 		25.031 		0
v 69.939 		24.748 		0
v -54.938 		3.303 		1.809
v -54.519 		-15.792 		1.634
v 67.28 		20.143 		0
v 67.656 		20.118 		0
v 66.911 		20.217 		0
v 66.555 		20.338 		0
v 66.217 		20.504 		0
v 69.408 		20.713 		0
v 69.095 		20.504 		0
v 68.757 		20.338 		0
v 68.401 		20.217 		0
v 68.032 		20.143 		0
v 69.939 		21.244 		0
v 69.691 		20.961 		0
v -65.521 		-34.469 		1.503
v -54.302 		-15.723 		1.617
v -54.951 		3.313 		1.848
v -65.448 		-34.494 		1.503
v -54.948 		3.31 		1.828
v 65.373 		21.244 		0
v 65.164 		21.557 		0
v -65.375 		-34.522 		1.503
v -54.337 		-15.701 		1.617
v 64.998 		21.895 		0
v 64.877 		22.251 		0
v -65.305 		-34.553 		1.503
v 64.803 		22.62 		0
v 64.779 		22.996 		0
v 64.803 		23.372 		0
v -54.368 		-15.677 		1.617
v -65.235 		-34.588 		1.503
v 64.877 		23.741 		0
v 64.998 		24.097 		0
v 65.164 		24.435 		0
v -65.168 		-34.626 		1.503
v 65.904 		20.713 		0
v -65.103 		-34.667 		1.503
v 65.621 		20.961 		0
v -54.397 		-15.652 		1.617
v -65.039 		-34.712 		1.503
v 65.373 		24.748 		0
v 65.621 		25.031 		0
v -54.818 		3.339 		1.789
v 65.904 		25.279 		0
v -64.978 		-34.76 		1.503
v -64.92 		-34.81 		1.503
v -67.418 		-33.487 		0
v -67.08 		-33.321 		0
v -66.724 		-33.2 		0
v -66.355 		-33.126 		0
v -65.979 		-33.102 		0
v -65.603 		-33.126 		0
v -65.234 		-33.2 		0
v -64.878 		-33.321 		0
v -64.54 		-33.487 		0
v 66.585 		-33.321 		0
v 66.941 		-33.2 		0
v 67.31 		-33.126 		0
v 67.686 		-33.102 		0
v 68.062 		-33.126 		0
v 68.431 		-33.2 		0
v 68.787 		-33.321 		0
v -54.833 		3.352 		1.809
v -54.467 		-15.719 		1.625
v 61.846 		15.381 		1.855
v 61.623 		15.4945 		1.855
v -54.501 		-15.69 		1.625
v 63.546 		15.381 		1.855
v 64.312 		15.771 		1.855
v -54.422 		-15.626 		1.617
v -54.846 		3.361 		1.848
v 64.921 		16.38 		1.855
v -63.321 		-37.08 		0
v -63.487 		-37.418 		0
v -54.842 		3.359 		1.828
v 64.026 		-33.4068 		6.5
v 64.763 		-32.873 		6.5
v 64.467 		-33.132 		6.5
v -64.227 		-33.696 		0
v 64.141 		-33.35 		6.5
v -63.944 		-33.944 		0
v -63.696 		-34.227 		0
v -63.487 		-34.54 		0
v -63.321 		-34.878 		0
v 65.3423 		-32.044 		6.5
v 65.24 		-32.251 		6.5
v -63.2 		-35.234 		0
v 65.022 		-32.578 		6.5
v -63.126 		-35.603 		0
v -63.101 		-35.979 		0
v -63.126 		-36.355 		0
v -63.2 		-36.724 		0
v -54.55 		3.124 		1.671
v -54.76 		3.09 		1.685
v 61.623 		-27.953 		4
v -66.355 		-38.832 		0
v -65.979 		-38.857 		0
v -54.578 		-15.593 		1.625
v -66.724 		-38.758 		0
v 61.24 		-28.439 		4
v 61.383 		-28.3662 		4
v 61.623 		-28.244 		4
v -67.08 		-38.637 		0
v 60.631 		-29.048 		4
v -54.684 		3.131 		1.685
v -67.418 		-38.471 		0
v 60.241 		-29.814 		4
v -54.625 		3.09 		1.671
v 60.106 		-30.664 		4
v 60.241 		-31.514 		4
v 60.631 		-32.28 		4
v 61.119 		-32.768 		4
v -65.603 		-38.832 		0
v 61.424 		-30.993 		4
v -63.696 		-37.731 		0
v -63.944 		-38.014 		0
v 61.409 		-30.928 		4
v -54.607 		-15.523 		1.625
v -64.227 		-38.262 		0
v 61.398 		-30.862 		4
v -64.54 		-38.471 		0
v -64.878 		-38.637 		0
v 61.39 		-30.797 		4
v -65.234 		-38.758 		0
v 61.385 		-30.73 		4
v -67.731 		-38.262 		0
v 62.407 		-31.976 		4
v -68.014 		-38.014 		0
v -68.262 		-37.731 		0
v 62.343 		-31.958 		4
v -68.471 		-37.418 		0
v -68.637 		-37.08 		0
v 62.28 		-31.937 		4
v 62.218 		-31.914 		4
v -68.758 		-36.724 		0
v -54.739 		3.168 		1.701
v 62.157 		-31.887 		4
v -68.832 		-36.355 		0
v -68.857 		-35.979 		0
v 62.098 		-31.857 		4
v -68.832 		-35.603 		0
v -68.758 		-35.234 		0
v 62.04 		-31.824 		4
v -68.637 		-34.878 		0
v -54.69 		-15.614 		1.634
v 61.984 		-31.789 		4
v -68.471 		-34.54 		0
v -54.604 		3.168 		1.685
v -68.262 		-34.227 		0
v 61.93 		-31.75 		4
v -68.014 		-33.944 		0
v -54.709 		-15.574 		1.634
v -67.731 		-33.696 		0
v -54.595 		-15.558 		1.625
v 61.878 		-31.709 		4
v 61.827 		-31.666 		4
v 61.779 		-31.62 		4
v 61.734 		-31.572 		4
v 61.69 		-31.522 		4
v 61.649 		-31.47 		4
v 61.611 		-31.415 		4
v -69.007 		19.136 		1.855
v 61.576 		-31.359 		4
v -54.731 		-15.493 		1.634
v 61.543 		-31.302 		4
v -54.614 		-15.488 		1.625
v 61.513 		-31.242 		4
v -54.653 		3.207 		1.701
v 61.486 		-31.182 		4
v 61.462 		-31.12 		4
v -54.562 		3.242 		1.701
v 61.441 		-31.057 		4
v -66.583 		21.564 		1.503
v 62.934 		-32.002 		4
v 62.868 		-32.01 		4
v -66.653 		21.595 		1.503
v 62.802 		-32.015 		4
v 62.736 		-32.017 		4
v -66.723 		21.63 		1.503
v 62.669 		-32.015 		4
v -54.697 		3.242 		1.717
v -54.723 		-15.534 		1.634
v 62.603 		-32.01 		4
v -66.79 		21.668 		1.503
v 62.537 		-32.002 		4
v 62.472 		-31.991 		4
v -54.602 		3.279 		1.717
v 63.487 		-31.789 		4
v 63.431 		-31.824 		4
v -54.736 		3.273 		1.734
v -66.855 		21.709 		1.503
v 63.373 		-31.857 		4
v 63.314 		-31.887 		4
v 63.253 		-31.914 		4
v -66.919 		21.754 		1.503
v 63.191 		-31.937 		4
v 63.128 		-31.958 		4
v -66.98 		21.802 		1.503
v 63.064 		-31.976 		4
v 63 		-31.991 		4
v -67.038 		21.852 		1.503
v -67.094 		21.906 		1.503
v 63.541 		-31.75 		4
v -54.769 		3.3 		1.752
v -67.148 		21.962 		1.503
v 63.594 		-31.709 		4
v -54.636 		3.312 		1.734
v 61.383 		-30.664 		4
v 61.385 		-30.598 		4
v 61.39 		-30.531 		4
v 61.398 		-30.466 		4
v 61.409 		-30.4 		4
v 61.424 		-30.335 		4
v 76 		31.1 		6.5
v 74.25 		29.35 		6.5
v 74.25 		29.35 		8.5
v 72.753 		27.852 		8.5
v 61.441 		-30.271 		4
v 61.462 		-30.208 		4
v 61.486 		-30.146 		4
v 72.753 		27.852 		6.5
v 61.513 		-30.086 		4
v 61.543 		-30.026 		4
v 61.576 		-29.969 		4
v -54.531 		3.346 		1.734
v 61.611 		-29.913 		4
v 61.649 		-29.858 		4
v 70.999 		19.896 		6.5
v 61.69 		-29.806 		4
v 61.734 		-29.756 		4
v 66.516 		21.962 		6.5
v 61.779 		-29.708 		4
v -54.665 		3.34 		1.752
v 66.466 		22.02 		6.5
v -54.616 		-15.452 		1.625
v -45.075 		-9.775 		1.598
v 66.418 		22.081 		6.5
v 66.373 		22.145 		6.5
v -45.234 		-9.608 		1.598
v 61.827 		-29.662 		4
v 61.878 		-29.619 		4
v -45.385 		-9.433 		1.598
v -54.734 		-15.452 		1.634
v 61.93 		-29.578 		4
v -45.527 		-9.251 		1.598
v 61.984 		-29.539 		4
v 62.04 		-29.504 		4
v -45.66 		-9.063 		1.598
v 62.098 		-29.471 		4
v 62.157 		-29.441 		4
v -45.784 		-8.868 		1.598
v 62.218 		-29.414 		4
v -45.897 		-8.667 		1.598
v -54.69 		3.363 		1.77
v 62.28 		-29.391 		4
v -46.001 		-8.461 		1.598
v -54.444 		-15.599 		1.617
v 62.343 		-29.37 		4
v -46.095 		-8.25 		1.598
v 62.407 		-29.352 		4
v -54.557 		3.376 		1.752
v 62.736 		-29.312 		4
v 62.802 		-29.313 		4
v -43.115 		-10.95 		1.598
v 62.868 		-29.318 		4
v 62.934 		-29.326 		4
v -43.334 		-10.878 		1.598
v -43.55 		-10.795 		1.598
v 62.472 		-29.337 		4
v -43.761 		-10.701 		1.598
v 62.537 		-29.326 		4
v -54.709 		3.382 		1.789
v -43.967 		-10.597 		1.598
v 62.603 		-29.318 		4
v 62.669 		-29.313 		4
v -44.168 		-10.483 		1.598
v -54.476 		-15.542 		1.617
v -54.595 		3.419 		1.789
v -54.578 		3.4 		1.77
v 63 		-29.337 		4
v 63.064 		-29.352 		4
v -44.363 		-10.36 		1.598
v 63.128 		-29.37 		4
v -44.551 		-10.227 		1.598
v -54.486 		-15.512 		1.617
v 63.191 		-29.391 		4
v -44.733 		-10.085 		1.598
v 63.253 		-29.414 		4
v 63.314 		-29.441 		4
v 63.373 		-29.471 		4
v -44.908 		-9.934 		1.598
v 63.431 		-29.504 		4
v 63.487 		-29.539 		4
v -41.06 		-11.102 		1.598
v 63.541 		-29.578 		4
v 63.594 		-29.619 		4
v -54.462 		-15.571 		1.617
v -41.289 		-11.13 		1.598
v -41.519 		-11.147 		1.598
v -41.75 		-11.153 		1.598
v -41.981 		-11.147 		1.598
v 63.1016 		-27.953 		4
v 62.6104 		-27.953 		4
v 62.006 		-28.049 		4
v -42.211 		-11.13 		1.598
v -67.198 		22.02 		1.503
v -54.607 		3.433 		1.809
v -42.44 		-11.102 		1.598
v -67.246 		22.081 		1.503
v -42.667 		-11.062 		1.598
v -67.291 		22.145 		1.503
v -42.893 		-11.012 		1.598
v -67.332 		22.21 		1.503
v -54.289 		-15.614 		1.61
v 63.958 		-31.242 		4
v -38.949 		-10.227 		1.598
v -67.37 		22.277 		1.503
v 63.928 		-31.302 		4
v -54.731 		3.402 		1.828
v 63.896 		-31.359 		4
v -39.137 		-10.36 		1.598
v -54.723 		3.395 		1.809
v -67.405 		22.347 		1.503
v 63.86 		-31.415 		4
v -39.332 		-10.483 		1.598
v -67.436 		22.417 		1.503
v -39.533 		-10.597 		1.598
v -67.464 		22.49 		1.503
v -39.739 		-10.701 		1.598
v -54.327 		-15.571 		1.61
v -39.95 		-10.795 		1.598
v -40.166 		-10.878 		1.598
v -40.385 		-10.95 		1.598
v -40.607 		-11.012 		1.598
v 63.822 		-31.47 		4
v -54.734 		3.405 		1.848
v -40.833 		-11.062 		1.598
v 63.781 		-31.522 		4
v -54.353 		-15.524 		1.61
v -54.616 		3.443 		1.848
v 63.738 		-31.572 		4
v -54.614 		3.441 		1.828
v 63.692 		-31.62 		4
v -37.406 		-8.25 		1.598
v -37.499 		-8.461 		1.598
v 63.644 		-31.666 		4
v -37.603 		-8.667 		1.598
v -37.717 		-8.868 		1.598
v -37.84 		-9.063 		1.598
v -54.295 		3.076 		1.645
v -37.973 		-9.251 		1.598
v 64.087 		-30.73 		4
v -38.115 		-9.433 		1.598
v 64.082 		-30.797 		4
v 64.074 		-30.862 		4
v -38.266 		-9.608 		1.598
v 64.062 		-30.928 		4
v 64.048 		-30.993 		4
v -38.425 		-9.775 		1.598
v 64.03 		-31.057 		4
v 64.009 		-31.12 		4
v -38.592 		-9.934 		1.598
v -54.31 		-15.593 		1.61
v -38.767 		-10.085 		1.598
v 63.985 		-31.182 		4
v -66.056 		21.445 		1.503
v -66.134 		21.451 		1.503
v 64.009 		-30.208 		4
v 64.03 		-30.271 		4
v -66.21 		21.461 		1.503
v 64.048 		-30.335 		4
v -66.287 		21.474 		1.503
v 64.062 		-30.4 		4
v -54.342 		-15.548 		1.61
v -66.362 		21.491 		1.503
v 64.074 		-30.466 		4
v 64.082 		-30.531 		4
v 64.087 		-30.598 		4
v -66.437 		21.511 		1.503
v 64.088 		-30.664 		4
v -66.51 		21.536 		1.503
v 63.692 		-29.708 		4
v 63.738 		-29.756 		4
v 63.781 		-29.806 		4
v 63.822 		-29.858 		4
v 63.86 		-29.913 		4
v 63.896 		-29.969 		4
v -54.361 		-15.501 		1.61
v -65.596 		21.491 		1.503
v 63.928 		-30.026 		4
v 63.958 		-30.086 		4
v -65.671 		21.474 		1.503
v 63.985 		-30.146 		4
v -65.748 		21.461 		1.503
v 63.644 		-29.662 		4
v -65.824 		21.451 		1.503
v -54.492 		3.078 		1.657
v -65.902 		21.445 		1.503
v -54.419 		3.106 		1.657
v 63.706 		-28.049 		4
v -67.489 		22.563 		1.503
v 65.081 		-29.048 		4
v 64.472 		-28.439 		4
v 65.471 		-31.514 		4
v -67.509 		22.638 		1.503
v 65.606 		-30.664 		4
v 65.471 		-29.814 		4
v -67.526 		22.713 		1.503
v -54.367 		-15.452 		1.61
v 65.081 		-32.28 		4
v -67.539 		22.79 		1.503
v 61.24 		-32.889 		4
v -67.549 		22.866 		1.503
v 61.623 		-33.084 		4
v 62.006 		-33.279 		4
v 62.856 		-33.414 		4
v 63.706 		-33.279 		4
v 64.472 		-32.889 		4
v -67.555 		22.944 		1.503
v 62.6104 		-27.953 		1.855
v 61.623 		-27.953 		1.855
v 62.006 		-28.049 		1.855
v 62.6104 		-27.953 		1.598
v -54.388 		3.182 		1.671
v -54.343 		3.131 		1.657
v -67.555 		23.098 		1.503
v 61.623 		-28.244 		1.855
v -67.549 		23.176 		1.503
v -67.539 		23.252 		1.503
v 65.3423 		-32.044 		2.598
v -67.526 		23.329 		1.503
v -67.509 		23.404 		1.503
v 65.24 		-32.251 		2.598
v 65.022 		-32.578 		2.598
v -67.489 		23.479 		1.503
v 65.081 		-32.28 		2.598
v 64.593 		-32.768 		2.598
v -67.464 		23.552 		1.503
v 65.471 		-31.514 		1.855
v 65.2149 		-32.017 		1.855
v 65.2012 		-32.044 		1.855
v 65.2012 		-32.044 		2.598
v -67.436 		23.625 		1.503
v 65.606 		-30.664 		1.855
v -67.405 		23.695 		1.503
v 65.471 		-29.814 		1.855
v -67.37 		23.765 		1.503
v -54.471 		3.155 		1.671
v 65.081 		-29.048 		1.855
v -67.332 		23.832 		1.503
v 64.472 		-28.439 		1.855
v -67.291 		23.897 		1.503
v 63.625 		-27.953 		1.855
v -67.246 		23.961 		1.503
v 63.706 		-28.049 		1.855
v 64.088 		-28.2435 		1.855
v 63.625 		-27.953 		1.598
v -67.198 		24.022 		1.503
v 63.1016 		-27.953 		1.855
v 63.625 		-28.0361 		1.855
v -67.148 		24.08 		1.503
v 63.1016 		-27.953 		1.598
v -67.094 		24.136 		1.503
v -67.038 		24.19 		1.503
v -66.98 		24.24 		1.503
v -66.919 		24.288 		1.503
v -66.855 		24.333 		1.503
v -66.79 		24.374 		1.503
v -66.723 		24.412 		1.503
v -66.653 		24.447 		1.503
v -66.583 		24.478 		1.503
v -29.479 		11.63 		1.855
v -54.519 		3.201 		1.685
v -28.87 		11.021 		1.855
v -28.104 		10.631 		1.855
v -28.606 		10.8866 		1.855
v -27.254 		10.496 		1.855
v -26.404 		10.631 		1.855
v -26.377 		10.6448 		1.855
v -27.71 		11.973 		1.098
v -27.772 		11.996 		1.098
v -27.832 		12.023 		1.098
v -54.43 		3.23 		1.685
v -27.892 		12.053 		1.098
v -66.51 		24.506 		1.503
v -27.949 		12.086 		1.098
v -28.005 		12.121 		1.098
v -66.437 		24.531 		1.503
v -28.06 		12.16 		1.098
v -54.337 		3.255 		1.685
v -28.112 		12.201 		1.098
v -66.362 		24.551 		1.503
v -54.302 		3.206 		1.671
v -28.162 		12.244 		1.098
v -54.492 		-15.482 		1.617
v -66.287 		24.568 		1.503
v -54.366 		-15.477 		1.61
v -27.188 		11.895 		1.098
v -27.254 		11.893 		1.098
v -27.32 		11.895 		1.098
v -65.671 		24.568 		1.503
v -27.387 		11.9 		1.098
v -65.596 		24.551 		1.503
v -27.452 		11.908 		1.098
v -27.518 		11.919 		1.098
v -27.583 		11.934 		1.098
v -27.647 		11.952 		1.098
v -54.467 		3.273 		1.701
v -26.676 		12.023 		1.098
v -26.736 		11.996 		1.098
v -54.494 		-15.452 		1.617
v -64.81 		21.962 		1.503
v -26.798 		11.973 		1.098
v -26.861 		11.952 		1.098
v -26.925 		11.934 		1.098
v -64.864 		21.906 		1.503
v -26.99 		11.919 		1.098
v -27.056 		11.908 		1.098
v -64.92 		21.852 		1.503
v -27.121 		11.9 		1.098
v -54.501 		3.312 		1.717
v -64.978 		21.802 		1.503
v -26.346 		12.244 		1.098
v -26.396 		12.201 		1.098
v -65.039 		21.754 		1.503
v -54.368 		3.3 		1.701
v -26.448 		12.16 		1.098
v -26.503 		12.121 		1.098
v -65.103 		21.709 		1.503
v -26.559 		12.086 		1.098
v -26.616 		12.053 		1.098
v -65.168 		21.668 		1.503
v -65.235 		21.63 		1.503
v -65.305 		21.595 		1.503
v -54.066 		-16.295 		1.717
v -65.375 		21.564 		1.503
v -65.448 		21.536 		1.503
v -65.521 		21.511 		1.503
v -54.194 		-16.319 		1.734
v -54.179 		-16.282 		1.717
v -64.522 		22.417 		1.503
v -64.553 		22.347 		1.503
v -64.588 		22.277 		1.503
v -64.626 		22.21 		1.503
v -64.667 		22.145 		1.503
v -54.444 		3.406 		1.752
v -64.712 		22.081 		1.503
v -54.422 		3.376 		1.734
v -64.76 		22.02 		1.503
v -54.085 		-16.365 		1.752
v -54.077 		-16.333 		1.734
v -54.462 		3.431 		1.77
v -54.476 		3.451 		1.789
v -54.397 		3.34 		1.717
v -54.289 		3.363 		1.717
v -64.494 		22.49 		1.503
v -64.494 		23.552 		1.503
v -64.469 		23.479 		1.503
v -54.327 		3.431 		1.752
v -54.218 		-16.377 		1.77
v -64.449 		23.404 		1.503
v -54.31 		3.4 		1.734
v -54.207 		-16.351 		1.752
v -64.432 		23.329 		1.503
v -64.419 		23.252 		1.503
v -64.409 		23.176 		1.503
v -64.403 		23.098 		1.503
v -64.403 		22.944 		1.503
v -64.409 		22.866 		1.503
v 70.999 		19.896 		1.855
v -64.419 		22.79 		1.503
v -54.353 		3.477 		1.789
v -54.342 		3.457 		1.77
v -64.432 		22.713 		1.503
v -64.449 		22.638 		1.503
v -54.121 		-16.14 		1.671
v -64.469 		22.563 		1.503
v -54.042 		-16.203 		1.685
v -64.76 		24.022 		1.503
v -54.027 		-16.151 		1.671
v -64.712 		23.961 		1.503
v -64.667 		23.897 		1.503
v -54.486 		3.465 		1.809
v -64.626 		23.832 		1.503
v -64.588 		23.765 		1.503
v -64.553 		23.695 		1.503
v -54.24 		-16.176 		1.685
v -64.522 		23.625 		1.503
v -65.521 		24.531 		1.503
v -54.492 		3.474 		1.828
v -65.448 		24.506 		1.503
v -54.055 		-16.252 		1.701
v -54.366 		3.501 		1.828
v -54.361 		3.492 		1.809
v -65.375 		24.478 		1.503
v -54.161 		-16.239 		1.701
v -54.142 		-16.192 		1.685
v -65.305 		24.447 		1.503
v -65.235 		24.412 		1.503
v -65.168 		24.374 		1.503
v -54.494 		3.476 		1.848
v -54.367 		3.504 		1.848
v -65.103 		24.333 		1.503
v -65.039 		24.288 		1.503
v -64.978 		24.24 		1.503
v -64.92 		24.19 		1.503
v -54.106 		2.552 		1.601
v -64.864 		24.136 		1.503
v -64.81 		24.08 		1.503
v -54.266 		-16.222 		1.701
v -54.238 		2.552 		1.604
v -53.837 		-16.261 		1.701
v -53.837 		-16.305 		1.717
v 66.516 		21.962 		1.503
v -53.952 		-16.302 		1.717
v -53.946 		-16.259 		1.701
v 66.466 		22.02 		1.503
v 66.418 		22.081 		1.503
v 66.373 		22.145 		1.503
v 66.332 		22.21 		1.503
v -53.837 		-16.343 		1.734
v -53.957 		-16.341 		1.734
v -53.837 		-16.376 		1.752
v -54.237 		2.571 		1.604
v -66.21 		24.581 		1.503
v -66.134 		24.591 		1.503
v -54.233 		2.589 		1.604
v 66.294 		22.277 		1.503
v -66.056 		24.597 		1.503
v 66.259 		22.347 		1.503
v 66.228 		22.417 		1.503
v -53.962 		-16.374 		1.752
v 66.2 		22.49 		1.503
v -65.902 		24.597 		1.503
v -65.824 		24.591 		1.503
v -54.218 		2.624 		1.604
v -65.748 		24.581 		1.503
v 67.53 		21.451 		1.503
v 67.454 		21.461 		1.503
v -53.837 		-16.16 		1.671
v 67.377 		21.474 		1.503
v -53.933 		-16.157 		1.671
v -54.227 		2.607 		1.604
v -53.837 		-16.213 		1.685
v -53.94 		-16.211 		1.685
v 67.302 		21.491 		1.503
v 67.227 		21.511 		1.503
v 67.154 		21.536 		1.503
v 67.081 		21.564 		1.503
v 67.011 		21.595 		1.503
v 66.941 		21.63 		1.503
v -54.194 		2.658 		1.604
v 66.874 		21.668 		1.503
v 66.809 		21.709 		1.503
v -54.149 		-16.011 		1.645
v 66.745 		21.754 		1.503
v 66.684 		21.802 		1.503
v 66.626 		21.852 		1.503
v -54.073 		-16.024 		1.645
v 66.57 		21.906 		1.503
v -54.182 		-16.07 		1.657
v -54.207 		2.642 		1.604
v 66.175 		22.563 		1.503
v 66.155 		22.638 		1.503
v -54.264 		-16.052 		1.657
v 66.138 		22.713 		1.503
v 66.125 		22.79 		1.503
v 66.115 		22.866 		1.503
v 66.109 		22.944 		1.503
v -54.179 		2.674 		1.604
v -54.098 		-16.084 		1.657
v -54.105 		2.565 		1.601
v -54.102 		2.577 		1.601
v -54.212 		-16.125 		1.671
v -54.098 		2.589 		1.601
v -54.085 		2.612 		1.601
v -54.019 		-15.894 		1.625
v -54.078 		-15.884 		1.625
v -54.047 		-15.96 		1.634
v 60.081 		18.846 		4
v 60.081 		17.146 		4
v 76 		-44 		6.5
v 76 		-44 		0
v -54.135 		-15.872 		1.625
v 74.25 		-42.25 		6.5
v 74.25 		-42.25 		8.5
v 72.753 		-40.753 		8.5
v -54.244 		-15.918 		1.634
v 72.753 		-40.753 		6.5
v 66.109 		23.098 		1.503
v 64.026 		-39.007 		1.855
v 62.856 		-33.414 		1.855
v 66.115 		23.176 		1.503
v 61.623 		-38.95 		1.855
v 64.026 		-39.007 		6.5
v 61.623 		-38.95 		4
v -54.114 		-15.949 		1.634
v 66.125 		23.252 		1.503
v 66.138 		23.329 		1.503
v 66.155 		23.404 		1.503
v 66.175 		23.479 		1.503
v 66.2 		23.552 		1.503
v -54.223 		-15.995 		1.645
v 66.228 		23.625 		1.503
v 66.259 		23.695 		1.503
v 66.294 		23.765 		1.503
v 66.332 		23.832 		1.503
v 66.373 		23.897 		1.503
v 66.418 		23.961 		1.503
v 66.466 		24.022 		1.503
v 66.516 		24.08 		1.503
v 66.57 		24.136 		1.503
v 66.626 		24.19 		1.503
v 66.684 		24.24 		1.503
v 66.745 		24.288 		1.503
v -54.093 		2.601 		1.601
v 66.809 		24.333 		1.503
v 66.874 		24.374 		1.503
v 66.941 		24.412 		1.503
v 67.011 		24.447 		1.503
v 67.081 		24.478 		1.503
v 67.154 		24.506 		1.503
v 67.227 		24.531 		1.503
v 67.302 		24.551 		1.503
v 67.377 		24.568 		1.503
v 67.608 		21.445 		1.503
v -54.18 		-15.935 		1.634
v 68.068 		21.491 		1.503
v 67.993 		21.474 		1.503
v -53.837 		-16.04 		1.645
v -53.917 		-16.038 		1.645
v -54.077 		2.623 		1.601
v -54.066 		2.634 		1.601
v -53.837 		-16.102 		1.657
v -54.012 		-16.094 		1.657
v -53.995 		-16.033 		1.645
v -54.042 		2.654 		1.601
v -54.027 		2.663 		1.601
v -53.925 		-16.1 		1.657
v -54.055 		2.644 		1.601
v -53.837 		-15.906 		1.625
v -53.837 		-15.975 		1.634
v -53.908 		-15.973 		1.634
v -53.899 		-15.905 		1.625
v -54.161 		2.689 		1.604
v -54.361 		-16.392 		1.809
v -53.978 		-15.968 		1.634
v -54.366 		-16.401 		1.828
v -53.959 		-15.901 		1.625
v -54.367 		-16.404 		1.848
v -54.266 		2.734 		1.61
v -54.093 		-16.392 		1.77
v -54.098 		-16.413 		1.789
v -54.227 		-16.398 		1.789
v -54.102 		-16.428 		1.809
v -54.233 		-16.413 		1.809
v -54.105 		-16.437 		1.828
v -54.237 		-16.422 		1.828
v -54.106 		-16.44 		1.848
v -54.238 		-16.425 		1.848
v -54.135 		-15.793 		1.617
v -53.837 		-16.404 		1.77
v -53.965 		-16.401 		1.77
v -53.837 		-16.425 		1.789
v -54.223 		-15.762 		1.617
v 67.916 		21.461 		1.503
v -53.968 		-16.422 		1.789
v 67.84 		21.451 		1.503
v 67.762 		21.445 		1.503
v 68.561 		21.709 		1.503
v 68.496 		21.668 		1.503
v -53.837 		-16.44 		1.809
v -53.97 		-16.437 		1.809
v -53.837 		-16.449 		1.828
v -54.04 		-15.816 		1.617
v -53.972 		-16.449 		1.848
v -53.972 		-16.446 		1.828
v -54.089 		-15.806 		1.617
v -54.191 		-15.857 		1.625
v -54.244 		-15.839 		1.625
v 68.429 		21.63 		1.503
v 68.359 		21.595 		1.503
v 68.289 		21.564 		1.503
v 68.216 		21.536 		1.503
v 68.143 		21.511 		1.503
v -55.323 		-15.894 		1.789
v 69.17 		22.49 		1.503
v 69.142 		22.417 		1.503
v 69.111 		22.347 		1.503
v -55.347 		-15.901 		1.809
v 69.076 		22.277 		1.503
v 69.038 		22.21 		1.503
v 68.997 		22.145 		1.503
v 68.952 		22.081 		1.503
v 68.904 		22.02 		1.503
v 68.854 		21.962 		1.503
v -55.3 		-15.975 		1.848
v 68.8 		21.906 		1.503
v -55.366 		-15.906 		1.848
v 68.744 		21.852 		1.503
v -55.361 		-15.905 		1.828
v 68.686 		21.802 		1.503
v 68.625 		21.754 		1.503
v -54.18 		-15.779 		1.617
v 69.17 		23.552 		1.503
v 69.195 		23.479 		1.503
v 69.215 		23.404 		1.503
v 69.232 		23.329 		1.503
v -55.344 		-15.816 		1.77
v 69.245 		23.252 		1.503
v -55.301 		-15.806 		1.752
v 69.255 		23.176 		1.503
v 69.261 		23.098 		1.503
v -55.389 		-15.746 		1.77
v 69.261 		22.944 		1.503
v 69.255 		22.866 		1.503
v -55.378 		-15.824 		1.789
v 69.245 		22.79 		1.503
v -55.424 		-15.753 		1.789
v 69.232 		22.713 		1.503
v 69.215 		22.638 		1.503
v 69.195 		22.563 		1.503
v 67.993 		24.568 		1.503
v 68.068 		24.551 		1.503
v -55.323 		-15.66 		1.734
v 68.143 		24.531 		1.503
v 68.216 		24.506 		1.503
v -54.24 		2.753 		1.61
v 68.289 		24.478 		1.503
v 68.359 		24.447 		1.503
v -55.344 		-15.738 		1.752
v -55.378 		-15.668 		1.752
v -54.149 		2.802 		1.61
v 61.424 		-30.993 		1.098
v 61.409 		-30.928 		1.098
v 61.398 		-30.862 		1.098
v 61.39 		-30.797 		1.098
v 61.385 		-30.73 		1.098
v -55.459 		-15.679 		1.789
v 62.407 		-31.976 		1.098
v -55.424 		-15.674 		1.77
v 62.343 		-31.958 		1.098
v -54.212 		2.771 		1.61
v 62.28 		-31.937 		1.098
v -54.149 		-15.702 		1.61
v 62.218 		-31.914 		1.098
v 62.157 		-31.887 		1.098
v 62.098 		-31.857 		1.098
v 62.04 		-31.824 		1.098
v 61.984 		-31.789 		1.098
v -54.182 		2.787 		1.61
v 61.93 		-31.75 		1.098
v -54.212 		-15.671 		1.61
v 61.878 		-31.709 		1.098
v 61.827 		-31.666 		1.098
v -54.24 		-15.653 		1.61
v 61.779 		-31.62 		1.098
v -55.402 		-15.83 		1.809
v 61.734 		-31.572 		1.098
v 61.69 		-31.522 		1.098
v 61.649 		-31.47 		1.098
v 61.611 		-31.415 		1.098
v 61.576 		-31.359 		1.098
v -55.485 		-15.683 		1.809
v -54.142 		2.704 		1.604
v 61.543 		-31.302 		1.098
v 61.513 		-31.242 		1.098
v -54.121 		2.717 		1.604
v 61.486 		-31.182 		1.098
v -54.264 		-15.743 		1.617
v 61.462 		-31.12 		1.098
v -55.417 		-15.834 		1.828
v 61.441 		-31.057 		1.098
v 68.429 		24.412 		1.503
v -55.464 		-15.76 		1.828
v 68.496 		24.374 		1.503
v -55.449 		-15.758 		1.809
v -54.073 		2.741 		1.604
v 62.934 		-32.002 		1.098
v 68.561 		24.333 		1.503
v 62.868 		-32.01 		1.098
v 62.802 		-32.015 		1.098
v -55.5 		-15.685 		1.828
v -54.047 		2.751 		1.604
v 62.736 		-32.017 		1.098
v 68.625 		24.288 		1.503
v 62.669 		-32.015 		1.098
v 62.603 		-32.01 		1.098
v -54.019 		2.76 		1.604
v 68.686 		24.24 		1.503
v 62.537 		-32.002 		1.098
v -55.422 		-15.835 		1.848
v 62.472 		-31.991 		1.098
v 68.744 		24.19 		1.503
v -55.469 		-15.761 		1.848
v -55.505 		-15.686 		1.848
v 68.8 		24.136 		1.503
v 63.487 		-31.789 		1.098
v 68.854 		24.08 		1.503
v 63.431 		-31.824 		1.098
v 63.373 		-31.857 		1.098
v 68.904 		24.022 		1.503
v 63.314 		-31.887 		1.098
v 68.952 		23.961 		1.503
v 63.253 		-31.914 		1.098
v -54.098 		2.73 		1.604
v 63.191 		-31.937 		1.098
v 68.997 		23.897 		1.503
v 63.128 		-31.958 		1.098
v 69.038 		23.832 		1.503
v 63.064 		-31.976 		1.098
v 69.076 		23.765 		1.503
v 63 		-31.991 		1.098
v -55.361 		-15.522 		1.734
v 69.111 		23.695 		1.503
v 63.541 		-31.75 		1.098
v 69.142 		23.625 		1.503
v 63.594 		-31.709 		1.098
v -54.114 		2.816 		1.61
v 61.383 		-30.664 		1.098
v 67.454 		24.581 		1.503
v 61.385 		-30.598 		1.098
v 61.39 		-30.531 		1.098
v 67.53 		24.591 		1.503
v -55.402 		-15.597 		1.752
v 61.398 		-30.466 		1.098
v -55.347 		-15.592 		1.734
v 67.608 		24.597 		1.503
v 61.409 		-30.4 		1.098
v 61.424 		-30.335 		1.098
v -54.182 		-15.687 		1.61
v 65.403 		-37.731 		0
v 65.194 		-37.418 		0
v 65.028 		-37.08 		0
v 67.31 		-38.832 		0
v 67.686 		-38.857 		0
v 66.941 		-38.758 		0
v 66.585 		-38.637 		0
v 66.247 		-38.471 		0
v 65.934 		-38.262 		0
v 65.651 		-38.014 		0
v 69.438 		-38.262 		0
v -55.449 		-15.601 		1.77
v 69.125 		-38.471 		0
v 68.787 		-38.637 		0
v 61.441 		-30.271 		1.098
v 68.431 		-38.758 		0
v 68.062 		-38.832 		0
v -55.417 		-15.525 		1.752
v 61.462 		-30.208 		1.098
v 70.344 		-37.08 		0
v 70.178 		-37.418 		0
v 61.486 		-30.146 		1.098
v 69.969 		-37.731 		0
v 69.721 		-38.014 		0
v 61.513 		-30.086 		1.098
v 64.907 		-36.724 		0
v 61.543 		-30.026 		1.098
v 64.833 		-36.355 		0
v 64.809 		-35.979 		0
v 61.576 		-29.969 		1.098
v 64.833 		-35.603 		0
v 64.907 		-35.234 		0
v 65.028 		-34.878 		0
v 61.611 		-29.913 		1.098
v 65.194 		-34.54 		0
v 65.403 		-34.227 		0
v 61.649 		-29.858 		1.098
v 65.651 		-33.944 		0
v 61.69 		-29.806 		1.098
v 65.934 		-33.696 		0
v -55.485 		-15.604 		1.789
v 66.247 		-33.487 		0
v 61.734 		-29.756 		1.098
v 61.779 		-29.708 		1.098
v 69.125 		-33.487 		0
v -55.464 		-15.527 		1.77
v 69.438 		-33.696 		0
v 61.827 		-29.662 		1.098
v 69.721 		-33.944 		0
v 69.969 		-34.227 		0
v 70.178 		-34.54 		0
v 61.878 		-29.619 		1.098
v 70.344 		-34.878 		0
v 70.465 		-35.234 		0
v 61.93 		-29.578 		1.098
v 70.539 		-35.603 		0
v 70.564 		-35.979 		0
v 70.539 		-36.355 		0
v 70.465 		-36.724 		0
v 67.762 		24.597 		1.503
v 67.84 		24.591 		1.503
v 67.916 		24.581 		1.503
v -54.266 		-15.634 		1.61
v 65.403 		-37.731 		1.503
v -55.5 		-15.529 		1.789
v 65.194 		-37.418 		1.503
v 65.028 		-37.08 		1.503
v 67.31 		-38.832 		1.503
v 67.686 		-38.857 		1.503
v 66.941 		-38.758 		1.503
v 66.585 		-38.637 		1.503
v 66.247 		-38.471 		1.503
v 65.934 		-38.262 		1.503
v 65.651 		-38.014 		1.503
v 69.438 		-38.262 		1.503
v 69.125 		-38.471 		1.503
v 68.787 		-38.637 		1.503
v -54.04 		-15.738 		1.61
v 68.431 		-38.758 		1.503
v 68.062 		-38.832 		1.503
v 70.344 		-37.08 		1.503
v 70.178 		-37.418 		1.503
v 69.969 		-37.731 		1.503
v 69.721 		-38.014 		1.503
v 64.907 		-36.724 		1.503
v -55.3 		-15.452 		1.717
v 64.833 		-36.355 		1.503
v 64.809 		-35.979 		1.503
v -54.114 		-15.716 		1.61
v 64.833 		-35.603 		1.503
v 64.907 		-35.234 		1.503
v 65.028 		-34.878 		1.503
v 65.194 		-34.54 		1.503
v 65.403 		-34.227 		1.503
v 65.651 		-33.944 		1.503
v 65.934 		-33.696 		1.503
v 66.247 		-33.487 		1.503
v 69.125 		-33.487 		1.503
v -55.366 		-15.452 		1.734
v 69.438 		-33.696 		1.503
v 69.721 		-33.944 		1.503
v 69.969 		-34.227 		1.503
v 70.178 		-34.54 		1.503
v 70.344 		-34.878 		1.503
v 70.465 		-35.234 		1.503
v 70.539 		-35.603 		1.503
v 70.564 		-35.979 		1.503
v 70.539 		-36.355 		1.503
v 70.465 		-36.724 		1.503
v -55.422 		-15.452 		1.752
v 66.517 		-37.038 		1.503
v 66.467 		-36.98 		1.503
v 66.419 		-36.919 		1.503
v 67.012 		-37.405 		1.503
v 61.984 		-29.539 		1.098
v 62.04 		-29.504 		1.098
v 62.098 		-29.471 		1.098
v 62.157 		-29.441 		1.098
v 62.218 		-29.414 		1.098
v 62.28 		-29.391 		1.098
v 62.343 		-29.37 		1.098
v 62.407 		-29.352 		1.098
v 62.802 		-29.313 		1.098
v 62.736 		-29.312 		1.098
v 62.868 		-29.318 		1.098
v 62.934 		-29.326 		1.098
v 62.472 		-29.337 		1.098
v 62.537 		-29.326 		1.098
v 62.603 		-29.318 		1.098
v 62.669 		-29.313 		1.098
v 63 		-29.337 		1.098
v 63.064 		-29.352 		1.098
v 63.128 		-29.37 		1.098
v 63.191 		-29.391 		1.098
v 66.942 		-37.37 		1.503
v 66.875 		-37.332 		1.503
v 66.81 		-37.291 		1.503
v 66.746 		-37.246 		1.503
v 66.685 		-37.198 		1.503
v 66.627 		-37.148 		1.503
v 66.571 		-37.094 		1.503
v 67.531 		-37.549 		1.503
v 67.455 		-37.539 		1.503
v 67.378 		-37.526 		1.503
v 67.303 		-37.509 		1.503
v 67.228 		-37.489 		1.503
v 67.155 		-37.464 		1.503
v -54.012 		2.671 		1.601
v 63.253 		-29.414 		1.098
v 63.314 		-29.441 		1.098
v 63.373 		-29.471 		1.098
v 63.431 		-29.504 		1.098
v -54.078 		-15.728 		1.61
v 63.487 		-29.539 		1.098
v 63.541 		-29.578 		1.098
v 63.594 		-29.619 		1.098
v -54.019 		-15.66 		1.604
v -53.995 		2.679 		1.601
v -54.121 		-15.617 		1.604
v 67.082 		-37.436 		1.503
v 67.609 		-37.555 		1.503
v 67.686 		-37.557 		1.503
v 68.069 		-37.509 		1.503
v -53.978 		2.686 		1.601
v 67.994 		-37.526 		1.503
v 67.917 		-37.539 		1.503
v 67.841 		-37.549 		1.503
v 67.763 		-37.555 		1.503
v 68.562 		-37.291 		1.503
v 68.497 		-37.332 		1.503
v 68.43 		-37.37 		1.503
v 68.36 		-37.405 		1.503
v 68.29 		-37.436 		1.503
v 68.217 		-37.464 		1.503
v 68.144 		-37.489 		1.503
v 68.953 		-36.919 		1.503
v 68.905 		-36.98 		1.503
v 68.855 		-37.038 		1.503
v 68.801 		-37.094 		1.503
v 68.745 		-37.148 		1.503
v 68.687 		-37.198 		1.503
v -53.959 		2.692 		1.601
v 68.626 		-37.246 		1.503
v -53.94 		2.697 		1.601
v 66.374 		-36.855 		1.503
v 63.958 		-31.242 		1.098
v 66.333 		-36.79 		1.503
v -53.92 		2.701 		1.601
v 66.295 		-36.723 		1.503
v 66.26 		-36.653 		1.503
v -53.9 		2.704 		1.601
v 66.229 		-36.583 		1.503
v 66.201 		-36.51 		1.503
v 66.176 		-36.437 		1.503
v 66.156 		-36.362 		1.503
v -54.047 		-15.651 		1.604
v 66.139 		-36.287 		1.503
v 66.126 		-36.21 		1.503
v 66.116 		-36.134 		1.503
v 66.11 		-36.056 		1.503
v 63.928 		-31.302 		1.098
v 66.109 		-35.979 		1.503
v 63.896 		-31.359 		1.098
v 66.11 		-35.902 		1.503
v 63.86 		-31.415 		1.098
v 66.116 		-35.824 		1.503
v 63.822 		-31.47 		1.098
v 66.126 		-35.748 		1.503
v 63.781 		-31.522 		1.098
v 66.139 		-35.671 		1.503
v 63.738 		-31.572 		1.098
v 66.156 		-35.596 		1.503
v 66.176 		-35.521 		1.503
v 63.692 		-31.62 		1.098
v -54.073 		-15.641 		1.604
v -54.098 		-15.63 		1.604
v -53.991 		2.768 		1.604
v -53.961 		2.774 		1.604
v -53.931 		2.779 		1.604
v 63.644 		-31.666 		1.098
v 66.201 		-35.448 		1.503
v 64.087 		-30.73 		1.098
v 66.229 		-35.375 		1.503
v 64.082 		-30.797 		1.098
v -53.961 		-15.753 		1.61
v 64.074 		-30.862 		1.098
v 66.26 		-35.305 		1.503
v 64.062 		-30.928 		1.098
v 66.295 		-35.235 		1.503
v 64.048 		-30.993 		1.098
v 66.333 		-35.168 		1.503
v -54.001 		-15.746 		1.61
v 64.03 		-31.057 		1.098
v 66.374 		-35.103 		1.503
v 66.419 		-35.039 		1.503
v 64.009 		-31.12 		1.098
v 66.467 		-34.978 		1.503
v 63.985 		-31.182 		1.098
v 66.517 		-34.92 		1.503
v -53.889 		-15.834 		1.617
v 64.009 		-30.208 		1.098
v 64.03 		-30.271 		1.098
v 66.571 		-34.864 		1.503
v 64.048 		-30.335 		1.098
v -53.94 		-15.83 		1.617
v 64.062 		-30.4 		1.098
v 66.627 		-34.81 		1.503
v 64.074 		-30.466 		1.098
v -53.92 		-15.758 		1.61
v 66.685 		-34.76 		1.503
v 64.082 		-30.531 		1.098
v 66.746 		-34.712 		1.503
v 64.087 		-30.598 		1.098
v 66.81 		-34.667 		1.503
v 64.088 		-30.664 		1.098
v 66.875 		-34.626 		1.503
v 66.942 		-34.588 		1.503
v 67.012 		-34.553 		1.503
v -53.991 		-15.824 		1.617
v 63.692 		-29.708 		1.098
v 67.082 		-34.522 		1.503
v 67.155 		-34.494 		1.503
v 67.228 		-34.469 		1.503
v 67.303 		-34.449 		1.503
v 67.378 		-34.432 		1.503
v 67.455 		-34.419 		1.503
v 67.531 		-34.409 		1.503
v 69.216 		-36.362 		1.503
v 69.196 		-36.437 		1.503
v 69.171 		-36.51 		1.503
v 69.143 		-36.583 		1.503
v -53.9 		2.783 		1.604
v 69.112 		-36.653 		1.503
v 69.077 		-36.723 		1.503
v 69.039 		-36.79 		1.503
v 68.998 		-36.855 		1.503
v 69.262 		-35.902 		1.503
v 69.264 		-35.979 		1.503
v 69.262 		-36.056 		1.503
v 69.256 		-36.134 		1.503
v -53.879 		2.707 		1.601
v 69.246 		-36.21 		1.503
v -53.837 		-15.761 		1.61
v 69.233 		-36.287 		1.503
v -53.879 		-15.76 		1.61
v -53.859 		2.708 		1.601
v 69.143 		-35.375 		1.503
v 69.171 		-35.448 		1.503
v 69.196 		-35.521 		1.503
v -53.837 		-15.835 		1.617
v 69.216 		-35.596 		1.503
v 69.233 		-35.671 		1.503
v 69.246 		-35.748 		1.503
v 69.256 		-35.824 		1.503
v -53.869 		2.785 		1.604
v 68.801 		-34.864 		1.503
v 68.855 		-34.92 		1.503
v 68.905 		-34.978 		1.503
v 68.953 		-35.039 		1.503
v -53.837 		2.709 		1.601
v 68.998 		-35.103 		1.503
v 69.039 		-35.168 		1.503
v -53.9 		-15.683 		1.604
v 69.077 		-35.235 		1.503
v 69.112 		-35.305 		1.503
v -53.931 		-15.679 		1.604
v 67.609 		-34.403 		1.503
v 67.686 		-34.402 		1.503
v 67.763 		-34.403 		1.503
v 67.841 		-34.409 		1.503
v 67.917 		-34.419 		1.503
v 67.994 		-34.432 		1.503
v -53.837 		2.786 		1.604
v 68.069 		-34.449 		1.503
v 68.144 		-34.469 		1.503
v 68.217 		-34.494 		1.503
v 68.29 		-34.522 		1.503
v 68.36 		-34.553 		1.503
v 68.43 		-34.588 		1.503
v 68.497 		-34.626 		1.503
v -54.264 		2.843 		1.617
v 68.562 		-34.667 		1.503
v 68.626 		-34.712 		1.503
v 68.687 		-34.76 		1.503
v 68.745 		-34.81 		1.503
v -54.223 		2.862 		1.617
v -53.961 		-15.674 		1.604
v -54.244 		2.939 		1.625
v -54.18 		2.879 		1.617
v -53.991 		-15.668 		1.604
v 63.738 		-29.756 		1.098
v 63.781 		-29.806 		1.098
v 63.822 		-29.858 		1.098
v 63.86 		-29.913 		1.098
v -53.837 		-15.686 		1.604
v 63.896 		-29.969 		1.098
v -53.869 		-15.685 		1.604
v 63.928 		-30.026 		1.098
v 63.958 		-30.086 		1.098
v 63.985 		-30.146 		1.098
v -54.04 		2.838 		1.61
v 63.644 		-29.662 		1.098
v -54.135 		2.893 		1.617
v -54.078 		2.828 		1.61
v -54.04 		2.916 		1.617
v -54.161 		-15.59 		1.604
v -54.179 		-15.574 		1.604
v -54.089 		2.906 		1.617
v -54.194 		-15.558 		1.604
v -54.078 		2.984 		1.625
v -54.207 		-15.542 		1.604
v -54.244 		3.018 		1.634
v -54.191 		2.957 		1.625
v -54.218 		-15.524 		1.604
v -54.135 		2.972 		1.625
v -54.233 		-15.489 		1.604
v -54.227 		-15.507 		1.604
v -54.114 		3.049 		1.634
v -54.047 		3.06 		1.634
v -54.019 		2.994 		1.625
v -54.027 		-15.563 		1.601
v -54.142 		-15.604 		1.604
v -54.042 		-15.554 		1.601
v -54.18 		3.035 		1.634
v -54.055 		-15.544 		1.601
v -54.066 		-15.534 		1.601
v -54.085 		-15.512 		1.601
v -54.098 		-15.489 		1.601
v -54.077 		-15.523 		1.601
v -54.093 		-15.501 		1.601
v -54.102 		-15.477 		1.601
v -54.105 		-15.465 		1.601
v -54.106 		-15.452 		1.601
v -54.237 		-15.471 		1.604
v -54.238 		-15.452 		1.604
v -53.995 		-15.579 		1.601
v -54.012 		-15.571 		1.601
v -53.959 		-15.592 		1.601
v -53.978 		-15.586 		1.601
v -53.9 		-15.604 		1.601
v -53.94 		-15.597 		1.601
v -53.92 		-15.601 		1.601
v 62.006 		-33.279 		1.855
v 61.623 		-33.084 		1.855
v 63.706 		-33.279 		1.855
v 64.026 		-33.4068 		2.598
v 64.141 		-33.35 		2.598
v 64.026 		-33.1161 		1.855
v 64.026 		-33.1161 		2.598
v 64.763 		-32.873 		2.598
v 64.467 		-33.132 		2.598
v 64.472 		-32.889 		2.598
v -53.837 		-15.609 		1.601
v -53.859 		-15.608 		1.601
v -53.879 		-15.607 		1.601
v -67.418 		-33.487 		1.503
v -67.08 		-33.321 		1.503
v -66.724 		-33.2 		1.503
v -66.355 		-33.126 		1.503
v -65.979 		-33.102 		1.503
v -65.603 		-33.126 		1.503
v -65.234 		-33.2 		1.503
v -64.878 		-33.321 		1.503
v -64.54 		-33.487 		1.503
v -63.321 		-37.08 		1.503
v -63.487 		-37.418 		1.503
v -64.227 		-33.696 		1.503
v -63.944 		-33.944 		1.503
v -63.696 		-34.227 		1.503
v -63.487 		-34.54 		1.503
v -63.321 		-34.878 		1.503
v -63.2 		-35.234 		1.503
v -63.126 		-35.603 		1.503
v -63.101 		-35.979 		1.503
v -63.126 		-36.355 		1.503
v -63.2 		-36.724 		1.503
v -66.355 		-38.832 		1.503
v -65.979 		-38.857 		1.503
v -66.724 		-38.758 		1.503
v -67.08 		-38.637 		1.503
v -67.418 		-38.471 		1.503
v -65.603 		-38.832 		1.503
v -63.696 		-37.731 		1.503
v -63.944 		-38.014 		1.503
v -64.227 		-38.262 		1.503
v -64.54 		-38.471 		1.503
v -64.878 		-38.637 		1.503
v -65.234 		-38.758 		1.503
v -67.731 		-38.262 		1.503
v -68.014 		-38.014 		1.503
v -68.262 		-37.731 		1.503
v -68.471 		-37.418 		1.503
v -68.637 		-37.08 		1.503
v -68.758 		-36.724 		1.503
v -68.832 		-36.355 		1.503
v -68.857 		-35.979 		1.503
v -68.832 		-35.603 		1.503
v -68.758 		-35.234 		1.503
v -68.637 		-34.878 		1.503
v -68.471 		-34.54 		1.503
v -68.262 		-34.227 		1.503
v -68.014 		-33.944 		1.503
v -67.731 		-33.696 		1.503
v -26.377 		-38.95 		1.855
v -26.377 		-38.95 		4
v -23.903 		-34.328 		4
v 59.603 		-34.328 		4
v -22.434 		-31.432 		0
v 52.011 		-31.432 		0
v -22.434 		-31.432 		1.598
v 52.011 		-31.432 		1.598
v -23.903 		-34.328 		1.598
v 59.603 		-34.328 		1.598
v -23.903 		3.552 		4
v -23.903 		-16.453 		4
v -24.504 		-25.504 		4
v 59.603 		-27.953 		4
v -23.903 		2.631 		1.598
v -23.903 		-15.531 		1.598
v -23.903 		-16.404 		1.77
v -23.903 		-16.425 		1.789
v -23.903 		-16.44 		1.809
v -23.903 		-16.449 		1.828
v -23.903 		-16.453 		1.848
v -23.903 		-15.906 		1.625
v -23.903 		-15.975 		1.634
v -23.903 		-16.04 		1.645
v -23.903 		-16.102 		1.657
v -23.903 		-16.16 		1.671
v -23.903 		-16.213 		1.685
v -23.903 		-16.261 		1.701
v -23.903 		-16.305 		1.717
v -23.903 		-16.343 		1.734
v -23.903 		-16.376 		1.752
v -23.903 		-15.609 		1.601
v -23.903 		-15.686 		1.604
v -23.903 		-15.761 		1.61
v -23.903 		-15.835 		1.617
v -23.903 		2.709 		1.601
v -23.903 		2.786 		1.604
v -23.903 		2.861 		1.61
v -23.903 		2.935 		1.617
v -23.903 		3.006 		1.625
v -23.903 		3.075 		1.634
v -23.903 		3.14 		1.645
v -23.903 		3.202 		1.657
v -23.903 		3.26 		1.671
v -23.903 		3.313 		1.685
v -23.903 		3.361 		1.701
v -23.903 		3.405 		1.717
v -23.903 		3.443 		1.734
v -23.903 		3.476 		1.752
v -23.903 		3.504 		1.77
v -23.903 		3.525 		1.789
v -23.903 		3.54 		1.809
v -23.903 		3.549 		1.828
v -23.903 		3.552 		1.848
v 59.603 		-27.953 		1.598
v -26.377 		3.552 		1.855
v -26.377 		-16.453 		1.855
v -26.377 		3.552 		4
v -26.377 		-16.453 		4
v -24.713 		-24.452 		4
v -24.6658 		-24.576 		4
v -24.768 		-24.328 		4
v -24.829 		-24.208 		4
v -24.895 		-24.09 		4
v -24.967 		-23.976 		4
v -25.045 		-23.866 		4
v -25.128 		-23.759 		4
v -25.216 		-23.657 		4
v -25.309 		-23.559 		4
v -25.407 		-23.466 		4
v -25.509 		-23.378 		4
v -25.6 		-23.3074 		4
v -25.616 		-23.295 		4
v -25.726 		-23.217 		4
v -25.84 		-23.145 		4
v -25.958 		-23.079 		4
v -25.901 		-23.1109 		4
v -26.078 		-23.018 		4
v -26.202 		-22.963 		4
v -26.328 		-22.915 		4
v -24.557 		-26.041 		4
v -24.576 		-26.1268 		4
v -24.534 		-25.908 		4
v -24.517 		-25.774 		4
v -24.507 		-25.639 		4
v -24.507 		-25.369 		4
v -24.517 		-25.234 		4
v -24.534 		-25.1 		4
v -24.557 		-24.968 		4
v -24.576 		-24.8815 		4
v -24.713 		-26.556 		4
v -24.7432 		-26.624 		4
v -24.665 		-26.43 		4
v -24.622 		-26.302 		4
v -24.586 		-26.172 		4
v -24.586 		-24.836 		4
v -24.622 		-24.706 		4
v -24.665 		-24.578 		4
v -25.509 		-27.63 		4
v -25.407 		-27.542 		4
v -25.309 		-27.449 		4
v -25.216 		-27.351 		4
v -25.128 		-27.249 		4
v -25.045 		-27.142 		4
v -24.967 		-27.032 		4
v -24.895 		-26.918 		4
v -24.829 		-26.8 		4
v -24.768 		-26.68 		4
# 4021 vertices

g group_0_16089887

usemtl color_16089887
s 0

f 4 	5 	6
f 74 	71 	2622
f 13 	3916 	12
f 16 	3916 	17
f 17 	3916 	18
f 18 	3916 	19
f 78 	75 	2620
f 2621 	2620 	75
f 110 	78 	2618
f 2620 	2618 	78
f 111 	110 	2618
f 2 	111 	2594
f 2618 	2594 	111
f 7 	2 	2594
f 8 	7 	2594
f 2594 	2593 	8
f 9 	8 	2593
f 10 	9 	2593
f 11 	10 	2593
f 15 	11 	2592
f 2593 	2592 	11
f 20 	15 	2592
f 25 	20 	2592
f 2592 	2591 	25
f 124 	5 	14
f 19 	3916 	21
f 100 	67 	87
f 2630 	2629 	62
f 62 	60 	2630
f 17 	18 	87
f 601 	87 	18
f 18 	19 	601
f 16 	17 	87
f 12 	16 	87
f 56 	57 	601
f 4012 	4013 	601
f 19 	21 	601
f 13 	12 	87
f 68 	13 	87
f 64 	62 	2629
f 2629 	2628 	64
f 65 	64 	2628
f 567 	570 	83
f 137 	138 	82
f 58 	76 	187
f 138 	140 	82
f 96 	97 	89
f 99 	89 	98
f 97 	98 	89
f 100 	87 	99
f 89 	99 	87
f 102 	103 	89
f 96 	89 	103
f 104 	117 	89
f 102 	89 	117
f 3403 	92 	90
f 72 	119 	104
f 92 	40 	108
f 69 	65 	2626
f 2628 	2626 	65
f 79 	175 	77
f 2626 	2623 	69
f 75 	74 	2621
f 2622 	2621 	74
f 2623 	2622 	71
f 71 	69 	2623
f 90 	92 	108
f 117 	104 	116
f 116 	104 	115
f 115 	104 	114
f 77 	167 	72
f 170 	171 	72
f 120 	104 	119
f 121 	104 	120
f 122 	104 	121
f 114 	104 	122
f 5 	124 	6
f 49 	47 	2526
f 2590 	2589 	33
f 127 	108 	48
f 40 	48 	108
f 119 	72 	129
f 128 	2526 	131
f 140 	142 	82
f 81 	82 	142
f 142 	143 	81
f 144 	81 	143
f 134 	81 	144
f 131 	2526 	133
f 139 	133 	123
f 145 	139 	123
f 148 	141 	108
f 90 	108 	141
f 147 	145 	123
f 108 	127 	158
f 79 	81 	152
f 151 	152 	81
f 153 	79 	152
f 154 	79 	153
f 155 	79 	154
f 156 	79 	155
f 157 	79 	156
f 149 	151 	81
f 134 	149 	81
f 150 	147 	123
f 148 	108 	158
f 58 	160 	14
f 161 	150 	123
f 124 	14 	160
f 160 	58 	187
f 166 	77 	165
f 167 	77 	166
f 168 	72 	167
f 169 	72 	168
f 170 	72 	169
f 129 	72 	171
f 165 	77 	163
f 157 	174 	79
f 174 	175 	79
f 176 	77 	175
f 178 	77 	176
f 163 	77 	178
f 164 	161 	123
f 172 	164 	123
f 177 	172 	123
f 124 	160 	215
f 141 	148 	183
f 141 	183 	179
f 180 	177 	123
f 183 	148 	158
f 183 	158 	188
f 182 	180 	123
f 185 	182 	123
f 411 	190 	123
f 185 	123 	186
f 186 	123 	190
f 195 	193 	411
f 214 	212 	411
f 197 	195 	411
f 193 	190 	411
f 197 	411 	207
f 208 	207 	411
f 209 	208 	411
f 124 	237 	6
f 210 	209 	411
f 212 	210 	411
f 194 	3972 	228
f 124 	215 	237
f 216 	411 	217
f 219 	217 	411
f 215 	160 	221
f 411 	202 	205
f 205 	219 	411
f 216 	214 	411
f 160 	187 	221
f 194 	228 	227
f 194 	227 	198
f 228 	3970 	227
f 226 	60 	230
f 227 	236 	200
f 227 	200 	198
f 234 	60 	238
f 238 	60 	240
f 243 	202 	244
f 264 	200 	241
f 3830 	237 	232
f 203 	274 	248
f 249 	247 	202
f 202 	252 	250
f 250 	249 	202
f 256 	202 	259
f 259 	202 	261
f 253 	202 	256
f 266 	356 	268
f 356 	271 	268
f 263 	202 	270
f 270 	202 	272
f 272 	202 	275
f 275 	202 	278
f 300 	299 	411
f 281 	411 	287
f 290 	287 	411
f 291 	290 	411
f 293 	291 	411
f 295 	293 	411
f 297 	295 	411
f 299 	297 	411
f 158 	444 	451
f 300 	411 	302
f 308 	411 	306
f 535 	310 	307
f 305 	288 	859
f 309 	411 	311
f 314 	3970 	313
f 257 	314 	313
f 257 	313 	255
f 313 	3970 	318
f 303 	411 	315
f 313 	318 	260
f 313 	260 	255
f 317 	305 	859
f 315 	411 	316
f 316 	411 	320
f 321 	320 	411
f 283 	260 	322
f 323 	321 	411
f 327 	325 	3970
f 241 	325 	264
f 236 	241 	200
f 241 	3970 	325
f 326 	3918 	328
f 330 	3918 	331
f 333 	331 	3918
f 312 	319 	369
f 340 	406 	1255
f 339 	312 	369
f 319 	382 	369
f 345 	1255 	347
f 349 	1255 	350
f 1416 	3146 	95
f 266 	264 	327
f 325 	327 	264
f 356 	3970 	359
f 319 	353 	382
f 327 	356 	266
f 353 	772 	803
f 356 	359 	271
f 257 	271 	314
f 359 	314 	271
f 276 	363 	274
f 362 	274 	363
f 248 	274 	362
f 276 	310 	535
f 248 	362 	584
f 362 	363 	584
f 535 	923 	363
f 355 	1255 	324
f 350 	1255 	352
f 352 	1255 	355
f 2392 	3682 	2393
f 408 	339 	369
f 378 	411 	379
f 382 	353 	803
f 381 	379 	1255
f 385 	383 	1255
f 369 	382 	458
f 387 	385 	1255
f 3705 	2404 	2403
f 388 	387 	1255
f 391 	388 	1255
f 393 	391 	1255
f 395 	393 	1255
f 398 	395 	1255
f 401 	399 	1255
f 399 	398 	1255
f 347 	1255 	349
f 343 	1255 	345
f 406 	403 	1255
f 403 	401 	1255
f 342 	1255 	343
f 383 	381 	1255
f 411 	1255 	379
f 411 	378 	376
f 411 	376 	375
f 375 	373 	411
f 373 	311 	411
f 411 	309 	306
f 308 	323 	411
f 303 	302 	411
f 281 	279 	411
f 458 	408 	369
f 412 	405 	488
f 3918 	330 	329
f 3918 	329 	328
f 324 	1255 	326
f 412 	488 	502
f 278 	202 	279
f 261 	202 	263
f 252 	202 	253
f 411 	279 	202
f 247 	244 	202
f 240 	60 	243
f 416 	412 	502
f 423 	421 	549
f 424 	423 	549
f 318 	3970 	322
f 370 	322 	3970
f 436 	370 	3970
f 322 	370 	283
f 318 	322 	260
f 225 	433 	60
f 432 	430 	60
f 429 	427 	549
f 285 	283 	436
f 370 	436 	283
f 437 	422 	630
f 436 	3970 	441
f 447 	3970 	452
f 436 	441 	289
f 436 	289 	285
f 440 	438 	549
f 292 	289 	447
f 441 	447 	289
f 445 	443 	549
f 397 	941 	938
f 453 	450 	549
f 448 	549 	450
f 408 	555 	500
f 630 	658 	437
f 455 	454 	549
f 454 	453 	549
f 451 	662 	461
f 3532 	3531 	439
f 3531 	3530 	439
f 435 	439 	3530
f 3362 	3532 	439
f 3460 	3264 	434
f 427 	426 	549
f 426 	424 	549
f 421 	457 	549
f 457 	455 	549
f 1292 	459 	1265
f 498 	3918 	462
f 408 	458 	555
f 462 	3918 	464
f 394 	912 	467
f 394 	467 	405
f 474 	549 	475
f 443 	440 	549
f 438 	477 	549
f 477 	475 	549
f 479 	458 	382
f 1292 	480 	459
f 480 	397 	938
f 458 	479 	472
f 527 	459 	480
f 488 	405 	467
f 486 	484 	3918
f 487 	3918 	489
f 467 	544 	488
f 480 	938 	495
f 491 	3918 	493
f 496 	3918 	497
f 497 	3918 	498
f 549 	464 	3918
f 527 	480 	495
f 3354 	504 	476
f 469 	473 	3347
f 3347 	3346 	469
f 3346 	3345 	469
f 501 	3918 	503
f 502 	488 	577
f 473 	476 	3352
f 504 	3352 	476
f 3335 	3334 	532
f 532 	534 	3335
f 3334 	3333 	532
f 3337 	3335 	534
f 3339 	3337 	534
f 506 	3918 	507
f 3349 	3347 	473
f 3441 	3438 	494
f 3351 	3349 	473
f 3443 	3441 	494
f 511 	416 	502
f 509 	508 	3918
f 416 	511 	422
f 447 	452 	294
f 447 	294 	292
f 512 	3918 	515
f 452 	3970 	518
f 502 	577 	602
f 296 	294 	518
f 452 	518 	294
f 511 	502 	602
f 518 	3970 	521
f 496 	493 	3918
f 491 	489 	3918
f 487 	486 	3918
f 517 	3918 	482
f 484 	482 	3918
f 515 	3918 	517
f 518 	521 	298
f 518 	298 	296
f 422 	511 	630
f 521 	3970 	522
f 301 	298 	522
f 521 	522 	298
f 526 	618 	525
f 522 	618 	526
f 530 	525 	618
f 459 	527 	456
f 304 	301 	526
f 522 	526 	301
f 433 	432 	60
f 304 	526 	525
f 230 	60 	231
f 525 	530 	304
f 231 	60 	234
f 505 	503 	3918
f 501 	337 	3918
f 335 	3918 	337
f 307 	533 	535
f 512 	510 	3918
f 510 	509 	3918
f 506 	505 	3918
f 335 	333 	3918
f 508 	507 	3918
f 363 	276 	535
f 533 	923 	535
f 430 	429 	549
f 448 	445 	549
f 474 	471 	549
f 471 	470 	549
f 470 	468 	549
f 468 	465 	549
f 465 	464 	549
f 530 	618 	537
f 441 	3970 	447
f 304 	530 	538
f 537 	538 	530
f 3308 	3307 	531
f 531 	514 	3308
f 539 	3308 	514
f 3265 	539 	514
f 513 	3265 	514
f 516 	3180 	513
f 3178 	513 	3180
f 519 	3187 	516
f 3265 	513 	3177
f 3307 	3305 	531
f 529 	531 	3268
f 3268 	3267 	529
f 549 	60 	430
f 549 	2630 	60
f 226 	225 	60
f 202 	243 	60
f 537 	618 	540
f 523 	3341 	534
f 3341 	3339 	534
f 537 	540 	541
f 537 	541 	538
f 540 	618 	543
f 28 	27 	2591
f 27 	25 	2591
f 540 	543 	546
f 540 	546 	541
f 543 	618 	547
f 543 	547 	551
f 543 	551 	546
f 547 	618 	552
f 587 	499 	500
f 547 	552 	554
f 547 	554 	551
f 552 	618 	556
f 425 	553 	2583
f 552 	556 	557
f 552 	557 	554
f 556 	618 	558
f 467 	548 	544
f 556 	558 	559
f 556 	559 	557
f 555 	458 	472
f 558 	618 	561
f 574 	571 	618
f 3208 	3207 	681
f 680 	681 	3205
f 673 	676 	3158
f 3205 	3203 	680
f 558 	561 	562
f 558 	562 	559
f 548 	536 	581
f 561 	618 	564
f 555 	587 	500
f 561 	564 	565
f 561 	565 	562
f 564 	618 	566
f 544 	548 	581
f 564 	566 	567
f 564 	567 	565
f 566 	618 	568
f 566 	568 	570
f 566 	570 	567
f 456 	569 	563
f 568 	618 	571
f 1031 	576 	618
f 569 	456 	527
f 568 	571 	572
f 568 	572 	570
f 536 	1015 	1282
f 495 	613 	527
f 571 	574 	575
f 571 	575 	572
f 574 	618 	576
f 527 	613 	569
f 574 	576 	575
f 1031 	135 	576
f 577 	488 	544
f 248 	578 	589
f 589 	578 	579
f 203 	248 	589
f 608 	581 	693
f 579 	591 	589
f 591 	579 	580
f 591 	580 	594
f 1809 	595 	721
f 595 	1807 	723
f 573 	723 	1807
f 573 	1807 	1806
f 1806 	1803 	573
f 1802 	1487 	1804
f 582 	597 	580
f 594 	580 	597
f 597 	582 	583
f 597 	583 	599
f 584 	601 	583
f 599 	583 	601
f 587 	616 	499
f 584 	87 	601
f 3778 	3777 	593
f 592 	593 	3777
f 596 	3779 	593
f 598 	3782 	596
f 600 	3786 	598
f 3568 	3788 	600
f 618 	1602 	1049
f 577 	607 	602
f 604 	605 	606
f 632 	563 	569
f 544 	608 	577
f 581 	608 	544
f 623 	563 	632
f 604 	609 	605
f 611 	3001 	609
f 2996 	609 	3001
f 288 	632 	569
f 605 	609 	2996
f 577 	608 	607
f 317 	1602 	638
f 609 	604 	1473
f 612 	1449 	604
f 617 	1602 	615
f 613 	288 	569
f 583 	582 	584
f 584 	582 	580
f 584 	580 	579
f 584 	579 	578
f 584 	578 	248
f 616 	587 	670
f 288 	613 	862
f 622 	1605 	620
f 620 	1602 	646
f 625 	1605 	622
f 627 	1605 	626
f 624 	1102 	3109
f 626 	1605 	625
f 621 	1489 	623
f 628 	3914 	633
f 623 	631 	621
f 629 	628 	67
f 188 	1605 	183
f 602 	650 	511
f 68 	67 	633
f 628 	633 	67
f 681 	683 	3208
f 614 	616 	696
f 511 	650 	630
f 646 	1602 	644
f 607 	635 	602
f 13 	68 	634
f 633 	634 	68
f 623 	632 	631
f 923 	87 	584
f 288 	305 	632
f 650 	602 	635
f 584 	363 	923
f 638 	1602 	636
f 640 	642 	643
f 643 	1157 	640
f 644 	1602 	317
f 632 	305 	631
f 635 	607 	725
f 3098 	639 	637
f 636 	621 	631
f 636 	631 	638
f 630 	649 	658
f 305 	317 	631
f 638 	631 	317
f 630 	650 	649
f 650 	635 	654
f 649 	650 	654
f 444 	657 	451
f 655 	1602 	659
f 444 	437 	658
f 656 	1602 	655
f 659 	1602 	610
f 653 	637 	718
f 444 	658 	657
f 652 	661 	660
f 657 	658 	663
f 649 	663 	658
f 667 	668 	2701
f 649 	654 	666
f 649 	666 	663
f 472 	672 	555
f 652 	728 	661
f 665 	667 	2701
f 740 	666 	654
f 672 	587 	555
f 451 	657 	662
f 657 	663 	664
f 657 	664 	662
f 723 	2701 	678
f 668 	671 	2701
f 663 	666 	665
f 663 	665 	664
f 671 	678 	2701
f 740 	667 	666
f 665 	666 	667
f 678 	682 	723
f 587 	672 	670
f 645 	77 	72
f 645 	72 	641
f 77 	645 	79
f 647 	79 	645
f 685 	687 	723
f 79 	647 	674
f 79 	674 	81
f 672 	982 	670
f 675 	82 	81
f 675 	81 	674
f 677 	83 	82
f 677 	82 	675
f 83 	677 	307
f 533 	307 	677
f 682 	685 	723
f 687 	690 	723
f 672 	986 	982
f 616 	670 	696
f 661 	691 	660
f 675 	674 	677
f 677 	674 	647
f 677 	647 	645
f 677 	645 	641
f 677 	923 	533
f 641 	1005 	677
f 660 	691 	669
f 661 	778 	691
f 536 	694 	581
f 902 	96 	103
f 1282 	694 	536
f 97 	96 	902
f 683 	684 	3229
f 3237 	3232 	684
f 684 	686 	3238
f 686 	688 	3240
f 3243 	3241 	688
f 688 	689 	3244
f 3247 	3246 	689
f 692 	3247 	689
f 550 	3249 	692
f 909 	98 	97
f 614 	695 	639
f 99 	98 	909
f 915 	100 	99
f 581 	694 	693
f 67 	100 	629
f 915 	629 	100
f 695 	614 	696
f 694 	1282 	698
f 717 	694 	698
f 690 	706 	723
f 705 	73 	704
f 706 	708 	723
f 708 	709 	723
f 704 	2770 	703
f 695 	719 	639
f 709 	711 	723
f 710 	29 	697
f 700 	24 	710
f 701 	22 	700
f 702 	2777 	701
f 703 	2776 	702
f 707 	70 	705
f 714 	608 	693
f 715 	716 	723
f 607 	608 	714
f 693 	724 	714
f 694 	717 	693
f 720 	721 	723
f 719 	637 	639
f 721 	595 	723
f 693 	717 	724
f 718 	637 	719
f 711 	713 	723
f 713 	715 	723
f 716 	720 	723
f 619 	1602 	618
f 615 	1602 	619
f 636 	1602 	656
f 610 	1602 	617
f 719 	1042 	718
f 695 	1046 	719
f 719 	1046 	1042
f 179 	1605 	627
f 183 	1605 	179
f 461 	662 	2701
f 662 	664 	2701
f 664 	665 	2701
f 2701 	1605 	461
f 725 	607 	714
f 7 	753 	750
f 7 	750 	2
f 8 	753 	7
f 724 	717 	722
f 10 	764 	9
f 726 	714 	724
f 764 	10 	767
f 11 	767 	10
f 15 	770 	767
f 15 	767 	11
f 20 	770 	15
f 718 	733 	653
f 28 	794 	27
f 722 	1412 	1454
f 794 	28 	796
f 30 	796 	28
f 129 	937 	119
f 944 	120 	119
f 121 	120 	944
f 714 	726 	725
f 705 	704 	1138
f 1138 	707 	705
f 31 	800 	796
f 31 	796 	30
f 1131 	701 	700
f 701 	1131 	702
f 1133 	702 	1131
f 33 	800 	31
f 1135 	703 	702
f 1135 	702 	1133
f 653 	733 	729
f 35 	810 	33
f 703 	1135 	704
f 1136 	704 	1135
f 3133 	729 	727
f 1136 	1138 	704
f 36 	810 	35
f 697 	1118 	1142
f 729 	731 	727
f 635 	725 	732
f 635 	732 	654
f 725 	726 	734
f 1142 	710 	697
f 732 	725 	734
f 710 	1142 	700
f 726 	760 	734
f 729 	733 	731
f 738 	735 	1444
f 47 	833 	45
f 730 	712 	756
f 654 	732 	740
f 835 	833 	47
f 835 	47 	49
f 732 	734 	743
f 732 	743 	740
f 835 	49 	839
f 51 	839 	49
f 728 	730 	756
f 759 	761 	1453
f 718 	1160 	733
f 760 	774 	734
f 53 	839 	51
f 55 	846 	53
f 712 	745 	756
f 740 	743 	668
f 740 	668 	667
f 2047 	712 	699
f 1453 	3220 	752
f 727 	731 	749
f 727 	749 	747
f 745 	712 	2047
f 752 	754 	1453
f 751 	752 	3220
f 731 	1185 	749
f 733 	1190 	731
f 757 	759 	1453
f 1185 	731 	1190
f 753 	1358 	750
f 747 	715 	713
f 755 	753 	8
f 747 	749 	716
f 747 	716 	715
f 8 	9 	755
f 758 	755 	9
f 716 	749 	1185
f 716 	1185 	720
f 722 	762 	724
f 766 	769 	3219
f 765 	766 	3219
f 764 	758 	9
f 724 	762 	726
f 769 	771 	739
f 726 	762 	760
f 755 	1358 	753
f 767 	1358 	764
f 756 	745 	768
f 940 	943 	739
f 929 	940 	739
f 955 	114 	122
f 960 	115 	114
f 960 	114 	955
f 756 	768 	782
f 116 	115 	960
f 743 	734 	774
f 776 	1077 	773
f 968 	879 	117
f 777 	1077 	776
f 775 	772 	232
f 1074 	1077 	781
f 215 	779 	237
f 774 	760 	786
f 764 	1358 	758
f 770 	1358 	767
f 781 	784 	1074
f 237 	779 	232
f 743 	774 	671
f 743 	671 	668
f 661 	728 	782
f 783 	770 	20
f 784 	785 	1074
f 756 	782 	728
f 783 	1358 	770
f 785 	788 	741
f 232 	779 	775
f 788 	789 	741
f 20 	25 	783
f 787 	783 	25
f 787 	1358 	783
f 787 	25 	790
f 27 	790 	25
f 774 	786 	678
f 774 	678 	671
f 661 	782 	778
f 221 	792 	215
f 790 	1358 	787
f 786 	2323 	678
f 789 	791 	741
f 779 	215 	792
f 794 	790 	27
f 782 	768 	3325
f 814 	816 	742
f 811 	779 	792
f 796 	1358 	794
f 778 	782 	3325
f 798 	801 	1084
f 801 	802 	1084
f 794 	1358 	790
f 800 	1358 	796
f 1079 	1084 	802
f 804 	1079 	802
f 817 	95 	815
f 820 	95 	817
f 806 	1079 	804
f 772 	775 	829
f 799 	867 	805
f 807 	1079 	806
f 33 	808 	800
f 803 	772 	829
f 809 	1077 	807
f 810 	808 	33
f 779 	811 	775
f 810 	1358 	808
f 773 	1077 	809
f 36 	815 	810
f 816 	744 	742
f 495 	813 	613
f 872 	812 	805
f 38 	817 	815
f 38 	815 	36
f 746 	748 	742
f 748 	751 	3220
f 811 	836 	775
f 808 	1358 	800
f 916 	812 	872
f 817 	38 	820
f 41 	820 	38
f 691 	847 	669
f 822 	825 	1085
f 812 	916 	818
f 691 	778 	823
f 42 	824 	820
f 42 	820 	41
f 826 	828 	1085
f 825 	826 	1085
f 815 	95 	810
f 824 	95 	820
f 828 	831 	1085
f 824 	42 	827
f 43 	827 	42
f 823 	847 	691
f 394 	818 	912
f 45 	830 	827
f 45 	827 	43
f 830 	95 	827
f 833 	830 	45
f 827 	95 	824
f 833 	95 	830
f 797 	798 	1084
f 832 	797 	1084
f 838 	840 	1089
f 3768 	2470 	2468
f 1086 	1089 	840
f 53 	841 	839
f 843 	845 	1086
f 95 	839 	841
f 813 	844 	862
f 803 	479 	382
f 834 	1889 	842
f 846 	841 	53
f 669 	847 	813
f 479 	803 	849
f 834 	1947 	1889
f 845 	848 	1086
f 775 	836 	829
f 829 	849 	803
f 850 	851 	1086
f 844 	813 	847
f 821 	822 	1085
f 853 	844 	823
f 829 	836 	864
f 847 	823 	844
f 869 	60 	62
f 855 	1090 	854
f 849 	829 	864
f 857 	1090 	855
f 858 	1090 	857
f 65 	69 	885
f 860 	1090 	858
f 885 	69 	71
f 861 	1090 	860
f 613 	813 	862
f 873 	472 	479
f 1039 	795 	856
f 75 	78 	895
f 895 	78 	110
f 288 	862 	859
f 844 	866 	859
f 750 	111 	2
f 849 	864 	882
f 868 	1089 	865
f 862 	844 	859
f 853 	3336 	844
f 870 	1089 	868
f 865 	1089 	863
f 871 	869 	62
f 872 	805 	867
f 849 	873 	479
f 837 	838 	1089
f 863 	1090 	861
f 884 	886 	1067
f 848 	850 	1086
f 62 	64 	871
f 874 	871 	64
f 1060 	877 	1067
f 873 	849 	882
f 867 	894 	872
f 317 	859 	644
f 104 	641 	72
f 644 	859 	866
f 644 	866 	646
f 646 	866 	620
f 102 	117 	879
f 878 	102 	879
f 875 	874 	64
f 875 	64 	65
f 65 	885 	875
f 887 	885 	71
f 873 	882 	1066
f 885 	1358 	875
f 71 	74 	887
f 890 	887 	74
f 891 	854 	1067
f 888 	891 	1067
f 893 	890 	74
f 893 	74 	75
f 472 	986 	672
f 1090 	1067 	854
f 75 	895 	893
f 873 	986 	472
f 895 	1358 	893
f 886 	888 	1067
f 896 	895 	110
f 896 	1358 	895
f 878 	879 	3914
f 872 	894 	892
f 878 	898 	103
f 878 	103 	102
f 110 	111 	896
f 900 	896 	111
f 900 	1358 	896
f 898 	902 	103
f 111 	750 	900
f 892 	894 	1017
f 902 	905 	97
f 750 	1358 	900
f 755 	758 	1358
f 905 	902 	3914
f 628 	629 	3914
f 905 	909 	97
f 941 	397 	402
f 909 	3914 	911
f 1060 	1061 	913
f 99 	909 	911
f 911 	3914 	915
f 915 	3914 	629
f 889 	652 	941
f 911 	915 	99
f 920 	1060 	913
f 916 	872 	892
f 912 	818 	916
f 924 	1060 	921
f 889 	918 	652
f 925 	89 	923
f 87 	923 	89
f 150 	1205 	147
f 925 	1005 	89
f 943 	945 	739
f 1205 	150 	161
f 728 	652 	918
f 923 	677 	925
f 932 	1664 	931
f 918 	883 	730
f 129 	932 	931
f 918 	730 	728
f 937 	3914 	936
f 931 	3914 	937
f 738 	739 	945
f 936 	119 	937
f 931 	937 	129
f 945 	947 	738
f 936 	3914 	944
f 936 	944 	119
f 180 	1426 	177
f 548 	467 	912
f 944 	3914 	946
f 952 	954 	738
f 947 	952 	738
f 892 	948 	916
f 121 	944 	946
f 946 	3914 	951
f 968 	964 	3914
f 916 	948 	912
f 946 	951 	122
f 946 	122 	121
f 959 	962 	738
f 954 	957 	738
f 941 	652 	660
f 735 	738 	962
f 951 	955 	122
f 962 	965 	735
f 912 	948 	548
f 660 	938 	941
f 965 	967 	735
f 846 	55 	128
f 960 	3914 	964
f 967 	970 	735
f 548 	948 	536
f 964 	116 	960
f 970 	971 	735
f 669 	938 	660
f 957 	959 	738
f 139 	1193 	133
f 116 	964 	117
f 968 	117 	964
f 736 	735 	971
f 495 	938 	669
f 813 	495 	669
f 971 	975 	736
f 989 	991 	1053
f 978 	979 	736
f 1066 	986 	873
f 737 	736 	979
f 981 	737 	979
f 983 	737 	981
f 985 	1053 	983
f 975 	978 	736
f 969 	1017 	894
f 1008 	1011 	1052
f 969 	994 	1017
f 1051 	1052 	1001
f 986 	1066 	1078
f 976 	883 	1020
f 1051 	1001 	1003
f 969 	998 	994
f 104 	89 	1005
f 982 	986 	1078
f 1006 	1008 	1052
f 104 	1005 	641
f 1009 	670 	982
f 925 	677 	1005
f 995 	996 	1052
f 670 	1009 	696
f 575 	576 	135
f 1031 	137 	135
f 1054 	883 	976
f 1014 	1051 	1013
f 1015 	948 	892
f 1016 	1051 	1014
f 142 	1047 	143
f 987 	889 	402
f 1047 	144 	143
f 144 	603 	134
f 1018 	1051 	1016
f 1015 	892 	1017
f 1009 	1100 	1025
f 1021 	1051 	1019
f 603 	1050 	134
f 1024 	1069 	1022
f 1017 	994 	1023
f 987 	1020 	889
f 1009 	1106 	1100
f 1020 	883 	918
f 1015 	1017 	1023
f 1009 	1025 	696
f 1027 	1028 	1069
f 696 	1025 	695
f 889 	1020 	918
f 1028 	1029 	1069
f 1063 	1069 	1029
f 1026 	1069 	1024
f 536 	948 	1015
f 941 	402 	889
f 695 	1025 	1046
f 1030 	1063 	1029
f 1031 	618 	1034
f 1034 	618 	1038
f 1032 	1063 	1030
f 1282 	1015 	1023
f 1033 	1063 	1032
f 1035 	1063 	1033
f 137 	1031 	1034
f 603 	1049 	1602
f 138 	137 	1038
f 1034 	1038 	137
f 1038 	618 	1041
f 1037 	1063 	1035
f 1038 	1041 	140
f 1038 	140 	138
f 1043 	1061 	1040
f 1041 	618 	1045
f 142 	140 	1045
f 1041 	1045 	140
f 1045 	618 	1047
f 1045 	1047 	142
f 1047 	618 	1049
f 1047 	1049 	144
f 903 	1061 	897
f 907 	913 	1061
f 3788 	2492 	2491
f 1049 	603 	144
f 603 	1602 	1050
f 1046 	1120 	1042
f 149 	134 	1050
f 1050 	1602 	1055
f 737 	983 	1053
f 989 	1053 	985
f 991 	1006 	1053
f 1052 	1053 	1006
f 1011 	995 	1052
f 996 	999 	1052
f 999 	1001 	1052
f 1003 	1013 	1051
f 1018 	1019 	1051
f 1022 	1069 	1021
f 1040 	1063 	1037
f 1044 	1061 	1043
f 1026 	1027 	1069
f 1048 	1061 	1044
f 1051 	1021 	1069
f 1050 	1055 	149
f 1036 	1056 	1054
f 897 	1061 	1048
f 1055 	1602 	1057
f 2496 	3792 	3793
f 151 	149 	1057
f 1055 	1057 	149
f 1059 	1602 	1062
f 1042 	1173 	1160
f 2500 	3794 	3795
f 1057 	1059 	152
f 1057 	152 	151
f 1036 	1058 	1056
f 153 	152 	1062
f 1059 	1062 	152
f 1062 	1602 	1064
f 1071 	1070 	1664
f 1062 	1064 	154
f 1062 	154 	153
f 1063 	1040 	1061
f 903 	907 	1061
f 920 	921 	1060
f 1060 	924 	926
f 1060 	926 	876
f 1060 	876 	877
f 880 	1067 	877
f 881 	1067 	880
f 884 	1067 	881
f 1064 	1602 	1068
f 155 	154 	1068
f 1064 	1068 	154
f 1068 	1602 	1070
f 1068 	1070 	156
f 1068 	156 	155
f 157 	156 	1071
f 1070 	1071 	156
f 819 	821 	1086
f 831 	832 	1085
f 1084 	1085 	832
f 742 	741 	793
f 1085 	1086 	821
f 851 	819 	1086
f 174 	157 	1072
f 1071 	1072 	157
f 1054 	1116 	883
f 1072 	1664 	1073
f 1071 	1664 	1072
f 1076 	1073 	1664
f 1057 	1602 	1059
f 761 	763 	1453
f 3219 	1453 	765
f 771 	929 	739
f 739 	3219 	769
f 763 	765 	1453
f 754 	757 	1453
f 3220 	742 	748
f 744 	746 	742
f 777 	780 	1077
f 1072 	1073 	174
f 741 	1449 	1074
f 742 	1449 	741
f 1074 	1449 	1077
f 1077 	612 	1079
f 1073 	1076 	175
f 1073 	175 	174
f 1065 	1141 	1139
f 1076 	1664 	1080
f 1076 	1080 	176
f 1076 	176 	175
f 1080 	1664 	1082
f 780 	781 	1077
f 1079 	807 	1077
f 840 	843 	1086
f 870 	837 	1089
f 1080 	1082 	178
f 1080 	178 	176
f 1039 	1087 	795
f 1082 	1664 	1088
f 1090 	863 	1089
f 982 	1078 	1106
f 795 	1087 	799
f 642 	1097 	1092
f 642 	1092 	643
f 1056 	699 	1116
f 651 	737 	1097
f 651 	1097 	642
f 1052 	643 	1092
f 1052 	1092 	1053
f 799 	1087 	867
f 1058 	1095 	1056
f 1082 	1088 	163
f 1082 	163 	178
f 1092 	1097 	737
f 1092 	737 	1053
f 1009 	982 	1106
f 3109 	1102 	1103
f 1105 	3109 	1103
f 1099 	867 	1087
f 1088 	1101 	165
f 1088 	165 	163
f 1095 	699 	1056
f 1101 	1664 	1107
f 1067 	1103 	1102
f 1087 	1039 	1108
f 1067 	1090 	1103
f 1105 	1103 	1090
f 1065 	1108 	1039
f 1065 	1139 	1108
f 1102 	624 	1060
f 1102 	1060 	1067
f 624 	3109 	1110
f 1095 	2033 	699
f 1087 	1108 	1099
f 624 	1110 	1061
f 624 	1061 	1060
f 182 	1436 	1426
f 182 	1426 	180
f 1110 	3109 	1113
f 182 	185 	1436
f 1456 	1436 	185
f 1100 	1122 	1025
f 1123 	3109 	1125
f 3109 	2767 	1125
f 1122 	1046 	1025
f 1110 	1113 	1063
f 1110 	1063 	1061
f 1056 	1116 	1054
f 1501 	1459 	190
f 867 	1099 	894
f 697 	648 	1118
f 190 	1509 	1501
f 894 	1099 	969
f 193 	1509 	190
f 1099 	1108 	1181
f 648 	640 	1118
f 1158 	1118 	640
f 195 	1513 	1509
f 195 	1509 	193
f 1513 	195 	197
f 1099 	1181 	969
f 730 	883 	1116
f 1116 	699 	712
f 1046 	1122 	1120
f 1123 	1125 	1127
f 700 	1142 	1129
f 128 	1178 	846
f 700 	1129 	1131
f 131 	1183 	128
f 712 	730 	1116
f 1193 	139 	145
f 1042 	1160 	718
f 1125 	707 	1138
f 1101 	1107 	166
f 1101 	166 	165
f 1173 	1042 	1120
f 1146 	1127 	1135
f 1136 	1135 	1127
f 1133 	1146 	1135
f 1131 	1146 	1133
f 1129 	1163 	1131
f 1138 	1136 	1127
f 1125 	1138 	1127
f 1107 	1147 	167
f 1107 	167 	166
f 1118 	1161 	1142
f 1129 	1142 	1161
f 1147 	1664 	1150
f 1141 	1149 	1139
f 1150 	168 	167
f 1150 	167 	1147
f 1113 	1123 	1127
f 1113 	1127 	1063
f 1153 	169 	168
f 1153 	168 	1150
f 1146 	1069 	1127
f 1063 	1127 	1069
f 1153 	1664 	1155
f 1158 	640 	1157
f 1155 	170 	169
f 1155 	169 	1153
f 1161 	1118 	1158
f 164 	1217 	161
f 1146 	1131 	1163
f 1161 	1163 	1129
f 1141 	1152 	1149
f 1158 	1157 	1161
f 1157 	1051 	1161
f 1069 	1161 	1051
f 1170 	1143 	1156
f 1069 	1163 	1161
f 733 	1160 	1190
f 1146 	1163 	1069
f 1152 	1864 	1198
f 1157 	643 	1052
f 1157 	1052 	1051
f 1149 	1152 	1198
f 1456 	185 	186
f 1160 	1173 	1168
f 1181 	1108 	1139
f 1178 	128 	1183
f 1170 	1156 	1208
f 1183 	131 	1189
f 133 	1189 	131
f 1167 	1170 	1208
f 133 	1193 	1189
f 1190 	1160 	1168
f 1193 	95 	1189
f 145 	1195 	1193
f 1195 	95 	1193
f 1168 	1199 	1185
f 1195 	145 	1201
f 147 	1201 	145
f 1190 	1168 	1185
f 1183 	1189 	95
f 1201 	95 	1195
f 147 	1205 	1201
f 1205 	95 	1201
f 720 	1185 	1199
f 720 	1199 	721
f 1214 	1205 	161
f 1214 	161 	1217
f 1217 	1481 	1214
f 969 	1181 	998
f 172 	1220 	1217
f 172 	1217 	164
f 1149 	1222 	1139
f 1139 	1222 	1181
f 1225 	1664 	932
f 1225 	171 	170
f 1225 	170 	1155
f 1181 	1222 	998
f 1225 	932 	171
f 129 	171 	932
f 3918 	326 	1255
f 1248 	998 	1237
f 998 	1248 	994
f 1237 	1636 	1269
f 1248 	1237 	1269
f 411 	2507 	1255
f 1244 	402 	1242
f 1254 	1464 	1255
f 1465 	1255 	1464
f 1248 	1269 	1266
f 1497 	1266 	1269
f 397 	1242 	402
f 3174 	1284 	1283
f 1143 	1265 	1156
f 3174 	3176 	1284
f 1023 	1288 	1282
f 1248 	1293 	994
f 1294 	1295 	1291
f 1294 	1291 	1290
f 994 	1293 	1023
f 1296 	1297 	1295
f 1296 	1295 	1294
f 1293 	1248 	1266
f 1292 	1242 	397
f 1299 	1300 	1297
f 1299 	1297 	1296
f 1301 	1302 	1300
f 1301 	1300 	1299
f 1023 	1293 	1288
f 1304 	1305 	1302
f 1304 	1302 	1301
f 1305 	1304 	1308
f 1307 	1308 	1304
f 1311 	1313 	1308
f 1311 	1308 	1307
f 1292 	397 	480
f 1318 	1319 	1313
f 1318 	1313 	1311
f 1312 	1323 	1908
f 1325 	1310 	1908
f 1321 	1908 	1314
f 1316 	1908 	1315
f 1317 	1908 	1316
f 1315 	1908 	1321
f 1314 	1908 	1323
f 1310 	1312 	1908
f 1156 	456 	1208
f 3174 	3173 	1305
f 1302 	1305 	3173
f 3173 	1326 	1302
f 3176 	3174 	1305
f 1326 	3168 	1302
f 3168 	3165 	1300
f 3164 	3035 	1300
f 1156 	1265 	459
f 1363 	3142 	1319
f 1313 	3130 	1308
f 1333 	1332 	1335
f 1333 	1335 	1336
f 456 	1156 	459
f 1282 	1288 	698
f 1336 	1335 	1338
f 1336 	1338 	1340
f 1329 	1908 	1330
f 1340 	1338 	1342
f 1340 	1342 	1343
f 563 	1208 	456
f 1343 	1342 	1344
f 1343 	1344 	1345
f 1288 	1374 	698
f 1346 	1347 	1345
f 1346 	1345 	1344
f 1349 	1350 	1908
f 1350 	1309 	1908
f 1309 	1325 	1908
f 1339 	1908 	1317
f 1330 	1908 	1339
f 1348 	1354 	1908
f 1352 	1353 	1347
f 1352 	1347 	1346
f 1354 	1349 	1908
f 1355 	1357 	1353
f 1355 	1353 	1352
f 1359 	1360 	1357
f 1359 	1357 	1355
f 1362 	1363 	1319
f 1362 	1319 	1318
f 1365 	1366 	1363
f 1365 	1363 	1362
f 1368 	1369 	1366
f 1368 	1366 	1365
f 1376 	1288 	1293
f 1369 	1368 	1333
f 1332 	1333 	1368
f 1717 	1371 	1367
f 3108 	3107 	1347
f 1345 	1347 	3107
f 1353 	3113 	1347
f 3107 	1378 	1345
f 1357 	3095 	1353
f 1378 	3106 	1345
f 1343 	1345 	3106
f 3105 	3104 	1343
f 3123 	3121 	1333
f 1336 	3125 	1333
f 1380 	1381 	1382
f 1380 	1382 	1383
f 1384 	1385 	1381
f 1384 	1381 	1380
f 1386 	1387 	1385
f 1386 	1385 	1384
f 1376 	1374 	1288
f 1391 	1410 	1390
f 1383 	1382 	1391
f 1383 	1391 	1390
f 1393 	1394 	1386
f 1387 	1386 	1394
f 835 	839 	95
f 1394 	1393 	1422
f 3615 	3616 	2328
f 1396 	1398 	1360
f 1396 	1360 	1359
f 1400 	1401 	1398
f 1400 	1398 	1396
f 1358 	810 	95
f 835 	95 	833
f 841 	846 	95
f 846 	1178 	95
f 1178 	1183 	95
f 1403 	1404 	1401
f 1403 	1401 	1400
f 1405 	1406 	1404
f 1405 	1404 	1403
f 1408 	1409 	1406
f 1408 	1406 	1405
f 1410 	1411 	1409
f 1410 	1409 	1408
f 1374 	1412 	698
f 1410 	1391 	1411
f 1476 	1483 	95
f 1412 	717 	698
f 1385 	2911 	1381
f 1381 	2905 	1382
f 1242 	1425 	1367
f 1376 	1495 	1414
f 1376 	1414 	1374
f 1367 	1371 	1244
f 2905 	1381 	2906
f 1418 	1382 	2905
f 1367 	1244 	1242
f 1457 	1374 	1414
f 1214 	1481 	1205
f 3077 	3076 	1411
f 3076 	3075 	1409
f 2931 	2928 	1411
f 2935 	2933 	1391
f 1391 	1382 	2937
f 1418 	2937 	1382
f 1387 	2920 	1385
f 1220 	172 	1420
f 177 	1420 	172
f 1393 	1421 	1422
f 1265 	1143 	1397
f 1420 	1481 	1220
f 1422 	1421 	1423
f 1422 	1423 	1424
f 177 	1426 	1420
f 1427 	1428 	1424
f 1427 	1424 	1423
f 1426 	1481 	1420
f 1431 	1432 	1428
f 1431 	1428 	1427
f 1440 	1441 	1432
f 1440 	1432 	1431
f 1429 	1437 	3924
f 1466 	1433 	95
f 1463 	1462 	95
f 1435 	1451 	95
f 1416 	95 	1451
f 1447 	1438 	1451
f 1439 	1442 	1438
f 1416 	1438 	1442
f 1442 	1419 	1416
f 1397 	1425 	1265
f 1457 	1414 	2269
f 1429 	1444 	651
f 1429 	651 	1493
f 1445 	1446 	1441
f 1445 	1441 	1440
f 1425 	1242 	1292
f 717 	1412 	722
f 1416 	1451 	1438
f 1448 	1450 	1446
f 1448 	1446 	1445
f 1444 	1449 	1453
f 1453 	3219 	1444
f 735 	736 	1444
f 1220 	1481 	1217
f 1436 	1481 	1426
f 1265 	1425 	1292
f 1374 	1457 	1412
f 1456 	1481 	1436
f 573 	1487 	640
f 186 	1459 	1456
f 1493 	651 	642
f 1434 	1435 	95
f 1412 	1457 	1454
f 1462 	1434 	95
f 1433 	1463 	95
f 1472 	1469 	1464
f 1430 	1466 	95
f 1430 	95 	1468
f 1429 	1469 	1472
f 1167 	1208 	1492
f 1465 	1464 	1469
f 1429 	3967 	1469
f 1429 	1472 	1444
f 1473 	1472 	1464
f 1444 	1472 	1473
f 1444 	1473 	1449
f 1454 	1457 	2283
f 1471 	95 	1477
f 1468 	95 	1471
f 1477 	95 	1479
f 1479 	95 	1483
f 95 	1205 	1481
f 573 	1803 	1487
f 1476 	95 	1481
f 1376 	1293 	1266
f 1482 	1489 	1480
f 1482 	1167 	1492
f 1516 	1493 	1487
f 1495 	1376 	1266
f 1678 	2753 	411
f 1208 	563 	1492
f 1482 	1492 	1489
f 1497 	1495 	1266
f 1492 	563 	623
f 1516 	1429 	1493
f 186 	190 	1459
f 1501 	1481 	1459
f 623 	1489 	1492
f 642 	640 	1487
f 1493 	642 	1487
f 1793 	1480 	1791
f 1740 	2253 	1497
f 1507 	3924 	1505
f 1437 	1505 	3924
f 1508 	1480 	1489
f 1437 	1429 	1510
f 1504 	1480 	1508
f 1510 	1429 	1512
f 1512 	1429 	1514
f 1517 	1429 	1516
f 1481 	1501 	1509
f 1481 	1509 	1513
f 621 	1508 	1489
f 1514 	1429 	1517
f 197 	1518 	1513
f 2249 	1414 	1495
f 655 	1791 	1504
f 1524 	1800 	1522
f 1522 	1800 	1520
f 1481 	1513 	1518
f 1497 	2253 	1495
f 655 	1504 	1508
f 655 	1508 	656
f 60 	869 	202
f 621 	636 	1508
f 656 	1508 	636
f 2249 	1495 	2253
f 1573 	205 	202
f 2249 	2269 	1414
f 207 	1580 	197
f 1530 	1532 	1800
f 208 	1641 	207
f 1532 	1534 	1747
f 209 	1641 	208
f 1536 	1537 	1747
f 210 	1648 	209
f 1542 	1547 	1747
f 212 	1648 	210
f 1454 	2283 	2293
f 214 	1656 	212
f 1539 	1450 	1448
f 1539 	1448 	1540
f 1529 	1397 	1143
f 1656 	214 	1660
f 216 	1660 	214
f 1543 	1544 	1539
f 1543 	1539 	1540
f 722 	1545 	762
f 1548 	1549 	1544
f 1548 	1544 	1543
f 1660 	216 	1680
f 217 	1680 	216
f 1454 	1545 	722
f 1547 	1550 	1747
f 1551 	1552 	1549
f 1551 	1549 	1548
f 219 	1682 	1680
f 219 	1680 	217
f 2293 	1545 	1454
f 1553 	1558 	1746
f 1550 	1553 	1747
f 205 	1573 	1682
f 205 	1682 	219
f 1555 	1557 	1552
f 1555 	1552 	1551
f 1558 	1560 	1746
f 1746 	1747 	1553
f 1560 	1565 	1746
f 202 	869 	1559
f 2303 	1545 	2326
f 1565 	1569 	1746
f 1557 	1555 	1564
f 1563 	1564 	1555
f 869 	1914 	1559
f 1567 	1568 	1564
f 1567 	1564 	1563
f 1570 	1571 	1568
f 1570 	1568 	1567
f 202 	1559 	1573
f 1574 	1577 	1746
f 1570 	1290 	1571
f 1291 	1571 	1290
f 1864 	1575 	1198
f 1583 	1745 	1581
f 1577 	1578 	1745
f 1143 	1561 	1529
f 451 	461 	158
f 1585 	1745 	1583
f 1170 	1561 	1143
f 188 	158 	461
f 1587 	1745 	1585
f 1578 	1581 	1745
f 1588 	1745 	1587
f 2950 	2947 	1450
f 2952 	2950 	1450
f 2958 	2952 	1450
f 1450 	1539 	2958
f 1590 	2958 	1539
f 2965 	1590 	1539
f 1544 	2965 	1539
f 1549 	2970 	1544
f 1446 	1450 	2947
f 2947 	2944 	1446
f 2944 	2940 	1446
f 2734 	2730 	1422
f 1593 	1744 	1591
f 1591 	1745 	1588
f 1594 	1027 	1592
f 1595 	1744 	1593
f 3006 	3005 	1571
f 3005 	3004 	1571
f 1554 	1167 	1589
f 1597 	1744 	1595
f 1596 	1027 	1594
f 1554 	1561 	1170
f 1575 	1598 	1198
f 1599 	1603 	1744
f 1167 	1554 	1170
f 1603 	1604 	1744
f 1606 	1601 	1605
f 1743 	1744 	1604
f 1602 	1605 	1601
f 1609 	1743 	1604
f 1167 	1482 	1589
f 1607 	1610 	1032
f 1612 	1743 	1609
f 1774 	1589 	1482
f 1032 	1610 	1614
f 1618 	723 	573
f 1613 	1743 	1612
f 573 	1608 	1618
f 1621 	1743 	1619
f 1622 	1743 	1621
f 1624 	1734 	1622
f 1619 	1743 	1613
f 1626 	1734 	1624
f 1222 	1237 	998
f 1630 	1222 	1149
f 1198 	1630 	1149
f 1629 	1734 	1626
f 1743 	1622 	1734
f 1639 	1617 	1529
f 2652 	2663 	549
f 31 	30 	2590
f 33 	31 	2590
f 1630 	1198 	1598
f 1237 	1222 	1630
f 1635 	1734 	1634
f 1634 	1734 	1629
f 1737 	1529 	1617
f 1518 	197 	1580
f 1630 	1598 	1636
f 1638 	1734 	1635
f 1640 	1734 	1638
f 1641 	1580 	207
f 1641 	1481 	1580
f 752 	751 	1184
f 1237 	1630 	1636
f 1642 	1733 	1640
f 209 	1645 	1641
f 1644 	1632 	1733
f 1632 	1633 	1733
f 1648 	1645 	209
f 1582 	1649 	1575
f 1643 	1615 	3891
f 1611 	3890 	1615
f 1648 	1481 	1645
f 1575 	1649 	1598
f 1732 	1733 	1650
f 212 	1653 	1648
f 1639 	1529 	1561
f 1656 	1653 	212
f 761 	1194 	1197
f 1518 	1580 	1481
f 1656 	1481 	1653
f 1657 	1516 	1654
f 1661 	1662 	1516
f 1660 	1481 	1656
f 1647 	1643 	3891
f 1727 	1517 	1662
f 1517 	1516 	1662
f 1664 	1070 	1602
f 3891 	3899 	1651
f 1651 	1647 	3891
f 769 	766 	1210
f 1667 	1668 	1507
f 1655 	1651 	3899
f 769 	1210 	1212
f 1637 	1554 	1677
f 1753 	1507 	1668
f 1598 	1702 	1636
f 1669 	1753 	1668
f 1637 	1639 	1561
f 1670 	1753 	1669
f 1637 	1561 	1554
f 1649 	1582 	1671
f 1628 	1602 	1601
f 1672 	1753 	1670
f 1675 	1751 	1672
f 1628 	1664 	1602
f 748 	1174 	1176
f 1676 	1751 	1675
f 1679 	1751 	1676
f 1645 	1481 	1641
f 1680 	1481 	1660
f 3644 	2350 	2349
f 1681 	1751 	1679
f 1682 	1481 	1680
f 752 	1184 	1187
f 3644 	3645 	2350
f 1685 	1686 	1437
f 1673 	3099 	1677
f 1598 	1649 	1702
f 1573 	1559 	1481
f 1589 	1677 	1554
f 1687 	1688 	1505
f 1673 	1677 	1589
f 1690 	1665 	1507
f 1200 	763 	1197
f 3651 	2363 	2360
f 1665 	1667 	1507
f 1689 	1690 	1505
f 3651 	3653 	2363
f 765 	763 	1204
f 1695 	1696 	1510
f 1693 	1694 	1510
f 1671 	2095 	1691
f 1207 	766 	1204
f 1698 	1699 	1510
f 1207 	1210 	766
f 1437 	1510 	1699
f 1701 	1683 	1437
f 1636 	1700 	1269
f 1683 	1684 	1437
f 1684 	1685 	1437
f 1172 	1174 	744
f 1712 	1702 	1649
f 748 	1176 	751
f 1180 	751 	1176
f 1702 	1700 	1636
f 1180 	1184 	751
f 1709 	1512 	1707
f 3126 	1697 	1710
f 1187 	754 	752
f 1702 	1708 	1700
f 1705 	1514 	1704
f 1671 	1712 	1649
f 1187 	1191 	754
f 1713 	1718 	1512
f 1707 	1512 	1706
f 1678 	1714 	1715
f 1678 	1715 	1716
f 1697 	1717 	1710
f 1716 	1719 	1678
f 1719 	1720 	1678
f 1712 	1671 	1691
f 1721 	1692 	1510
f 1723 	1720 	1719
f 1723 	1719 	1724
f 1702 	1712 	1708
f 1718 	1721 	1512
f 1692 	1693 	1510
f 1699 	1701 	1437
f 1723 	1724 	1725
f 1726 	1725 	1724
f 1659 	1655 	3899
f 761 	1197 	763
f 1697 	1722 	1717
f 1730 	1517 	1728
f 1200 	1204 	763
f 3899 	3900 	1663
f 1663 	1659 	3899
f 1371 	1717 	1722
f 1204 	766 	765
f 1674 	1666 	3900
f 1666 	1663 	3900
f 1727 	1728 	1517
f 1703 	1514 	1730
f 1704 	1514 	1703
f 1706 	1514 	1705
f 1711 	1713 	1512
f 1212 	771 	769
f 1734 	1640 	1733
f 1644 	1733 	1642
f 1633 	1646 	1733
f 1646 	1650 	1733
f 1732 	1650 	1652
f 1652 	1654 	1732
f 1658 	1516 	1657
f 1661 	1516 	1658
f 1732 	1654 	1516
f 1736 	1606 	1735
f 771 	1212 	1467
f 1497 	1269 	1700
f 1700 	1708 	1740
f 1737 	1617 	3149
f 1174 	746 	744
f 1497 	1700 	1740
f 1696 	1698 	1510
f 1686 	1687 	1437
f 1505 	1437 	1687
f 1688 	1689 	1505
f 1507 	1505 	1690
f 1694 	1695 	1510
f 1510 	1512 	1721
f 1711 	1512 	1709
f 1514 	1706 	1512
f 1517 	1730 	1514
f 3888 	3887 	1739
f 1738 	3888 	1739
f 1710 	1717 	1761
f 748 	746 	1174
f 1740 	1708 	2371
f 1737 	1710 	1761
f 1712 	1691 	2374
f 1569 	1574 	1746
f 1745 	1746 	1577
f 1745 	1591 	1744
f 1597 	1599 	1744
f 1527 	1530 	1800
f 1801 	1520 	1800
f 1761 	1717 	1367
f 1712 	2374 	1708
f 1741 	1739 	3887
f 1750 	3924 	1749
f 1749 	3924 	1751
f 2371 	1708 	2374
f 1507 	1753 	3924
f 1742 	1741 	3887
f 754 	1191 	757
f 1756 	1757 	1797
f 1742 	3887 	1748
f 1194 	759 	1191
f 757 	1191 	759
f 1757 	1759 	1797
f 761 	759 	1194
f 1801 	1797 	1759
f 1529 	1737 	1397
f 1752 	3889 	1755
f 2395 	2253 	1740
f 1763 	1801 	1762
f 1760 	1801 	1759
f 1758 	3890 	1611
f 1755 	3889 	1758
f 1765 	1801 	1764
f 1737 	1761 	1397
f 1761 	1367 	1425
f 3676 	2389 	2388
f 1763 	1764 	1801
f 1520 	1801 	1765
f 1747 	1800 	1532
f 1534 	1536 	1747
f 1537 	1542 	1747
f 1525 	1800 	1524
f 1425 	1397 	1761
f 1770 	1771 	1798
f 809 	1271 	1219
f 3963 	1120 	1122
f 1773 	1775 	1797
f 1775 	1776 	1797
f 1772 	1773 	1797
f 1673 	1774 	3285
f 1776 	1754 	1797
f 1774 	1673 	1589
f 1754 	1756 	1797
f 1779 	1781 	1750
f 1781 	1782 	1750
f 1799 	1750 	1782
f 1736 	1735 	1725
f 1736 	1725 	1726
f 1723 	1725 	2755
f 1783 	1784 	1799
f 1798 	1799 	1784
f 3285 	1774 	1793
f 2755 	1720 	1723
f 3670 	2386 	2385
f 1769 	1770 	1798
f 1784 	1785 	1798
f 1808 	852 	1780
f 1480 	1793 	1774
f 1787 	1749 	1786
f 1788 	1749 	1787
f 1480 	1774 	1482
f 1790 	1735 	1606
f 1789 	1792 	1749
f 1792 	1794 	1749
f 1786 	1749 	1681
f 3678 	2389 	3676
f 1750 	1749 	1794
f 1815 	1767 	1795
f 1777 	1778 	1750
f 3691 	2394 	2393
f 1504 	1791 	1480
f 802 	1257 	1259
f 1753 	1672 	1751
f 1768 	1769 	1798
f 1771 	1772 	1798
f 1797 	1798 	1772
f 1760 	1762 	1801
f 1785 	1768 	1798
f 1782 	1783 	1799
f 1794 	1777 	1750
f 1778 	1779 	1750
f 1788 	1789 	1749
f 1751 	1681 	1749
f 1767 	1796 	1795
f 1791 	659 	610
f 1525 	1527 	1800
f 1486 	1487 	1802
f 1733 	1486 	1802
f 1733 	1802 	1734
f 659 	1791 	655
f 1804 	1487 	1803
f 1743 	1734 	1804
f 1802 	1804 	1734
f 1743 	1804 	1803
f 1803 	1806 	1744
f 1803 	1744 	1743
f 1806 	1807 	1745
f 1806 	1745 	1744
f 856 	852 	1808
f 1807 	595 	1746
f 1807 	1746 	1745
f 1746 	595 	1809
f 1746 	1809 	1747
f 1800 	1747 	1811
f 1809 	1811 	1747
f 1805 	1812 	1810
f 1039 	856 	1808
f 1814 	1487 	1813
f 1486 	1813 	1487
f 1487 	1814 	1516
f 1516 	1814 	1813
f 1516 	1813 	1732
f 1039 	1808 	1065
f 1813 	1486 	1733
f 1813 	1733 	1732
f 1767 	1815 	1780
f 1808 	1780 	1815
f 906 	1790 	904
f 901 	1790 	899
f 1808 	1815 	1065
f 1965 	1810 	1818
f 1241 	789 	1238
f 1141 	1815 	1795
f 3699 	2400 	2397
f 1245 	789 	1241
f 3701 	2402 	3699
f 1965 	1818 	1371
f 1141 	1065 	1815
f 1810 	1812 	1831
f 1818 	1810 	1831
f 976 	1831 	1812
f 2407 	2406 	3709
f 1244 	1371 	1818
f 802 	1259 	1261
f 1818 	987 	1244
f 809 	807 	1271
f 1818 	1831 	987
f 1831 	976 	1020
f 1274 	793 	1247
f 2381 	3665 	3667
f 816 	1274 	1275
f 1172 	744 	1275
f 987 	1831 	1020
f 1244 	987 	402
f 908 	1790 	906
f 910 	1790 	908
f 1825 	1841 	1839
f 914 	1790 	910
f 917 	1790 	914
f 919 	1790 	917
f 901 	904 	1790
f 922 	1790 	919
f 2381 	3667 	2383
f 1324 	840 	1322
f 2384 	2383 	3667
f 1795 	1152 	1141
f 840 	1324 	1327
f 1825 	1858 	1796
f 1858 	1795 	1796
f 3670 	2387 	2386
f 1858 	1825 	1839
f 1844 	1861 	1857
f 1795 	1858 	1152
f 848 	1331 	850
f 1337 	1341 	850
f 1858 	1839 	1864
f 1844 	1863 	1861
f 1851 	1885 	1863
f 1858 	1864 	1152
f 1832 	1871 	1841
f 1861 	1863 	1885
f 1841 	1871 	1839
f 1287 	1289 	826
f 1839 	1871 	2070
f 826 	1289 	1298
f 1950 	1946 	3898
f 1805 	1857 	1812
f 2075 	1871 	1832
f 831 	1303 	832
f 1857 	1861 	1880
f 1766 	1950 	3898
f 1876 	3892 	1878
f 3898 	3892 	1874
f 1880 	1812 	1857
f 1864 	1839 	2070
f 1861 	1036 	1880
f 1878 	3892 	1882
f 1456 	1459 	1481
f 1648 	1653 	1481
f 840 	1327 	843
f 1885 	1036 	1861
f 1337 	850 	1331
f 1036 	1885 	1058
f 1682 	1573 	1481
f 2406 	2404 	3707
f 1812 	1880 	976
f 3707 	3709 	2406
f 1880 	1036 	1054
f 225 	1897 	433
f 976 	1880 	1054
f 226 	1899 	1897
f 226 	1897 	225
f 1223 	776 	1219
f 230 	1900 	1899
f 230 	1899 	226
f 1226 	777 	1223
f 777 	1226 	1229
f 777 	1229 	780
f 231 	1903 	1900
f 231 	1900 	230
f 1900 	1903 	1334
f 781 	780 	1231
f 1229 	1231 	780
f 234 	1906 	1903
f 234 	1903 	231
f 3691 	2396 	2394
f 781 	1231 	784
f 1232 	784 	1231
f 238 	1908 	1906
f 238 	1906 	234
f 1889 	1780 	842
f 1906 	1329 	1903
f 1232 	1235 	784
f 785 	784 	1235
f 842 	1780 	852
f 240 	1911 	1908
f 240 	1908 	238
f 1235 	1238 	785
f 788 	785 	1238
f 1892 	1767 	1889
f 1767 	1780 	1889
f 1914 	1911 	240
f 1914 	240 	243
f 788 	1238 	789
f 1767 	1892 	1796
f 1245 	791 	789
f 244 	1919 	1914
f 244 	1914 	243
f 1245 	1247 	791
f 793 	791 	1247
f 1916 	3204 	1923
f 1918 	1796 	1892
f 1929 	1559 	1926
f 1919 	244 	1926
f 247 	1926 	244
f 1796 	1918 	1825
f 249 	1929 	1926
f 249 	1926 	247
f 798 	797 	1253
f 250 	1933 	1929
f 250 	1929 	249
f 798 	1253 	801
f 1257 	801 	1253
f 3204 	1925 	1923
f 1933 	1935 	1559
f 252 	1935 	1933
f 252 	1933 	250
f 802 	801 	1257
f 1935 	1938 	1559
f 1931 	1825 	1918
f 1261 	804 	802
f 253 	1938 	1935
f 253 	1935 	252
f 1925 	1905 	1968
f 1938 	1940 	1559
f 804 	1261 	806
f 1263 	806 	1261
f 256 	1940 	1938
f 256 	1938 	253
f 1923 	1925 	1968
f 1940 	1941 	1559
f 1268 	807 	1263
f 806 	1263 	807
f 2410 	2409 	3717
f 259 	1941 	1940
f 259 	1940 	256
f 1481 	1559 	1941
f 1905 	1805 	1968
f 1268 	1271 	807
f 1931 	1841 	1825
f 261 	1944 	1941
f 261 	1941 	259
f 1888 	1886 	3895
f 1944 	1481 	1941
f 1219 	773 	809
f 263 	1948 	1944
f 263 	1944 	261
f 1913 	1888 	3896
f 3895 	3896 	1888
f 1948 	1481 	1944
f 1905 	2014 	1805
f 3150 	1947 	834
f 1921 	1917 	3896
f 1917 	1913 	3896
f 773 	1219 	776
f 270 	1955 	1948
f 270 	1948 	263
f 776 	1223 	777
f 3897 	3898 	1946
f 272 	1957 	1955
f 272 	1955 	270
f 1957 	1481 	1955
f 275 	1959 	1957
f 275 	1957 	272
f 1916 	1923 	1722
f 1955 	1481 	1948
f 1959 	1481 	1957
f 278 	1961 	1959
f 278 	1959 	275
f 1722 	1697 	1916
f 1961 	1481 	1959
f 279 	1963 	1961
f 279 	1961 	278
f 3728 	2417 	2415
f 1965 	1722 	1923
f 281 	1966 	1963
f 281 	1963 	279
f 1963 	1481 	1961
f 1966 	1481 	1963
f 3728 	3731 	2417
f 281 	1973 	1966
f 1923 	1968 	1965
f 1977 	1979 	1481
f 1987 	1481 	1986
f 287 	1973 	281
f 1805 	1810 	1968
f 1790 	922 	927
f 1790 	927 	928
f 930 	1790 	928
f 935 	1790 	934
f 290 	1974 	1973
f 290 	1973 	287
f 1974 	1481 	1973
f 1965 	1968 	1810
f 3737 	2431 	2428
f 291 	1977 	1974
f 291 	1974 	290
f 1251 	1253 	797
f 1977 	1481 	1974
f 293 	1979 	1977
f 293 	1977 	291
f 1722 	1965 	1371
f 3717 	2409 	2408
f 295 	1981 	1979
f 295 	1979 	293
f 1981 	1481 	1979
f 297 	1983 	1981
f 297 	1981 	295
f 1889 	1947 	1892
f 1952 	1892 	1947
f 1966 	1973 	1481
f 299 	1986 	1983
f 299 	1983 	297
f 1952 	1958 	1918
f 1986 	1481 	1983
f 1892 	1952 	1918
f 300 	1987 	1986
f 300 	1986 	299
f 1958 	1931 	1918
f 302 	1989 	1987
f 302 	1987 	300
f 1522 	1520 	1817
f 1274 	814 	793
f 303 	1992 	1989
f 303 	1989 	302
f 816 	814 	1274
f 1990 	1931 	1958
f 816 	1275 	744
f 306 	1995 	1996
f 306 	1996 	308
f 1281 	821 	1278
f 1532 	1530 	1823
f 309 	1997 	1995
f 309 	1995 	306
f 821 	1281 	1285
f 821 	1285 	822
f 311 	1998 	1997
f 311 	1997 	309
f 825 	822 	1287
f 1285 	1287 	822
f 1985 	1988 	1999
f 825 	1287 	826
f 1298 	828 	826
f 2009 	1985 	1999
f 315 	2000 	1992
f 315 	1992 	303
f 1988 	2001 	1999
f 831 	828 	1303
f 1298 	1303 	828
f 1970 	2002 	1990
f 1990 	2002 	1931
f 316 	2003 	2000
f 316 	2000 	315
f 1306 	832 	1303
f 2003 	1481 	2000
f 2004 	2002 	1970
f 2001 	1988 	2509
f 797 	832 	1251
f 320 	2005 	2003
f 320 	2003 	316
f 321 	2006 	2005
f 321 	2005 	320
f 1322 	837 	1320
f 323 	2007 	2006
f 323 	2006 	321
f 1996 	1995 	1481
f 1841 	1931 	2002
f 1835 	1560 	1834
f 1996 	2007 	323
f 1996 	323 	308
f 1994 	1905 	1925
f 2002 	2004 	1832
f 843 	1327 	1328
f 1832 	1841 	2002
f 848 	1328 	1331
f 2010 	2008 	324
f 2010 	324 	326
f 2004 	2037 	2011
f 3929 	3928 	2010
f 933 	1790 	930
f 2012 	2010 	326
f 2012 	326 	328
f 2009 	1905 	1994
f 1832 	2004 	2011
f 1341 	851 	850
f 2013 	2012 	328
f 2013 	328 	329
f 851 	1341 	1278
f 939 	1790 	935
f 2009 	1999 	2014
f 942 	1790 	939
f 934 	1790 	933
f 2015 	2013 	329
f 2015 	329 	330
f 1905 	2009 	2014
f 2016 	2015 	330
f 2016 	330 	331
f 984 	988 	1790
f 819 	1278 	821
f 949 	1790 	950
f 2017 	2016 	331
f 2017 	331 	333
f 2017 	3929 	2016
f 1999 	2001 	1844
f 2018 	2017 	333
f 2018 	333 	335
f 2018 	3929 	2017
f 2014 	1999 	1844
f 2019 	2018 	335
f 2019 	335 	337
f 2018 	2019 	3929
f 1844 	2001 	1863
f 3734 	2424 	2423
f 342 	2021 	2020
f 342 	2020 	340
f 2014 	1844 	1857
f 1306 	1251 	832
f 2021 	2022 	3928
f 3735 	2427 	3734
f 1527 	1820 	1821
f 343 	2022 	2021
f 343 	2021 	342
f 1805 	2014 	1857
f 2022 	2023 	3928
f 1822 	1530 	1821
f 1322 	838 	837
f 345 	2023 	2022
f 345 	2022 	343
f 1322 	840 	838
f 1822 	1823 	1530
f 347 	2025 	2023
f 347 	2023 	345
f 349 	2026 	2025
f 349 	2025 	347
f 843 	1328 	845
f 1536 	1824 	1826
f 350 	2028 	2026
f 350 	2026 	349
f 845 	1328 	848
f 1536 	1826 	1537
f 352 	2029 	2028
f 352 	2028 	350
f 355 	2030 	2029
f 355 	2029 	352
f 2030 	2008 	3928
f 851 	1278 	819
f 2030 	355 	2008
f 324 	2008 	355
f 2008 	2010 	3928
f 1550 	1829 	1830
f 1998 	311 	2032
f 373 	2032 	311
f 1550 	1830 	1833
f 375 	2034 	2032
f 375 	2032 	373
f 2004 	1970 	2031
f 376 	2036 	2034
f 376 	2034 	375
f 2031 	2024 	2037
f 1364 	858 	1361
f 958 	961 	1790
f 378 	2038 	2036
f 378 	2036 	376
f 956 	958 	1790
f 1370 	860 	1364
f 858 	1364 	860
f 963 	1790 	961
f 2004 	2031 	2037
f 860 	1370 	1372
f 379 	2039 	2038
f 379 	2038 	378
f 2035 	2027 	2052
f 381 	2040 	2039
f 381 	2039 	379
f 899 	1790 	966
f 963 	966 	1790
f 383 	2041 	2040
f 383 	2040 	381
f 973 	974 	1618
f 2433 	3738 	3739
f 2041 	3928 	2040
f 2033 	2035 	2052
f 1375 	1377 	868
f 974 	977 	1618
f 385 	2042 	2041
f 385 	2041 	383
f 977 	980 	1618
f 868 	1377 	1379
f 2038 	3928 	2036
f 1790 	1618 	980
f 387 	2043 	2042
f 387 	2042 	385
f 950 	1790 	980
f 2043 	3928 	2042
f 388 	2045 	2043
f 388 	2043 	387
f 2045 	3928 	2043
f 990 	1790 	988
f 2047 	699 	2033
f 1993 	1991 	3893
f 993 	1790 	992
f 2057 	3928 	2055
f 3893 	3894 	2044
f 2044 	1993 	3893
f 997 	1735 	993
f 992 	1790 	990
f 2033 	2049 	2047
f 391 	2050 	2045
f 391 	2045 	388
f 1000 	1735 	997
f 2046 	2044 	3894
f 393 	2053 	2050
f 393 	2050 	391
f 2053 	3928 	2050
f 395 	2054 	2053
f 395 	2053 	393
f 2033 	2052 	2049
f 2050 	3928 	2045
f 2054 	3928 	2053
f 1886 	2051 	3895
f 2051 	2048 	3895
f 3894 	3895 	2048
f 2048 	2046 	3894
f 2055 	2054 	395
f 2055 	395 	398
f 1075 	1735 	1012
f 2024 	2056 	2037
f 2055 	3928 	2054
f 891 	1407 	1413
f 3290 	2056 	2024
f 2057 	2055 	398
f 2057 	398 	399
f 1735 	1075 	1081
f 1351 	891 	1413
f 2058 	2057 	399
f 2058 	399 	401
f 1093 	1735 	1091
f 2058 	3928 	2057
f 1094 	1735 	1093
f 1081 	1083 	1735
f 2059 	2058 	401
f 2059 	401 	403
f 1096 	1735 	1094
f 1083 	1091 	1735
f 1098 	1735 	1096
f 2060 	2059 	403
f 2060 	403 	406
f 1104 	1735 	1098
f 2020 	2060 	406
f 2020 	406 	340
f 2056 	3290 	2061
f 1109 	1735 	1104
f 1010 	1012 	1735
f 2042 	3928 	2041
f 2058 	2059 	3928
f 2059 	2060 	3928
f 2060 	2020 	3928
f 2026 	2028 	3928
f 2029 	2030 	3928
f 1111 	1735 	1109
f 2089 	2049 	2052
f 1112 	1735 	1111
f 1836 	1560 	1835
f 1838 	1574 	1837
f 1838 	1840 	1574
f 2075 	1832 	2011
f 880 	1389 	1392
f 1581 	1842 	1843
f 2062 	1731 	3901
f 1731 	1729 	3901
f 1845 	1581 	1843
f 3901 	3902 	2062
f 2064 	2062 	3902
f 2064 	3902 	2066
f 2068 	3903 	2071
f 2067 	3903 	2068
f 2070 	1871 	2073
f 1597 	1595 	1853
f 2072 	2071 	3904
f 2084 	2027 	2063
f 1443 	1452 	913
f 2074 	2072 	3904
f 2075 	2011 	2065
f 1455 	920 	1452
f 921 	920 	1458
f 1609 	1856 	1859
f 2075 	2073 	1871
f 921 	1458 	1460
f 2076 	2084 	2063
f 2074 	3904 	2077
f 1860 	1609 	1859
f 2076 	2069 	2086
f 2075 	2065 	2087
f 3904 	3905 	2077
f 2073 	2075 	2087
f 854 	1351 	1356
f 854 	1356 	855
f 2065 	2088 	2087
f 2079 	2078 	3905
f 2078 	2077 	3905
f 2084 	2076 	2086
f 1361 	857 	1356
f 855 	1356 	857
f 3905 	3906 	2080
f 857 	1361 	858
f 2182 	2069 	2185
f 860 	1372 	861
f 1845 	1583 	1581
f 2027 	2083 	2052
f 1846 	1585 	1845
f 1373 	863 	1372
f 861 	1372 	863
f 863 	1373 	1375
f 863 	1375 	865
f 865 	1375 	868
f 1849 	1591 	1848
f 1575 	1864 	2070
f 868 	1379 	870
f 2083 	2027 	2084
f 2070 	2073 	1582
f 1320 	837 	1379
f 1379 	837 	870
f 1582 	1575 	2070
f 1114 	1735 	1112
f 2073 	2085 	1582
f 876 	1388 	1389
f 1115 	1735 	1114
f 1117 	1735 	1115
f 1119 	1735 	1117
f 1121 	1735 	1119
f 880 	1392 	1395
f 2073 	2087 	2085
f 1124 	1735 	1121
f 1126 	1735 	1124
f 3745 	2440 	2438
f 2086 	2182 	2202
f 1402 	886 	1399
f 2092 	2085 	2087
f 886 	1402 	1407
f 1130 	1735 	1128
f 1128 	1735 	1126
f 1132 	1735 	1130
f 1351 	854 	891
f 1134 	1735 	1132
f 2089 	2052 	2083
f 1276 	1735 	1134
f 2087 	2088 	2092
f 2088 	2091 	2098
f 907 	903 	1443
f 2084 	2090 	2083
f 907 	1443 	913
f 2086 	2090 	2084
f 2092 	2088 	2098
f 913 	1452 	920
f 1145 	1618 	1144
f 1148 	1618 	1145
f 1192 	1144 	1618
f 1455 	1458 	920
f 1151 	1618 	1148
f 921 	1460 	924
f 1154 	1618 	1151
f 2459 	3759 	3761
f 924 	1460 	926
f 1461 	926 	1460
f 1159 	1618 	1154
f 1162 	1618 	1159
f 1164 	1618 	1162
f 3763 	2463 	2461
f 876 	926 	1388
f 1461 	1388 	926
f 1165 	1618 	1164
f 1166 	1618 	1165
f 1169 	1618 	1166
f 876 	1389 	877
f 877 	1389 	880
f 1171 	1618 	1169
f 972 	973 	1618
f 880 	1395 	881
f 1399 	884 	1395
f 881 	1395 	884
f 1182 	1618 	1179
f 1186 	1618 	1182
f 3771 	2473 	2472
f 884 	1399 	886
f 1179 	1618 	1177
f 886 	1407 	888
f 888 	1407 	891
f 2094 	2091 	2175
f 1597 	1853 	1854
f 897 	1048 	1415
f 1582 	2085 	1671
f 1417 	903 	1415
f 897 	1415 	903
f 2085 	2092 	2095
f 1417 	1443 	903
f 1860 	1612 	1609
f 1851 	2096 	1885
f 1671 	2085 	2095
f 2092 	2097 	2095
f 2098 	2091 	2094
f 2092 	2098 	2097
f 1816 	1817 	1520
f 2093 	2099 	2102
f 1522 	1817 	1819
f 3768 	2472 	2470
f 771 	1467 	929
f 2365 	2100 	2093
f 1821 	1530 	1527
f 2093 	2100 	2099
f 1532 	1823 	1824
f 1827 	1537 	1826
f 2095 	2097 	2633
f 952 	1478 	1484
f 1885 	2096 	1058
f 1691 	2095 	2633
f 2096 	2101 	1058
f 2096 	2102 	2101
f 1192 	1618 	1188
f 1186 	1188 	1618
f 962 	1491 	1494
f 2104 	2102 	2099
f 1496 	965 	1494
f 2109 	2056 	2106
f 1230 	1196 	1618
f 1618 	1196 	1175
f 1175 	1177 	1618
f 2101 	2102 	2104
f 2082 	2081 	3906
f 2081 	2080 	3906
f 1209 	1211 	1608
f 1211 	1213 	1608
f 1213 	1215 	1608
f 1206 	1608 	1203
f 1215 	1216 	1608
f 1216 	1218 	1608
f 1095 	1058 	2101
f 3745 	2441 	2440
f 2037 	2109 	2011
f 2056 	2109 	2037
f 2101 	2104 	2035
f 1224 	1618 	1221
f 1095 	2101 	2035
f 2443 	3747 	3748
f 1228 	1618 	1227
f 2027 	2035 	2104
f 1230 	1618 	1228
f 2065 	2011 	2109
f 2104 	2099 	2063
f 2063 	2027 	2104
f 2109 	2106 	2110
f 1234 	1608 	1233
f 1236 	1608 	1234
f 2109 	2110 	2065
f 1239 	1608 	1236
f 1240 	1608 	1239
f 1243 	1608 	1240
f 1246 	1608 	1243
f 2433 	3739 	2434
f 1095 	2035 	2033
f 2110 	2106 	2111
f 2434 	3739 	2435
f 1252 	1608 	1250
f 1256 	1608 	1252
f 1258 	1608 	1256
f 1260 	1608 	1258
f 1262 	1608 	1260
f 2065 	2110 	2088
f 1264 	1608 	1262
f 1267 	1608 	1264
f 2110 	2111 	2091
f 1270 	1272 	1608
f 1250 	1608 	1249
f 952 	1484 	1485
f 3748 	2445 	2443
f 1272 	1273 	1608
f 2091 	2088 	2110
f 1270 	1608 	1267
f 2445 	3748 	2448
f 1233 	1608 	1273
f 2116 	2100 	2442
f 1202 	1608 	1246
f 1202 	1203 	1608
f 1279 	1735 	1277
f 1277 	1735 	1276
f 962 	1494 	965
f 3966 	1199 	1168
f 1280 	1735 	1279
f 2456 	3758 	3759
f 2061 	2106 	2056
f 1286 	1608 	1284
f 3761 	2461 	2459
f 2061 	2114 	2106
f 1140 	1608 	1137
f 1137 	1608 	1286
f 1249 	1608 	1140
f 1735 	1284 	1608
f 1498 	965 	1496
f 1284 	1735 	1283
f 1280 	1283 	1735
f 1206 	1209 	1608
f 1618 	1608 	1218
f 1618 	1218 	1221
f 1224 	1227 	1618
f 2061 	2115 	2114
f 2446 	2116 	2442
f 953 	1790 	949
f 953 	956 	1790
f 2114 	2115 	2124
f 1171 	972 	1618
f 2100 	2116 	2131
f 2116 	2112 	2117
f 1790 	942 	984
f 1002 	1735 	1000
f 1004 	1735 	1002
f 1007 	1735 	1004
f 1007 	1010 	1735
f 1790 	993 	1735
f 3759 	2458 	2456
f 2131 	2116 	2117
f 2458 	3759 	2459
f 2112 	2119 	2117
f 2120 	1736 	2118
f 2121 	1736 	2120
f 2106 	2114 	2111
f 2122 	1736 	2121
f 2281 	2119 	2112
f 3763 	2464 	2463
f 2123 	1736 	2122
f 2125 	1736 	2123
f 2126 	1736 	2125
f 2128 	1736 	2127
f 2130 	1736 	2129
f 2100 	2131 	2099
f 1565 	1560 	1836
f 1837 	1569 	1565
f 1837 	1565 	1836
f 2177 	1736 	2132
f 2130 	2132 	1736
f 2063 	2099 	2131
f 2103 	2082 	3907
f 3906 	3907 	2082
f 2153 	2124 	2133
f 2105 	2103 	3907
f 1819 	1524 	1522
f 2117 	2076 	2131
f 2141 	1736 	2140
f 2136 	2108 	3908
f 3907 	3908 	2107
f 2144 	1736 	2143
f 2143 	1736 	2141
f 2063 	2131 	2076
f 2118 	1736 	2144
f 2147 	1628 	2145
f 2117 	2119 	2069
f 1008 	1006 	1541
f 2148 	1628 	2147
f 2076 	2117 	2069
f 2139 	2136 	3908
f 2134 	1736 	2151
f 2176 	2124 	2153
f 2157 	1628 	2155
f 3908 	3909 	2139
f 2160 	1628 	2158
f 2158 	1628 	2157
f 2142 	2139 	3909
f 2163 	1628 	2162
f 2146 	2142 	3909
f 2150 	2146 	3910
f 2133 	2192 	2153
f 2165 	1628 	2163
f 2145 	1628 	2165
f 2149 	1628 	2148
f 2161 	2156 	3911
f 2156 	2152 	3910
f 2168 	1628 	2167
f 2164 	2161 	3911
f 2172 	1628 	2171
f 2171 	1628 	2170
f 2091 	2111 	2175
f 3911 	3912 	2166
f 1628 	2172 	2173
f 1628 	2173 	2154
f 2154 	2155 	1628
f 2162 	1628 	2160
f 2111 	2114 	2176
f 2124 	2176 	2114
f 2179 	1736 	2178
f 2180 	1736 	2179
f 1820 	1525 	1524
f 1820 	1524 	1819
f 2177 	2178 	1736
f 2111 	2176 	2175
f 2069 	2182 	2086
f 2183 	1736 	2181
f 1527 	1525 	1820
f 2184 	1736 	2183
f 2181 	1736 	2180
f 1736 	2184 	2186
f 2187 	1736 	2186
f 2189 	1736 	2188
f 2190 	1736 	2189
f 2188 	1736 	2187
f 1824 	1534 	1532
f 1536 	1534 	1824
f 2191 	1736 	2190
f 2185 	2174 	2210
f 1537 	1827 	1828
f 1542 	1537 	1828
f 2153 	2192 	2225
f 2182 	2185 	2210
f 1829 	1547 	1542
f 1829 	1542 	1828
f 2197 	2198 	1606
f 1550 	1547 	1829
f 2200 	1606 	2199
f 2197 	1606 	2196
f 2090 	2086 	2202
f 2204 	1606 	2203
f 2206 	1606 	2204
f 2169 	3912 	2201
f 2182 	2207 	2202
f 2208 	1606 	2206
f 2200 	2203 	1606
f 2211 	1606 	2208
f 2205 	2201 	3913
f 2212 	1606 	2211
f 2214 	1606 	2212
f 2215 	1606 	2214
f 1833 	1553 	1550
f 2182 	2210 	2207
f 2175 	2936 	2094
f 3771 	2475 	2473
f 1553 	1833 	1558
f 1834 	1558 	1833
f 2153 	2216 	2176
f 1834 	1560 	1558
f 2176 	2216 	2175
f 3775 	2478 	2477
f 2218 	1606 	2217
f 2215 	2217 	1606
f 2153 	2225 	2216
f 2219 	1606 	2218
f 2220 	1606 	2219
f 2221 	1606 	2220
f 2222 	1606 	2221
f 1574 	1569 	1837
f 2223 	1606 	2222
f 1840 	1577 	1574
f 1538 	1541 	1006
f 2224 	1606 	2223
f 2227 	1606 	2226
f 2228 	1606 	2227
f 2229 	2230 	1606
f 2224 	2226 	1606
f 2230 	2231 	1606
f 2231 	2232 	1606
f 2232 	2233 	1606
f 2216 	2225 	2938
f 2233 	2234 	1606
f 2225 	2889 	2964
f 2236 	1601 	2235
f 2237 	1601 	2236
f 2238 	1601 	2237
f 2964 	2938 	2225
f 1021 	1579 	1584
f 2431 	3737 	3777
f 2242 	1628 	2241
f 2159 	2239 	2251
f 1628 	2243 	2244
f 2244 	2167 	1628
f 2168 	2170 	1628
f 929 	1467 	1470
f 2246 	1628 	2245
f 2174 	2247 	2210
f 940 	1470 	943
f 1474 	943 	1470
f 2174 	2159 	2251
f 943 	1474 	945
f 1475 	945 	1474
f 945 	1475 	1478
f 2256 	1628 	2255
f 2247 	2174 	2251
f 2240 	1628 	2257
f 1485 	954 	952
f 2256 	2257 	1628
f 2240 	2241 	1628
f 2242 	2243 	1628
f 1989 	1481 	1987
f 3928 	1481 	1995
f 3928 	1995 	1997
f 3928 	1997 	1998
f 2034 	3928 	2032
f 1998 	2032 	3928
f 3928 	2034 	2036
f 2038 	2039 	3928
f 2039 	2040 	3928
f 812 	2247 	2251
f 954 	1485 	957
f 1488 	957 	1485
f 1992 	1481 	1989
f 2259 	1601 	2258
f 3556 	2210 	2247
f 1488 	1491 	957
f 959 	957 	1491
f 2000 	1481 	1992
f 2260 	1601 	2259
f 2262 	1601 	2260
f 962 	959 	1491
f 2263 	1601 	2262
f 2005 	1481 	2003
f 2006 	1481 	2005
f 2266 	1601 	2265
f 2249 	2253 	2261
f 1498 	967 	965
f 2267 	1601 	2266
f 2264 	1601 	2263
f 2264 	2265 	1601
f 1499 	970 	1498
f 967 	1498 	970
f 2270 	1601 	2268
f 2267 	2268 	1601
f 2481 	2480 	3777
f 970 	1499 	1500
f 2007 	1481 	2006
f 2007 	1996 	1481
f 2273 	2274 	1601
f 975 	971 	1502
f 2249 	2261 	2285
f 2274 	2275 	1601
f 1628 	1601 	2245
f 2269 	2249 	2285
f 975 	1502 	978
f 1503 	978 	1502
f 1506 	979 	978
f 1506 	978 	1503
f 2280 	1601 	2279
f 2238 	2277 	1601
f 1506 	1511 	979
f 981 	979 	1511
f 1578 	1577 	1842
f 2112 	2113 	2281
f 981 	1511 	983
f 1515 	983 	1511
f 2283 	1457 	2269
f 1578 	1842 	1581
f 1515 	1519 	983
f 985 	983 	1519
f 2269 	2284 	2283
f 2494 	2492 	3789
f 1583 	1845 	1585
f 1521 	989 	985
f 1521 	985 	1519
f 3789 	2495 	2494
f 1847 	1587 	1585
f 1847 	1585 	1846
f 2113 	2282 	2281
f 989 	1521 	1523
f 1847 	1848 	1587
f 1588 	1587 	1848
f 1006 	1523 	1538
f 2282 	2271 	2292
f 2269 	2285 	2284
f 1591 	1588 	1848
f 929 	1470 	940
f 1591 	1849 	1850
f 1852 	1595 	1850
f 2271 	2276 	2286
f 1852 	1853 	1595
f 2209 	2205 	3913
f 2271 	2286 	2292
f 1854 	1599 	1597
f 2213 	2209 	3913
f 2276 	2322 	2286
f 1599 	1854 	1603
f 1855 	1603 	1854
f 2283 	2284 	2295
f 3913 	3866 	2213
f 1855 	1856 	1603
f 1604 	1603 	1856
f 2276 	2325 	2322
f 1609 	1604 	1856
f 2489 	3785 	3786
f 2287 	2213 	3866
f 2284 	2285 	2453
f 1612 	1860 	1862
f 2119 	2281 	2291
f 3788 	3789 	2492
f 2288 	2287 	3866
f 1619 	1613 	1865
f 2282 	2292 	2281
f 2281 	2292 	2291
f 3793 	2498 	2496
f 1840 	1842 	1577
f 2500 	2498 	3793
f 2159 	2292 	2286
f 2295 	2293 	2283
f 3795 	2501 	2500
f 3866 	3867 	2289
f 2290 	2289 	3867
f 2291 	2292 	2159
f 2294 	2290 	3867
f 3795 	2466 	2501
f 2159 	2286 	2239
f 3867 	3868 	2294
f 762 	2303 	760
f 1850 	1593 	1591
f 1545 	2303 	762
f 2297 	2296 	3868
f 2296 	2294 	3868
f 2185 	2119 	2291
f 1595 	1593 	1850
f 2119 	2185 	2069
f 2293 	2326 	1545
f 2298 	2297 	3868
f 2291 	2159 	2174
f 2293 	2295 	2310
f 2185 	2291 	2174
f 2326 	2293 	2310
f 2295 	2336 	2310
f 2299 	2298 	3869
f 760 	2303 	786
f 2319 	1601 	2280
f 786 	2303 	2323
f 1862 	1613 	1612
f 2303 	2326 	2323
f 1478 	947 	945
f 2326 	2310 	2343
f 2326 	2343 	2323
f 952 	947 	1478
f 2323 	682 	678
f 1866 	1619 	1865
f 685 	682 	2343
f 2323 	2343 	682
f 2322 	2239 	2286
f 2536 	2295 	2284
f 1868 	1624 	1867
f 1624 	1868 	1626
f 1869 	1626 	1868
f 1626 	1869 	1870
f 2536 	2336 	2295
f 2305 	2300 	3869
f 811 	3955 	836
f 2310 	2336 	2346
f 2343 	2310 	2346
f 1635 	1875 	1877
f 3869 	3870 	2305
f 2509 	2344 	2001
f 2346 	2336 	2556
f 1879 	1635 	1877
f 1644 	1883 	1884
f 2343 	2346 	687
f 2343 	687 	685
f 687 	2346 	2556
f 1644 	1884 	1873
f 3875 	3876 	2356
f 2352 	3875 	2356
f 2338 	2365 	2354
f 2359 	2356 	3876
f 2633 	2361 	1691
f 2362 	3876 	2366
f 1991 	2366 	3893
f 2359 	3876 	2362
f 1863 	2001 	2344
f 1500 	971 	970
f 2376 	1601 	2319
f 2377 	1601 	2376
f 1851 	1863 	2344
f 2379 	1601 	2377
f 1601 	2277 	2278
f 971 	1500 	1502
f 2374 	1691 	2361
f 2374 	2361 	2399
f 1851 	2344 	2380
f 2371 	2374 	2399
f 2399 	2361 	2488
f 2401 	1851 	2380
f 1523 	991 	989
f 3678 	2390 	2389
f 2361 	2675 	2488
f 2354 	2365 	2093
f 2391 	2390 	3678
f 1526 	995 	1528
f 999 	996 	1531
f 1740 	2371 	2395
f 999 	1531 	1001
f 1533 	1001 	1531
f 1001 	1533 	1003
f 1535 	1003 	1533
f 2442 	2100 	2365
f 2371 	2398 	2395
f 1003 	1535 	1556
f 1006 	991 	1523
f 2354 	2401 	2380
f 2400 	3699 	2402
f 2403 	2402 	3701
f 2371 	2399 	2398
f 1657 	1893 	1894
f 2401 	2354 	2093
f 1008 	1541 	1546
f 1895 	1658 	1894
f 2096 	1851 	2401
f 995 	1546 	1528
f 1013 	1003 	1556
f 2401 	2093 	2102
f 1013 	1556 	1014
f 1562 	1014 	1556
f 2253 	2395 	2261
f 1862 	1865 	1613
f 1014 	1562 	1016
f 1566 	1016 	1562
f 2102 	2096 	2401
f 1866 	1621 	1619
f 1572 	1016 	1566
f 1867 	1622 	1621
f 1867 	1621 	1866
f 1019 	1018 	1576
f 3705 	3707 	2404
f 1624 	1622 	1867
f 1579 	1021 	1576
f 1870 	1629 	1626
f 1870 	1875 	1629
f 1632 	1873 	1872
f 2261 	2454 	2285
f 2382 	1601 	2379
f 2412 	1601 	2382
f 3726 	2414 	2413
f 2258 	1601 	2412
f 1526 	996 	995
f 3726 	2415 	2414
f 1526 	1531 	996
f 2234 	2235 	1601
f 1601 	1606 	2234
f 2278 	2279 	1601
f 2228 	2229 	1606
f 3731 	2419 	2417
f 2270 	2272 	1601
f 2275 	2245 	1601
f 1628 	2246 	2248
f 1628 	2248 	2250
f 1628 	2250 	2252
f 1628 	2252 	2254
f 2254 	2255 	1628
f 2505 	2502 	3882
f 2419 	3731 	2421
f 3732 	2421 	3731
f 2423 	2421 	3732
f 2418 	2372 	3884
f 2405 	2426 	2420
f 2424 	3734 	2427
f 2422 	3885 	2425
f 2151 	1736 	2149
f 2135 	1736 	2134
f 2137 	1736 	2135
f 1736 	2138 	2140
f 2126 	2127 	1736
f 2129 	1736 	2128
f 3735 	2428 	2427
f 1546 	1011 	1008
f 1011 	1546 	995
f 2138 	1736 	2137
f 1628 	2149 	1736
f 2272 	2273 	1601
f 3777 	2480 	2431
f 2425 	3885 	2430
f 1736 	2191 	2193
f 1736 	2193 	2194
f 2195 	1606 	2194
f 2196 	1606 	2195
f 2198 	2199 	1606
f 1736 	2194 	1606
f 2405 	2429 	2426
f 1572 	1018 	1016
f 2439 	2398 	2503
f 1714 	2526 	1715
f 1572 	1576 	1018
f 1380 	123 	1384
f 1019 	1576 	1021
f 2398 	2439 	2395
f 1584 	1022 	1021
f 2395 	2439 	2261
f 2338 	2416 	2365
f 1022 	1584 	1024
f 1586 	1024 	1584
f 1294 	1290 	1714
f 2416 	2420 	2442
f 1296 	1294 	1714
f 2261 	2439 	2454
f 2365 	2416 	2442
f 2430 	3885 	2432
f 3963 	1122 	1100
f 411 	1304 	1714
f 2420 	2426 	2446
f 2442 	2420 	2446
f 2444 	3886 	2447
f 1199 	3966 	3967
f 411 	1318 	1311
f 1307 	411 	1311
f 1301 	1714 	1304
f 1299 	1296 	1714
f 1301 	1299 	1714
f 2450 	3875 	2352
f 2447 	3886 	2450
f 2113 	2426 	2684
f 3783 	3949 	3950
f 3950 	3951 	3783
f 1332 	411 	1335
f 2285 	2454 	2453
f 1355 	1352 	411
f 2460 	2457 	3878
f 2112 	2116 	2446
f 3878 	3879 	2460
f 2426 	2113 	2446
f 1318 	411 	1362
f 2112 	2446 	2113
f 2462 	2460 	3879
f 1338 	1335 	411
f 1332 	1368 	411
f 1368 	1365 	411
f 1365 	1362 	411
f 1307 	1304 	411
f 2454 	2476 	2453
f 2515 	2476 	2454
f 2455 	2478 	3775
f 1024 	1586 	1026
f 1586 	1592 	1026
f 2453 	2476 	2540
f 1027 	1026 	1592
f 1879 	1638 	1635
f 1596 	1028 	1027
f 1881 	1640 	1638
f 1881 	1638 	1879
f 1173 	3965 	3966
f 1600 	1029 	1028
f 1600 	1028 	1596
f 1881 	1883 	1640
f 1642 	1640 	1883
f 1607 	1030 	1600
f 1029 	1600 	1030
f 1644 	1642 	1883
f 1030 	1607 	1032
f 1873 	1632 	1644
f 1614 	1033 	1032
f 1033 	1614 	1616
f 1033 	1616 	1035
f 1887 	1890 	1646
f 1650 	1646 	1890
f 3786 	2490 	2489
f 2491 	2490 	3786
f 1650 	1890 	1652
f 1891 	1652 	1890
f 2465 	2462 	3879
f 1891 	1893 	1652
f 3879 	3880 	2467
f 2467 	2465 	3879
f 2488 	2506 	2399
f 2399 	2506 	2398
f 2469 	2467 	3880
f 1894 	1658 	1657
f 3319 	1988 	1985
f 1658 	1895 	1896
f 2488 	2729 	2506
f 2471 	2469 	3880
f 3957 	882 	864
f 1727 	1662 	1980
f 2474 	2471 	3880
f 1872 	1633 	1632
f 1887 	1633 	1872
f 2499 	2479 	2509
f 1346 	411 	1352
f 1346 	1344 	411
f 1344 	1342 	411
f 1342 	1338 	411
f 3880 	3881 	2474
f 2398 	2506 	2503
f 3881 	3882 	2497
f 2566 	1254 	2567
f 1988 	2499 	2509
f 1620 	1037 	1616
f 1035 	1616 	1037
f 2479 	2483 	2513
f 2517 	2507 	2519
f 2517 	2516 	2507
f 1037 	1620 	1623
f 1037 	1623 	1040
f 1386 	123 	1393
f 2509 	2479 	2513
f 1625 	1043 	1623
f 1040 	1623 	1043
f 2439 	2503 	2515
f 411 	123 	1355
f 2514 	2583 	2507
f 1396 	1359 	123
f 1359 	1355 	123
f 1043 	1625 	1627
f 1043 	1627 	1044
f 2439 	2515 	2454
f 1403 	1400 	123
f 1400 	1396 	123
f 1044 	1627 	1631
f 1044 	1631 	1048
f 2503 	2521 	2515
f 3967 	3969 	1199
f 1405 	123 	1408
f 1048 	1631 	1415
f 2521 	2503 	2743
f 1380 	1383 	123
f 1383 	1390 	123
f 1390 	1410 	123
f 1410 	1408 	123
f 1405 	1403 	123
f 2523 	2504 	2524
f 1629 	1875 	1634
f 1635 	1634 	1875
f 2338 	2541 	2518
f 2515 	2521 	2582
f 1176 	1287 	1180
f 1174 	1287 	1176
f 1172 	1275 	1229
f 1274 	1229 	1275
f 1184 	1287 	1187
f 1212 	1210 	1287
f 1210 	1207 	1287
f 1207 	1204 	1287
f 1204 	1200 	1287
f 1200 	1197 	1287
f 1197 	1194 	1287
f 1194 	1191 	1287
f 1187 	1287 	1191
f 2515 	2582 	2476
f 2537 	2525 	2504
f 2524 	2504 	2525
f 2522 	2504 	2523
f 2520 	2507 	2522
f 2519 	2507 	2520
f 2603 	2338 	2518
f 2528 	2527 	2504
f 1235 	1232 	1245
f 1232 	1231 	1245
f 1231 	1229 	1245
f 1247 	1245 	1229
f 1226 	1172 	1229
f 1223 	1172 	1226
f 1219 	1172 	1223
f 1238 	1235 	1245
f 1241 	1238 	1245
f 2529 	2528 	2504
f 1646 	1633 	1887
f 2530 	2529 	2504
f 2020 	2021 	3928
f 3929 	2010 	2012
f 3929 	2012 	2013
f 3929 	2013 	2015
f 2015 	2016 	3929
f 2344 	2509 	2513
f 1253 	1251 	1172
f 1251 	1306 	1172
f 1257 	1253 	1172
f 1271 	1172 	1219
f 1184 	1180 	1287
f 1268 	1172 	1271
f 1263 	1172 	1268
f 1261 	1172 	1263
f 1259 	1172 	1261
f 1893 	1654 	1652
f 1657 	1654 	1893
f 2453 	2536 	2284
f 1247 	1229 	1274
f 1259 	1257 	1172
f 1172 	1287 	1174
f 2344 	2513 	2380
f 2537 	2504 	2538
f 2483 	2541 	2513
f 2540 	2536 	2453
f 2518 	2541 	2483
f 1896 	1661 	1658
f 2538 	2504 	2539
f 1661 	1896 	1662
f 1898 	1662 	1896
f 2534 	2533 	2512
f 2504 	2512 	2533
f 2504 	2533 	2532
f 2504 	2532 	2531
f 2531 	2530 	2504
f 2527 	2539 	2504
f 1361 	1356 	1281
f 1278 	1361 	1281
f 1306 	1303 	1172
f 1303 	1298 	1172
f 1298 	1289 	1172
f 1287 	1172 	1289
f 1898 	1980 	1662
f 2023 	2025 	3928
f 2513 	2541 	2380
f 2354 	2541 	2338
f 1331 	1361 	1337
f 1341 	1337 	1361
f 1328 	1361 	1331
f 1327 	1361 	1328
f 1324 	1361 	1327
f 1322 	1361 	1324
f 1320 	1361 	1322
f 1278 	1341 	1361
f 1285 	1281 	1356
f 2354 	2380 	2541
f 1388 	1461 	1287
f 2553 	2512 	2547
f 2548 	2547 	2512
f 2549 	2548 	2512
f 2550 	2549 	2512
f 2551 	2550 	2512
f 1421 	1393 	2526
f 2502 	2497 	3882
f 2497 	2493 	3881
f 123 	2526 	1393
f 1372 	1370 	1373
f 1370 	1364 	1373
f 1373 	1364 	1361
f 1413 	1287 	1351
f 1356 	1351 	1287
f 1375 	1373 	1361
f 1320 	1379 	1361
f 1379 	1377 	1361
f 1375 	1361 	1377
f 2553 	2552 	2512
f 2535 	2512 	2552
f 2535 	2534 	2512
f 1421 	2526 	1423
f 1431 	1427 	2526
f 1427 	1423 	2526
f 2512 	2545 	2544
f 2512 	2544 	2542
f 2543 	2512 	2542
f 2543 	2551 	2512
f 2540 	2558 	2536
f 1440 	1431 	2526
f 2526 	1714 	1445
f 1445 	1440 	2526
f 2536 	2558 	2336
f 1407 	1287 	1413
f 1287 	1285 	1356
f 1407 	1402 	1287
f 1402 	1399 	1287
f 1399 	1395 	1287
f 1395 	1392 	1287
f 1389 	1287 	1392
f 1388 	1287 	1389
f 1448 	1445 	1714
f 3512 	3510 	2546
f 2597 	2596 	2545
f 2347 	3872 	2554
f 1540 	1714 	1543
f 2336 	2558 	2556
f 2560 	2559 	1254
f 1548 	1714 	1551
f 1551 	1714 	1555
f 1586 	1287 	1592
f 1452 	1443 	1287
f 1443 	1417 	1287
f 1417 	1415 	1287
f 1415 	1631 	1287
f 1461 	1460 	1287
f 1458 	1287 	1460
f 2561 	2557 	3873
f 2554 	3872 	2557
f 2614 	2558 	2540
f 1467 	1212 	1287
f 1563 	1555 	1714
f 2572 	2507 	2573
f 1570 	1567 	1714
f 1567 	1563 	1714
f 2556 	690 	687
f 3873 	3874 	2565
f 2565 	2561 	3873
f 2601 	2600 	2545
f 2546 	2545 	3512
f 2595 	3512 	2545
f 2596 	2595 	2545
f 1570 	1714 	1290
f 2570 	2565 	3874
f 2580 	2573 	2507
f 1500 	1499 	1287
f 1499 	1498 	1287
f 1498 	1496 	1287
f 1496 	1494 	1287
f 1494 	1491 	1287
f 1491 	1488 	1287
f 1488 	1485 	1287
f 1485 	1484 	1287
f 1484 	1478 	1287
f 1478 	1475 	1287
f 1475 	1474 	1287
f 1474 	1470 	1287
f 1470 	1467 	1287
f 1384 	123 	1386
f 3877 	2576 	3874
f 2574 	2570 	3874
f 2580 	2507 	2581
f 2583 	2581 	2507
f 1540 	1448 	1714
f 1548 	1543 	1714
f 2584 	2579 	3877
f 1287 	1538 	1523
f 1287 	1523 	1521
f 1287 	1521 	1519
f 1287 	1519 	1515
f 1287 	1515 	1511
f 1287 	1511 	1506
f 1287 	1506 	1503
f 1287 	1503 	1502
f 1287 	1502 	1500
f 2692 	2526 	2586
f 2504 	2522 	2507
f 2587 	2586 	2526
f 3508 	3919 	3510
f 3510 	3919 	2546
f 2512 	2601 	2545
f 2588 	2587 	2526
f 2602 	2476 	2582
f 2516 	2514 	2507
f 2571 	1254 	2572
f 2568 	1254 	2571
f 2567 	1254 	2568
f 2493 	2474 	3881
f 2457 	2585 	3878
f 3877 	3878 	2585
f 2585 	2584 	3877
f 1535 	1287 	1556
f 1533 	1287 	1535
f 1531 	1287 	1533
f 1526 	1287 	1531
f 1528 	1287 	1526
f 1546 	1287 	1528
f 1541 	1287 	1546
f 1538 	1287 	1541
f 1458 	1455 	1287
f 2582 	2861 	2602
f 2559 	2577 	1254
f 2577 	2575 	3919
f 2582 	2811 	2861
f 1584 	1287 	1586
f 1579 	1287 	1584
f 1576 	1287 	1579
f 1572 	1287 	1576
f 1566 	1287 	1572
f 1562 	1287 	1566
f 1556 	1287 	1562
f 1455 	1452 	1287
f 2483 	3409 	2555
f 1676 	1675 	1915
f 2600 	2599 	2545
f 2555 	2562 	2518
f 2476 	2602 	2540
f 2518 	2483 	2555
f 2562 	2569 	2603
f 2599 	2598 	2545
f 2575 	2546 	3919
f 2598 	2597 	2545
f 1625 	1287 	1627
f 1623 	1287 	1625
f 1620 	1287 	1623
f 1631 	1627 	1287
f 1616 	1287 	1620
f 1614 	1287 	1616
f 1610 	1287 	1614
f 1607 	1287 	1610
f 1600 	1287 	1607
f 1594 	1287 	1596
f 1592 	1287 	1594
f 1596 	1287 	1600
f 2540 	2602 	2614
f 3523 	3521 	2512
f 2605 	604 	2604
f 606 	2604 	604
f 2563 	2560 	1254
f 2518 	2562 	2603
f 1079 	612 	2605
f 604 	2605 	612
f 1079 	2605 	2604
f 1079 	2604 	1084
f 2569 	2578 	2606
f 2604 	606 	1085
f 2604 	1085 	1084
f 2603 	2569 	2606
f 606 	605 	2607
f 2608 	2990 	2611
f 1085 	606 	2607
f 1085 	2607 	1086
f 2607 	605 	2608
f 2606 	2578 	2405
f 1089 	1086 	2608
f 2607 	2608 	1086
f 51 	49 	2526
f 53 	51 	2526
f 55 	53 	2526
f 128 	55 	2526
f 123 	133 	2526
f 2558 	2610 	2556
f 605 	2990 	2608
f 1105 	2611 	3109
f 2611 	1090 	1089
f 2611 	1089 	2608
f 1090 	2611 	1105
f 2631 	549 	2612
f 2612 	549 	2613
f 2609 	2405 	2578
f 2614 	2610 	2558
f 47 	45 	2589
f 2609 	2429 	2405
f 1758 	2144 	1755
f 1684 	1683 	1928
f 2875 	2610 	2614
f 2144 	1758 	1611
f 1684 	1928 	1930
f 2625 	2423 	2624
f 2556 	2610 	706
f 2556 	706 	690
f 3961 	1106 	3960
f 2796 	2429 	2609
f 43 	42 	2589
f 42 	41 	2589
f 36 	35 	2589
f 2098 	2094 	2647
f 2591 	2590 	28
f 2637 	2429 	2796
f 2630 	549 	2631
f 2098 	2647 	2097
f 41 	38 	2589
f 45 	43 	2589
f 2589 	2526 	47
f 2616 	3861 	2617
f 2647 	2094 	2632
f 2603 	2606 	2416
f 2619 	3861 	3857
f 2617 	3861 	2619
f 3856 	2615 	3857
f 2619 	3857 	2615
f 2094 	2936 	2632
f 2338 	2603 	2416
f 1688 	1934 	1936
f 2606 	2405 	2420
f 1688 	1936 	1937
f 2624 	2972 	2625
f 2416 	2606 	2420
f 2625 	2972 	2973
f 2625 	2973 	2627
f 2627 	2973 	2616
f 30 	28 	2590
f 38 	36 	2589
f 35 	33 	2589
f 2636 	549 	2635
f 549 	1715 	2635
f 2634 	3927 	2640
f 2641 	2634 	2640
f 2639 	2640 	3927
f 2097 	2644 	2633
f 2648 	3917 	2649
f 2649 	3917 	2650
f 2651 	2650 	3917
f 2642 	2638 	1715
f 2097 	2647 	2644
f 2613 	549 	2654
f 2656 	2649 	2653
f 2647 	2632 	2687
f 2659 	2649 	2656
f 2660 	2658 	549
f 2644 	2647 	2687
f 2661 	2660 	549
f 2663 	2661 	549
f 2662 	2664 	2648
f 2658 	2655 	549
f 2655 	2654 	549
f 2514 	425 	2583
f 2652 	549 	2636
f 2135 	1738 	1739
f 425 	2514 	428
f 2516 	428 	2514
f 2517 	431 	428
f 2517 	428 	2516
f 2665 	2645 	1715
f 2645 	2642 	1715
f 431 	2517 	434
f 2519 	434 	2517
f 2668 	2667 	1715
f 2520 	435 	434
f 2520 	434 	2519
f 2670 	2668 	1715
f 2670 	1715 	2671
f 2673 	2953 	2672
f 2669 	2672 	2954
f 435 	2520 	439
f 2522 	439 	2520
f 2633 	2644 	2675
f 2523 	442 	439
f 2523 	439 	2522
f 2674 	1715 	2677
f 442 	2523 	446
f 2524 	446 	2523
f 2361 	2633 	2675
f 2525 	449 	446
f 2525 	446 	2524
f 2684 	2429 	2637
f 2685 	2689 	2651
f 2429 	2684 	2426
f 494 	2539 	463
f 2683 	2526 	2686
f 2688 	2686 	2526
f 2637 	2691 	2684
f 463 	2527 	2528
f 463 	2528 	466
f 2688 	2526 	2690
f 2529 	469 	2528
f 466 	2528 	469
f 2689 	2694 	2651
f 2651 	2951 	2685
f 2676 	2679 	2953
f 2644 	2687 	2707
f 469 	2529 	2530
f 469 	2530 	473
f 2531 	476 	2530
f 473 	2530 	476
f 2589 	2588 	2526
f 2695 	2696 	2651
f 2149 	2148 	1878
f 2532 	478 	476
f 2532 	476 	2531
f 2687 	2710 	2707
f 2637 	2693 	2691
f 2667 	2665 	1715
f 2638 	2635 	1715
f 2149 	1878 	1882
f 2694 	2695 	2651
f 478 	2532 	481
f 2533 	481 	2532
f 2697 	2650 	2696
f 2534 	483 	481
f 2534 	481 	2533
f 2693 	2657 	2721
f 2692 	2690 	2526
f 2683 	2681 	2526
f 1715 	2526 	2681
f 1715 	2681 	2680
f 2678 	1715 	2680
f 2678 	2677 	1715
f 2674 	2671 	1715
f 2698 	2650 	2697
f 1715 	549 	1716
f 483 	2534 	485
f 2535 	485 	2534
f 2699 	2650 	2698
f 2700 	2650 	2699
f 2691 	2693 	2721
f 2537 	490 	449
f 2537 	449 	2525
f 188 	461 	1605
f 1602 	620 	1605
f 2538 	492 	490
f 2538 	490 	2537
f 2702 	2650 	2700
f 1605 	2701 	1790
f 1605 	1790 	1606
f 2657 	2703 	2721
f 492 	2538 	494
f 2539 	494 	2538
f 2704 	2650 	2702
f 2650 	2651 	2696
f 1618 	1790 	723
f 2720 	2488 	2675
f 2527 	463 	2539
f 2701 	723 	1790
f 2657 	2705 	2703
f 2542 	513 	514
f 2542 	514 	2543
f 2644 	2707 	2675
f 513 	2542 	516
f 2544 	516 	2542
f 411 	1714 	1678
f 2709 	2649 	2708
f 2545 	519 	516
f 2545 	516 	2544
f 2711 	2649 	2709
f 2706 	2649 	2704
f 519 	2545 	520
f 2546 	520 	2545
f 2723 	1394 	2730
f 1422 	2730 	1394
f 2653 	2649 	2711
f 2708 	2649 	2706
f 2282 	2684 	2691
f 534 	2553 	523
f 523 	2547 	2548
f 523 	2548 	524
f 2716 	2717 	2955
f 2549 	528 	2548
f 524 	2548 	528
f 2684 	2282 	2113
f 528 	2549 	2550
f 528 	2550 	529
f 2717 	2719 	2955
f 2719 	2722 	2955
f 2551 	531 	2550
f 529 	2550 	531
f 2691 	2271 	2282
f 2675 	2707 	2720
f 531 	2551 	2543
f 531 	2543 	514
f 2552 	532 	485
f 2552 	485 	2535
f 532 	2552 	534
f 2553 	534 	2552
f 2547 	523 	2553
f 2707 	2710 	2726
f 2157 	1888 	1913
f 2720 	2707 	2726
f 2725 	2666 	2954
f 2560 	676 	673
f 2560 	673 	2559
f 3966 	1168 	1173
f 676 	2560 	679
f 2563 	679 	2560
f 2715 	2712 	1387
f 3949 	3770 	3928
f 2564 	680 	679
f 2564 	679 	2563
f 2488 	2720 	2729
f 2956 	2957 	2731
f 680 	2564 	681
f 2566 	681 	2564
f 2732 	2956 	2731
f 3951 	76 	3783
f 1387 	1394 	2715
f 681 	2566 	2567
f 681 	2567 	683
f 2733 	2956 	2732
f 3951 	187 	76
f 2568 	684 	683
f 2568 	683 	2567
f 2735 	2956 	2733
f 3953 	221 	187
f 2715 	1394 	2718
f 684 	2568 	686
f 2571 	686 	2568
f 2736 	2956 	2735
f 3953 	792 	221
f 2572 	688 	686
f 2572 	686 	2571
f 2738 	2956 	2736
f 2718 	1394 	2723
f 688 	2572 	689
f 2573 	689 	2572
f 2713 	2714 	2955
f 692 	689 	2580
f 2575 	542 	520
f 2575 	520 	2546
f 2714 	2716 	2955
f 2577 	545 	542
f 2577 	542 	2575
f 545 	2577 	673
f 2559 	673 	2577
f 2734 	1422 	2737
f 2573 	2580 	689
f 2743 	2506 	2729
f 550 	692 	2581
f 2581 	692 	2580
f 2727 	2728 	2957
f 2728 	2731 	2957
f 2506 	2743 	2503
f 550 	2581 	553
f 2583 	553 	2581
f 2157 	1913 	1917
f 3960 	1078 	3959
f 1066 	3959 	1078
f 2742 	2727 	2957
f 2745 	2742 	2957
f 2726 	2746 	2720
f 588 	3567 	3512
f 2595 	588 	3512
f 1078 	3960 	1106
f 2720 	2746 	2729
f 588 	2595 	590
f 2596 	590 	2595
f 2597 	592 	590
f 2597 	590 	2596
f 3961 	1100 	1106
f 2646 	2648 	2750
f 592 	2597 	593
f 2598 	593 	2597
f 2599 	596 	593
f 2599 	593 	2598
f 596 	2599 	598
f 2600 	598 	2599
f 2751 	2752 	2646
f 2601 	600 	598
f 2601 	598 	2600
f 3221 	2504 	2753
f 1676 	1915 	1920
f 3224 	3221 	2754
f 2753 	2754 	3221
f 2752 	2757 	2646
f 2754 	2755 	3224
f 3226 	3225 	2756
f 2271 	2691 	2721
f 2758 	2759 	2646
f 2757 	2758 	2646
f 2276 	2721 	2703
f 2759 	2761 	2646
f 2767 	585 	2760
f 2761 	2762 	2646
f 2521 	2743 	2793
f 3226 	2756 	3228
f 2760 	3228 	2756
f 2276 	2271 	2721
f 1930 	1932 	1686
f 1981 	1983 	1481
f 1919 	1559 	1914
f 1926 	1559 	1919
f 1933 	1559 	1929
f 2754 	1720 	2755
f 2763 	2643 	2762
f 2760 	2756 	1735
f 2726 	2764 	2746
f 2765 	2643 	2763
f 3228 	2760 	585
f 2766 	2643 	2765
f 2768 	2643 	2766
f 2703 	2325 	2276
f 2753 	1678 	2754
f 1720 	2754 	1678
f 2769 	2643 	2768
f 2643 	2646 	2762
f 2729 	2772 	2743
f 2773 	703 	2770
f 2775 	2830 	421
f 2776 	703 	2773
f 2746 	2772 	2729
f 2771 	2643 	2769
f 2746 	2764 	2800
f 423 	2778 	2775
f 423 	2775 	421
f 2778 	2781 	1334
f 2780 	2783 	2639
f 22 	701 	23
f 2772 	2746 	2800
f 424 	2781 	2778
f 424 	2778 	423
f 2705 	2774 	2782
f 24 	700 	22
f 2777 	702 	2776
f 2640 	2639 	2785
f 2771 	2779 	2643
f 2775 	2778 	1334
f 23 	701 	2777
f 2705 	2782 	2703
f 426 	2784 	2781
f 426 	2781 	424
f 2785 	2786 	2640
f 26 	710 	24
f 2786 	2788 	2640
f 2800 	2764 	3085
f 427 	2787 	2784
f 427 	2784 	426
f 2641 	2640 	2788
f 2787 	1334 	2784
f 80 	697 	29
f 29 	710 	26
f 2703 	2782 	2325
f 2791 	2794 	2641
f 429 	2790 	2787
f 429 	2787 	427
f 3085 	2764 	3087
f 2843 	2641 	2794
f 430 	2792 	2790
f 430 	2790 	429
f 37 	707 	34
f 2743 	2772 	2793
f 39 	707 	37
f 2784 	1334 	2781
f 2792 	1334 	2790
f 2797 	2799 	2843
f 432 	2795 	2792
f 432 	2792 	430
f 2799 	2808 	2843
f 46 	707 	44
f 433 	2798 	2795
f 433 	2795 	432
f 2171 	2046 	2048
f 2842 	2843 	2810
f 50 	707 	46
f 1706 	1964 	1967
f 59 	707 	54
f 2795 	1334 	2792
f 1329 	1334 	1903
f 61 	707 	59
f 63 	707 	61
f 707 	50 	52
f 66 	707 	63
f 2800 	3085 	3091
f 70 	707 	66
f 2806 	2803 	438
f 2806 	438 	440
f 73 	705 	70
f 2806 	1334 	2803
f 2807 	2806 	440
f 2807 	440 	443
f 1422 	1424 	2740
f 2740 	2737 	1422
f 2805 	2819 	2841
f 2807 	1334 	2806
f 2809 	2807 	443
f 2809 	443 	445
f 2813 	2814 	2842
f 2810 	2813 	2842
f 2793 	2811 	2521
f 2812 	2809 	445
f 2812 	445 	448
f 2809 	1334 	2807
f 52 	54 	707
f 2770 	704 	73
f 2521 	2811 	2582
f 2814 	2801 	2842
f 2815 	2812 	448
f 2815 	448 	450
f 2801 	2802 	2842
f 2793 	2817 	2811
f 84 	697 	80
f 2772 	2818 	2793
f 2815 	1334 	2812
f 2800 	2818 	2772
f 2821 	2815 	450
f 2821 	450 	453
f 1695 	1945 	1949
f 3091 	2818 	2800
f 91 	697 	88
f 85 	697 	84
f 1695 	1949 	1951
f 2823 	2821 	453
f 2823 	453 	454
f 2793 	2818 	2817
f 93 	697 	91
f 2823 	1334 	2821
f 2939 	2841 	2820
f 2826 	2823 	454
f 2826 	454 	455
f 2822 	2939 	2820
f 2812 	1334 	2809
f 2826 	1334 	2823
f 2825 	2939 	2822
f 2830 	2826 	455
f 2830 	455 	457
f 107 	648 	106
f 2830 	1334 	2826
f 109 	648 	107
f 2827 	2939 	2825
f 2830 	457 	421
f 648 	109 	112
f 2829 	2939 	2828
f 2815 	2821 	1334
f 2790 	1334 	2787
f 118 	648 	113
f 125 	648 	118
f 2811 	2817 	2846
f 126 	648 	125
f 113 	648 	112
f 2835 	2934 	2942
f 130 	648 	126
f 464 	2837 	2833
f 464 	2833 	462
f 2834 	2942 	2832
f 132 	648 	130
f 697 	94 	648
f 2837 	3929 	2833
f 136 	648 	132
f 465 	2838 	2837
f 465 	2837 	464
f 146 	648 	136
f 2839 	2838 	465
f 2839 	465 	468
f 2796 	2836 	2637
f 2839 	1334 	2838
f 1709 	1969 	1971
f 470 	2840 	2839
f 470 	2839 	468
f 2744 	2741 	1424
f 2741 	2740 	1424
f 2836 	2816 	2693
f 1972 	1711 	1971
f 2841 	2842 	2802
f 2802 	2804 	2841
f 2804 	2805 	2841
f 2819 	2820 	2841
f 2828 	2939 	2827
f 2831 	2942 	2829
f 2808 	2810 	2843
f 2794 	2797 	2843
f 2788 	2789 	2641
f 2789 	2791 	2641
f 2783 	2785 	2639
f 2779 	2780 	2639
f 471 	2844 	2840
f 471 	2840 	470
f 474 	2847 	2844
f 474 	2844 	471
f 2637 	2836 	2693
f 2738 	2739 	2956
f 2954 	2955 	2722
f 2722 	2724 	2954
f 2724 	2725 	2954
f 2953 	2954 	2672
f 2676 	2953 	2673
f 2682 	2951 	2679
f 2666 	2669 	2954
f 2664 	2747 	2648
f 2682 	2685 	2951
f 1976 	1978 	1721
f 475 	2849 	2847
f 475 	2847 	474
f 2816 	2824 	2657
f 1721 	1978 	1942
f 477 	2851 	2849
f 477 	2849 	475
f 2657 	2693 	2816
f 1424 	1428 	2744
f 2747 	2748 	2648
f 2749 	2750 	2648
f 2643 	2779 	2639
f 2750 	2751 	2646
f 2748 	2749 	2648
f 2662 	2648 	2659
f 2649 	2659 	2648
f 2650 	2704 	2649
f 2851 	1334 	2849
f 1690 	1939 	1665
f 2851 	477 	2803
f 438 	2803 	477
f 2817 	3122 	2846
f 1667 	1665 	1902
f 1901 	1902 	1665
f 2849 	1334 	2847
f 2803 	1334 	2851
f 1667 	1902 	1904
f 2857 	2949 	2854
f 2602 	2858 	2614
f 2848 	2845 	1428
f 2845 	2744 	1428
f 2859 	2949 	2857
f 1904 	1907 	1669
f 2860 	2855 	482
f 2860 	482 	484
f 2863 	2949 	2859
f 2860 	3929 	2855
f 1670 	1669 	1909
f 1907 	1909 	1669
f 2850 	2848 	1428
f 2864 	2860 	484
f 2864 	484 	486
f 2861 	2811 	2846
f 1910 	1672 	1909
f 1670 	1909 	1672
f 1428 	1432 	2850
f 2866 	2864 	486
f 2866 	486 	487
f 1672 	1910 	1675
f 1912 	1675 	1910
f 2858 	2602 	2861
f 2868 	2866 	487
f 2868 	487 	489
f 1912 	1915 	1675
f 2852 	2850 	1432
f 1920 	1679 	1676
f 2870 	2868 	489
f 2870 	489 	491
f 2870 	3929 	2868
f 1679 	1920 	1922
f 1679 	1922 	1681
f 2871 	2870 	491
f 2871 	491 	493
f 1432 	1441 	2862
f 2856 	2852 	1432
f 2864 	3929 	2860
f 2872 	2871 	493
f 2872 	493 	496
f 2868 	3929 	2866
f 2872 	3929 	2871
f 1927 	1928 	1683
f 2881 	2846 	3129
f 2873 	2872 	496
f 2873 	496 	497
f 2874 	2949 	2863
f 2614 	2858 	2875
f 2876 	2873 	497
f 2876 	497 	498
f 2858 	2879 	2875
f 2833 	2876 	498
f 2833 	498 	462
f 1686 	1932 	1934
f 2846 	2881 	2861
f 2877 	2949 	2874
f 3929 	2876 	2833
f 2861 	2881 	2858
f 2858 	2881 	2879
f 1690 	1689 	1939
f 2880 	2949 	2877
f 503 	2884 	2883
f 503 	2883 	501
f 1901 	1665 	1939
f 505 	2886 	2884
f 505 	2884 	503
f 708 	706 	2875
f 2610 	2875 	706
f 2886 	3929 	2884
f 506 	2887 	2886
f 506 	2886 	505
f 2875 	2879 	709
f 2875 	709 	708
f 2882 	2957 	2880
f 507 	2888 	2887
f 507 	2887 	506
f 1667 	1904 	1668
f 2885 	2957 	2882
f 1668 	1904 	1669
f 2192 	2889 	2225
f 508 	2890 	2888
f 508 	2888 	507
f 2044 	2170 	1993
f 173 	181 	648
f 189 	648 	184
f 192 	648 	191
f 509 	2892 	2890
f 509 	2890 	508
f 162 	648 	159
f 510 	2895 	2892
f 510 	2892 	509
f 173 	648 	162
f 146 	159 	648
f 512 	2898 	2895
f 512 	2895 	510
f 184 	648 	181
f 2853 	2609 	2578
f 515 	2901 	2898
f 515 	2898 	512
f 191 	648 	189
f 2895 	2898 	3929
f 517 	2903 	2901
f 517 	2901 	515
f 2904 	2943 	2900
f 2900 	2943 	2899
f 196 	648 	192
f 2899 	2943 	2897
f 2903 	517 	2855
f 482 	2855 	517
f 1684 	1930 	1685
f 204 	648 	201
f 2854 	2943 	2904
f 206 	648 	204
f 2902 	2609 	2853
f 1685 	1930 	1686
f 2901 	3929 	2898
f 2903 	3929 	2901
f 2855 	3929 	2903
f 2864 	2866 	3929
f 2870 	2871 	3929
f 199 	201 	648
f 413 	648 	206
f 1897 	2798 	433
f 1686 	1934 	1687
f 2902 	2869 	2796
f 1687 	1934 	1688
f 1688 	1937 	1689
f 220 	2767 	218
f 1937 	1939 	1689
f 1899 	1900 	1334
f 222 	2767 	220
f 223 	2767 	222
f 2609 	2902 	2796
f 1897 	1899 	1334
f 224 	2767 	223
f 2869 	2836 	2796
f 707 	2767 	213
f 2912 	2946 	2910
f 2910 	2946 	2908
f 1911 	869 	1908
f 1908 	1329 	1906
f 1692 	1942 	1943
f 1692 	1943 	1693
f 233 	2767 	229
f 2883 	2019 	501
f 337 	501 	2019
f 1693 	1943 	1945
f 2915 	2946 	2912
f 2909 	1381 	2911
f 2906 	1381 	2909
f 239 	2767 	235
f 2917 	2919 	2945
f 3929 	2019 	2883
f 2883 	2884 	3929
f 242 	2767 	239
f 2913 	2836 	2869
f 2919 	2891 	2945
f 2914 	1385 	2918
f 2911 	1385 	2914
f 1695 	1951 	1696
f 245 	2767 	242
f 2887 	3929 	2886
f 2888 	2890 	3929
f 2892 	2895 	3929
f 246 	2767 	245
f 233 	235 	2767
f 1953 	1698 	1951
f 1696 	1951 	1698
f 2913 	2878 	2816
f 218 	2767 	246
f 1698 	1953 	1954
f 254 	2767 	251
f 2913 	2816 	2836
f 258 	2767 	254
f 2712 	2920 	1387
f 2918 	1385 	2920
f 1683 	1956 	1927
f 2923 	2941 	2922
f 262 	2767 	258
f 2878 	2824 	2816
f 265 	2767 	262
f 267 	2767 	265
f 2925 	2941 	2924
f 269 	2767 	267
f 2929 	2941 	2926
f 273 	2767 	269
f 1704 	1703 	1962
f 1704 	1962 	1964
f 2907 	2946 	2932
f 2908 	2946 	2907
f 2917 	2945 	2916
f 1706 	1967 	1969
f 2934 	2921 	2942
f 1409 	1411 	3076
f 2878 	2927 	2824
f 2216 	2936 	2175
f 1709 	1971 	1711
f 2832 	2942 	2831
f 2921 	2922 	2942
f 2941 	2942 	2922
f 2924 	2941 	2923
f 2926 	2941 	2925
f 2930 	2941 	2929
f 2932 	2946 	2930
f 1411 	1391 	2931
f 2928 	3077 	1411
f 2834 	2835 	2942
f 1711 	1972 	1975
f 1711 	1975 	1713
f 2936 	2216 	2938
f 1718 	1713 	1976
f 1975 	1976 	1713
f 2937 	2935 	1391
f 2933 	2931 	1391
f 1718 	1976 	1721
f 1942 	1692 	1721
f 2939 	2829 	2942
f 2891 	2893 	2945
f 2893 	2894 	2945
f 2943 	2945 	2894
f 2897 	2943 	2896
f 2894 	2896 	2943
f 2916 	2945 	2915
f 2946 	2915 	2945
f 2941 	2930 	2946
f 988 	2940 	2944
f 2862 	2856 	1432
f 2885 	2745 	2957
f 2943 	2854 	2949
f 339 	2889 	312
f 1693 	1945 	1694
f 2949 	2880 	2957
f 2889 	339 	2964
f 2651 	3917 	2951
f 2951 	3917 	2953
f 1694 	1945 	1695
f 2936 	2938 	2987
f 2867 	2865 	1441
f 2865 	2862 	1441
f 2953 	2679 	2951
f 2956 	2739 	2955
f 2739 	2713 	2955
f 2987 	2632 	2936
f 2959 	2960 	2961
f 1698 	1954 	1699
f 1441 	1446 	2867
f 2962 	2960 	2959
f 1956 	1701 	1954
f 1699 	1954 	1701
f 1701 	1956 	1683
f 609 	1473 	611
f 2940 	2867 	1446
f 2962 	3968 	2960
f 2634 	2960 	3927
f 2962 	611 	1473
f 1960 	1962 	1703
f 2842 	2959 	2961
f 2842 	2961 	2843
f 2960 	2966 	2961
f 1964 	1705 	1704
f 2634 	2641 	2960
f 2966 	2960 	2641
f 2938 	2964 	2963
f 1706 	1705 	1964
f 2079 	2189 	2078
f 2965 	1544 	2967
f 2961 	2966 	2641
f 2961 	2641 	2843
f 1706 	1969 	1707
f 2624 	585 	2969
f 586 	2969 	585
f 2964 	339 	3032
f 1707 	1969 	1709
f 277 	2767 	273
f 2967 	1544 	2968
f 280 	2767 	277
f 282 	2767 	280
f 2972 	2624 	2969
f 2968 	1544 	2970
f 284 	286 	2767
f 2971 	2970 	1549
f 2976 	2973 	2975
f 2973 	2972 	2975
f 2969 	2981 	2972
f 2963 	2964 	3032
f 2976 	2975 	2949
f 2976 	2949 	2957
f 2979 	586 	2978
f 2980 	586 	2979
f 2981 	2969 	2980
f 586 	2980 	2969
f 1727 	1980 	1728
f 1982 	1728 	1980
f 2975 	2972 	2981
f 2974 	2971 	1549
f 2978 	2943 	2981
f 1984 	1730 	1728
f 1984 	1728 	1982
f 2980 	2979 	2981
f 2979 	2978 	2981
f 3012 	2687 	2632
f 2943 	2949 	2981
f 2975 	2981 	2949
f 1960 	1703 	1984
f 1730 	1984 	1703
f 229 	2767 	286
f 282 	284 	2767
f 2977 	2974 	1549
f 2978 	2983 	2945
f 2978 	2945 	2943
f 2983 	586 	2985
f 3109 	2611 	2990
f 2983 	2985 	2946
f 2983 	2946 	2945
f 1549 	1552 	2977
f 3057 	3056 	1824
f 1826 	1824 	3048
f 1823 	3037 	1824
f 1820 	3021 	1821
f 1819 	3021 	1820
f 1822 	1821 	3021
f 1817 	3021 	1819
f 1816 	3021 	1817
f 2985 	586 	2988
f 2985 	2988 	2941
f 2985 	2941 	2946
f 2982 	2977 	1552
f 2988 	3109 	2990
f 2988 	2990 	2942
f 2988 	2942 	2941
f 2987 	2938 	2963
f 2984 	2982 	1552
f 1834 	1833 	3048
f 1833 	1830 	3048
f 1830 	1829 	3048
f 1829 	1828 	3048
f 1827 	3048 	1828
f 1835 	1834 	3048
f 1836 	1835 	3048
f 3012 	2632 	2987
f 2994 	605 	2992
f 2995 	605 	2994
f 2990 	605 	2995
f 2986 	2984 	1557
f 1552 	1557 	2984
f 2992 	2996 	3001
f 1827 	1826 	3048
f 2991 	2989 	1557
f 2989 	2986 	1557
f 338 	2760 	336
f 605 	2996 	2992
f 2994 	2939 	2995
f 1837 	1836 	3048
f 1849 	1848 	3048
f 1847 	1846 	3048
f 1846 	1845 	3048
f 1845 	1843 	3048
f 1843 	1842 	3048
f 1842 	1840 	3048
f 1840 	1838 	3048
f 1838 	1837 	3048
f 2939 	2942 	2995
f 2990 	2995 	2942
f 344 	2760 	341
f 2999 	2992 	2998
f 346 	2760 	344
f 334 	336 	2760
f 1557 	1564 	2991
f 2992 	2999 	2994
f 348 	2760 	346
f 3001 	2998 	2992
f 1854 	1853 	3048
f 1853 	1852 	3048
f 1852 	1850 	3048
f 1850 	1849 	3048
f 1855 	1854 	3048
f 1848 	1847 	3048
f 1870 	1869 	3048
f 1862 	1860 	3048
f 1860 	1859 	3048
f 1856 	3048 	1859
f 2998 	2841 	2999
f 2939 	2999 	2841
f 2993 	2991 	1564
f 2994 	2999 	2939
f 1856 	1855 	3048
f 3001 	2962 	2959
f 2842 	2841 	2959
f 2841 	2998 	2959
f 3001 	2959 	2998
f 1868 	1867 	3048
f 1867 	1866 	3048
f 1866 	1865 	3048
f 1869 	1868 	3048
f 1865 	1862 	3048
f 2997 	2993 	1564
f 1883 	3067 	1884
f 1881 	3067 	1883
f 1879 	3067 	1881
f 1877 	3067 	1879
f 1875 	3069 	1877
f 1884 	3067 	1873
f 3067 	3066 	1873
f 3066 	3063 	1873
f 1564 	1568 	3000
f 3000 	2997 	1564
f 1872 	1873 	3063
f 1887 	1872 	3063
f 1895 	1894 	1927
f 1896 	1895 	1927
f 1894 	1893 	1927
f 1893 	1891 	1927
f 1928 	1927 	1891
f 3002 	3000 	1568
f 3003 	3002 	1568
f 2195 	2194 	2105
f 3004 	3003 	1571
f 1568 	1571 	3003
f 1909 	1907 	1891
f 1907 	1904 	1891
f 1904 	1902 	1891
f 1902 	1901 	1891
f 1901 	1939 	1891
f 1891 	1890 	1909
f 1890 	1887 	3063
f 1915 	1912 	1890
f 1912 	1910 	1890
f 1910 	1909 	1890
f 360 	361 	2767
f 2195 	2105 	2107
f 2767 	361 	251
f 358 	2767 	357
f 3008 	3007 	1291
f 3007 	3006 	1291
f 1939 	1937 	1891
f 3067 	1877 	3069
f 1937 	1936 	1891
f 1936 	1934 	1891
f 1934 	1932 	1891
f 1930 	1891 	1932
f 1928 	1891 	1930
f 3009 	3008 	1291
f 1954 	1898 	1956
f 1953 	1898 	1954
f 1951 	1898 	1953
f 1949 	1898 	1951
f 1945 	1898 	1949
f 1943 	1898 	1945
f 1942 	1898 	1943
f 1927 	1956 	1898
f 1870 	3069 	1875
f 368 	2760 	367
f 371 	2760 	368
f 372 	2760 	371
f 2211 	2156 	2161
f 1976 	1898 	1978
f 1975 	1898 	1976
f 1972 	1898 	1975
f 1971 	1898 	1972
f 1969 	1898 	1971
f 1967 	1898 	1969
f 1964 	1898 	1967
f 1962 	1898 	1964
f 1960 	1898 	1962
f 1984 	1898 	1960
f 1942 	1978 	1898
f 1898 	1896 	1927
f 1982 	1898 	1984
f 1980 	1898 	1982
f 3011 	721 	3013
f 1809 	721 	1811
f 3011 	1811 	721
f 1111 	3000 	3002
f 1811 	3011 	1800
f 721 	3969 	3013
f 380 	2760 	377
f 374 	377 	2760
f 372 	374 	2760
f 3011 	3013 	1801
f 3011 	1801 	1800
f 2067 	2180 	2066
f 2068 	2180 	2067
f 3014 	1797 	3015
f 1801 	3015 	1797
f 3013 	3015 	1801
f 3014 	3016 	1798
f 3014 	1798 	1797
f 389 	2760 	386
f 3969 	3017 	3016
f 1798 	3016 	3017
f 1798 	3017 	1799
f 3969 	3018 	3017
f 3017 	3018 	1750
f 3017 	1750 	1799
f 390 	2760 	389
f 2189 	2079 	2080
f 409 	2760 	407
f 396 	2760 	392
f 2987 	2963 	3022
f 2103 	2194 	2082
f 3022 	3012 	2987
f 1291 	1295 	3009
f 3029 	3022 	2963
f 3010 	3009 	1295
f 2927 	3034 	2824
f 3024 	3010 	1295
f 339 	408 	3032
f 2963 	3032 	3029
f 1295 	1297 	3024
f 500 	3032 	408
f 3036 	3034 	2927
f 3032 	500 	3029
f 3040 	1308 	3042
f 3036 	2948 	3050
f 3034 	3036 	3050
f 2710 	2687 	3012
f 3012 	3022 	3047
f 3012 	3047 	2710
f 2705 	2657 	3034
f 2824 	3034 	2657
f 3075 	3073 	1409
f 1406 	1409 	3073
f 3034 	2774 	2705
f 3034 	3050 	2774
f 499 	3029 	500
f 2710 	3047 	3060
f 2726 	2710 	3060
f 3051 	3088 	1398
f 3062 	1786 	1922
f 3029 	3065 	3022
f 3022 	3065 	3047
f 3079 	3135 	1617
f 1756 	3019 	3020
f 3061 	3058 	1404
f 1401 	1404 	3058
f 499 	3065 	3029
f 1756 	3020 	3021
f 3023 	1759 	3021
f 3068 	3064 	1404
f 3064 	3061 	1404
f 1759 	3023 	3025
f 3071 	3068 	1406
f 1404 	1406 	3068
f 3093 	3060 	3047
f 3030 	3033 	1765
f 3072 	3071 	1406
f 3047 	3065 	3093
f 1816 	1520 	3033
f 2726 	3060 	2764
f 3073 	3072 	1406
f 404 	2760 	400
f 409 	410 	2760
f 334 	2760 	332
f 3074 	3079 	3078
f 3060 	3087 	2764
f 3079 	1617 	1639
f 3082 	1360 	3083
f 1639 	3078 	3079
f 1360 	1398 	3084
f 3084 	3083 	1360
f 3500 	2763 	2762
f 3074 	3090 	3154
f 3086 	3084 	1398
f 3088 	3086 	1398
f 3504 	2763 	3500
f 3085 	3087 	3098
f 3090 	3074 	3078
f 1783 	3056 	3057
f 3087 	3101 	3098
f 3090 	3078 	3102
f 2068 	2181 	2180
f 2184 	2071 	2072
f 2818 	3091 	3092
f 2072 	2074 	2184
f 2817 	2818 	3092
f 1772 	3041 	3043
f 3044 	1773 	3043
f 2188 	2077 	2078
f 1781 	1779 	3053
f 3054 	1782 	3053
f 3065 	3094 	3093
f 1782 	3054 	1783
f 499 	3094 	3065
f 2760 	648 	414
f 3089 	3090 	3102
f 415 	2760 	414
f 616 	3094 	499
f 417 	2760 	415
f 1637 	3102 	3078
f 3060 	3093 	3087
f 3093 	3094 	3101
f 420 	2760 	419
f 1637 	3078 	1639
f 364 	365 	2760
f 365 	366 	2760
f 366 	367 	2760
f 380 	384 	2760
f 384 	386 	2760
f 390 	392 	2760
f 396 	400 	2760
f 404 	407 	2760
f 614 	3101 	3094
f 196 	199 	648
f 418 	2760 	417
f 419 	2760 	418
f 3058 	3055 	1401
f 3055 	3051 	1401
f 1398 	1401 	3051
f 3082 	3081 	1360
f 1357 	1360 	3081
f 3081 	3080 	1357
f 1357 	3080 	3095
f 3116 	1353 	3095
f 614 	3094 	616
f 420 	364 	2760
f 332 	2760 	410
f 338 	341 	2760
f 2760 	348 	351
f 354 	2767 	351
f 357 	2767 	354
f 360 	2767 	358
f 413 	414 	648
f 1608 	648 	1735
f 2760 	351 	2767
f 3093 	3101 	3087
f 211 	707 	213
f 32 	707 	211
f 32 	34 	707
f 86 	697 	85
f 39 	44 	707
f 3097 	3096 	1340
f 1336 	1340 	3096
f 3089 	3102 	3099
f 639 	3101 	614
f 224 	213 	2767
f 3102 	1637 	1677
f 3101 	639 	3098
f 3103 	3100 	1340
f 88 	697 	86
f 94 	697 	93
f 101 	648 	94
f 105 	648 	101
f 105 	106 	648
f 1677 	3099 	3102
f 3104 	3103 	1343
f 1340 	1343 	3103
f 3112 	3085 	3098
f 3106 	3105 	1343
f 637 	3112 	3098
f 1754 	1776 	3019
f 3046 	3019 	1776
f 1754 	3019 	1756
f 3091 	3111 	3092
f 3021 	1757 	1756
f 1757 	3021 	1759
f 3108 	1347 	3110
f 3112 	3091 	3085
f 1759 	3025 	1760
f 1760 	3025 	3026
f 1760 	3026 	1762
f 3110 	1347 	3113
f 3111 	3091 	3112
f 3028 	1763 	3026
f 1762 	3026 	1763
f 1763 	3028 	3030
f 1763 	3030 	1764
f 653 	3112 	637
f 3113 	1353 	3114
f 1764 	3030 	1765
f 1765 	3033 	1520
f 3114 	1353 	3116
f 653 	3111 	3112
f 3037 	1768 	3059
f 1769 	1768 	3038
f 3374 	2656 	2653
f 3301 	3930 	3162
f 3039 	1770 	3038
f 1769 	3038 	1770
f 2659 	2656 	3374
f 1770 	3039 	3041
f 653 	729 	3111
f 3377 	2664 	2662
f 1772 	3043 	1773
f 3121 	3120 	1369
f 3118 	1369 	3120
f 3092 	3122 	2817
f 1773 	3044 	3045
f 1773 	3045 	1775
f 3119 	3115 	3136
f 1776 	1775 	3046
f 3045 	3046 	1775
f 1369 	1333 	3121
f 3117 	3119 	3136
f 3115 	3213 	3126
f 1777 	1794 	3048
f 3383 	2672 	3381
f 3123 	1333 	3124
f 3049 	1778 	3048
f 3136 	3115 	3126
f 2672 	3383 	3385
f 1779 	1778 	3052
f 3133 	3111 	729
f 3127 	3125 	1336
f 3124 	1333 	3125
f 3052 	3053 	1779
f 2676 	3385 	3386
f 1781 	3053 	1782
f 2846 	3122 	3129
f 2676 	3386 	2679
f 3056 	1783 	3054
f 3122 	3132 	3129
f 3388 	2682 	2679
f 3042 	1308 	3128
f 3111 	3133 	3092
f 1785 	1784 	3059
f 2682 	3388 	3389
f 3092 	3133 	3122
f 3117 	3135 	3131
f 3122 	3133 	3132
f 3133 	727 	3132
f 3128 	1308 	3130
f 3037 	3038 	1768
f 3117 	3136 	3135
f 1770 	3041 	1771
f 3130 	1313 	3134
f 1771 	3041 	1772
f 2694 	3394 	2695
f 3396 	2696 	3394
f 3136 	3126 	3149
f 2881 	3129 	3140
f 2881 	3140 	2879
f 3129 	3132 	3141
f 3140 	3129 	3141
f 3135 	3136 	3149
f 3134 	1313 	3137
f 727 	747 	3132
f 3141 	3132 	747
f 3399 	2698 	2697
f 2879 	3140 	711
f 2879 	711 	709
f 3400 	2699 	2698
f 3400 	2698 	3399
f 3140 	3141 	713
f 3140 	713 	711
f 1777 	3048 	1778
f 3049 	3052 	1778
f 3138 	1319 	3139
f 3137 	1319 	3138
f 2699 	3400 	2700
f 3401 	2700 	3400
f 713 	3141 	747
f 2702 	2700 	3401
f 3131 	3135 	3079
f 3139 	1319 	3142
f 3074 	3131 	3079
f 1416 	3211 	3146
f 3405 	2704 	2702
f 3144 	3143 	1363
f 3143 	3142 	1363
f 1783 	3057 	1784
f 1419 	3211 	1416
f 3406 	2706 	2704
f 3406 	2704 	3405
f 3057 	3059 	1784
f 1363 	1366 	3145
f 3144 	1363 	3145
f 1785 	3059 	1768
f 3408 	2708 	3406
f 3126 	1710 	3149
f 1786 	1681 	1922
f 3118 	3148 	1369
f 3147 	1366 	3148
f 1617 	3135 	3149
f 1737 	3149 	1710
f 1786 	3062 	3063
f 1786 	3063 	1787
f 3066 	1788 	3063
f 1787 	3063 	1788
f 3280 	3935 	3948
f 1788 	3066 	3067
f 1788 	3067 	1789
f 3069 	1792 	3067
f 1789 	3067 	1792
f 1123 	1113 	3109
f 2978 	586 	2983
f 3109 	2988 	586
f 1792 	3069 	3070
f 1792 	3070 	1794
f 2767 	3109 	586
f 2767 	586 	585
f 707 	1125 	2767
f 3070 	3048 	1794
f 2504 	2507 	2753
f 3151 	3154 	3152
f 1816 	3033 	3030
f 1816 	3030 	3028
f 1816 	3028 	3026
f 1816 	3026 	3025
f 1816 	3025 	3023
f 1816 	3023 	3021
f 3020 	3019 	1822
f 3019 	3046 	1822
f 3021 	3020 	1822
f 3933 	3313 	3934
f 2717 	3424 	3426
f 3046 	3045 	1822
f 3045 	3044 	1822
f 3044 	3043 	1822
f 3043 	3041 	1822
f 3041 	3039 	1822
f 3039 	3038 	1822
f 1823 	1822 	3037
f 3059 	1824 	3037
f 3038 	3037 	1822
f 2724 	3427 	3430
f 3151 	3155 	3154
f 2724 	3430 	2725
f 542 	545 	3197
f 3057 	1824 	3059
f 3054 	1824 	3056
f 3053 	1824 	3054
f 3052 	1824 	3053
f 3049 	1824 	3052
f 3048 	1824 	3049
f 3070 	1870 	3048
f 3199 	3197 	545
f 3069 	1870 	3070
f 3063 	3062 	1890
f 3062 	1922 	1890
f 1922 	1920 	1890
f 1920 	1915 	1890
f 3074 	3154 	3155
f 3152 	3154 	3161
f 3160 	3152 	3161
f 1272 	1270 	3147
f 3150 	3146 	3163
f 2103 	2105 	2194
f 3100 	3097 	1340
f 3096 	3127 	1336
f 1369 	3148 	1366
f 2199 	2136 	2139
f 3161 	3154 	3090
f 3031 	3027 	1297
f 3027 	3024 	1297
f 3153 	3199 	545
f 3089 	3161 	3090
f 3035 	3031 	1297
f 3156 	3153 	673
f 1571 	1291 	3006
f 1297 	1300 	3035
f 3161 	3171 	3160
f 3160 	3171 	3162
f 3165 	3164 	1300
f 3167 	3159 	676
f 3158 	3157 	673
f 3157 	3156 	673
f 3171 	3161 	3089
f 3159 	3158 	676
f 3169 	3167 	676
f 3235 	2953 	3917
f 3917 	2648 	3927
f 2648 	2646 	3927
f 3927 	2646 	2643
f 2643 	2639 	3927
f 3147 	3145 	1366
f 1319 	3137 	1313
f 3176 	1305 	3040
f 1300 	1302 	3168
f 1308 	3040 	1305
f 1254 	2577 	3919
f 1947 	3150 	3163
f 2206 	2150 	2152
f 3163 	3166 	1952
f 3444 	2733 	3442
f 1947 	3163 	1952
f 2733 	3444 	2735
f 2211 	2161 	2164
f 1952 	3166 	1958
f 3166 	3212 	3182
f 3446 	3448 	2735
f 3177 	513 	3178
f 3179 	3181 	3184
f 3183 	3179 	3184
f 1958 	3166 	3182
f 3184 	3181 	3117
f 3182 	3175 	1990
f 3180 	516 	3185
f 3182 	1990 	1958
f 3181 	3119 	3117
f 2666 	3379 	3381
f 2666 	3381 	2669
f 3184 	3155 	3183
f 2669 	3381 	2672
f 3185 	516 	3186
f 3155 	3151 	3183
f 2672 	3385 	2673
f 3184 	3117 	3131
f 3186 	516 	3187
f 2673 	3385 	2676
f 3131 	3155 	3184
f 1473 	604 	1449
f 3155 	3131 	3074
f 2960 	3968 	3927
f 3188 	3187 	519
f 2682 	3389 	2685
f 3189 	3188 	519
f 2685 	3389 	2689
f 519 	520 	3189
f 3190 	3189 	520
f 3193 	3192 	520
f 3192 	3190 	520
f 2695 	3394 	2696
f 2837 	2838 	3929
f 2840 	1334 	2839
f 2847 	1334 	2844
f 2844 	1334 	2840
f 2830 	2775 	1334
f 2873 	2876 	3929
f 2697 	2696 	3396
f 520 	542 	3193
f 3195 	3193 	542
f 1970 	1990 	3175
f 545 	673 	3153
f 3197 	3196 	542
f 3196 	3195 	542
f 3198 	3194 	3200
f 3201 	1970 	3175
f 2706 	3406 	2708
f 676 	679 	3169
f 3194 	3204 	3200
f 3408 	2709 	2708
f 3201 	3191 	2031
f 3172 	3170 	679
f 3170 	3169 	679
f 1970 	3201 	2031
f 679 	680 	3172
f 950 	1418 	949
f 3203 	3202 	680
f 3202 	3172 	680
f 3274 	3115 	3119
f 3426 	2719 	2717
f 2719 	3426 	3427
f 963 	961 	2918
f 963 	2918 	2920
f 3200 	3210 	3198
f 3115 	3274 	3210
f 3379 	2666 	2725
f 972 	1171 	2928
f 2222 	2221 	2288
f 3210 	3200 	3213
f 2931 	972 	2928
f 2222 	2288 	2289
f 2290 	2224 	2289
f 3115 	3210 	3213
f 3212 	1442 	3214
f 3200 	3204 	1916
f 3213 	3200 	1916
f 3446 	2735 	3444
f 2736 	3448 	3450
f 3126 	3213 	1697
f 1254 	1255 	2507
f 1697 	3213 	1916
f 2235 	2311 	2314
f 2756 	2755 	1725
f 2235 	2314 	2317
f 2507 	411 	2753
f 3421 	2716 	2714
f 2237 	2317 	2320
f 640 	648 	573
f 2716 	3421 	2717
f 2238 	2237 	2347
f 2320 	2347 	2237
f 2760 	1735 	648
f 2719 	3427 	2722
f 2756 	1725 	1735
f 736 	737 	651
f 2722 	3427 	2724
f 1608 	573 	648
f 2220 	2219 	2213
f 651 	1444 	736
f 3219 	739 	1444
f 739 	738 	1444
f 3216 	3217 	3236
f 1453 	1449 	3220
f 742 	3220 	1449
f 3218 	3216 	3236
f 793 	814 	742
f 791 	793 	741
f 741 	1074 	785
f 2731 	3442 	2732
f 612 	1077 	1449
f 2504 	3221 	3222
f 2732 	3442 	2733
f 3225 	3224 	2755
f 2887 	2888 	3929
f 2873 	3929 	2872
f 2755 	2756 	3225
f 3527 	3526 	3222
f 2504 	3222 	2512
f 2736 	3450 	2738
f 3450 	2739 	2738
f 2734 	910 	2730
f 2734 	2737 	910
f 919 	2740 	2741
f 3206 	3205 	681
f 618 	3970 	1490
f 3934 	1490 	3970
f 3858 	3855 	3230
f 3231 	3233 	3230
f 3207 	3206 	681
f 2848 	928 	2845
f 2848 	2850 	928
f 3227 	3318 	1985
f 2852 	933 	2850
f 3198 	3286 	3218
f 2852 	2856 	933
f 2865 	939 	2862
f 3194 	3198 	3218
f 2664 	3377 	2747
f 2905 	949 	1418
f 3236 	3194 	3218
f 3234 	3856 	3230
f 3461 	2748 	2747
f 3461 	2747 	3459
f 949 	2905 	2906
f 2748 	3461 	2749
f 3462 	2749 	3461
f 3465 	2750 	2749
f 3465 	2749 	3462
f 2750 	3465 	2751
f 3468 	2751 	3465
f 560 	3208 	683
f 3469 	2752 	2751
f 3469 	2751 	3468
f 3229 	560 	683
f 2752 	3469 	2757
f 3232 	3229 	684
f 3489 	2758 	2757
f 2758 	3489 	3492
f 3239 	3238 	686
f 3238 	3237 	684
f 3240 	3239 	686
f 950 	2937 	1418
f 3241 	3240 	688
f 988 	2944 	2947
f 2425 	2250 	2422
f 2250 	2425 	2430
f 3244 	3243 	688
f 2255 	2254 	2444
f 2968 	1007 	2967
f 3513 	2769 	2768
f 3245 	3244 	689
f 3513 	2771 	2769
f 2968 	2970 	1007
f 3247 	692 	3248
f 3246 	3245 	689
f 3250 	3249 	550
f 3248 	692 	3249
f 3522 	2780 	2779
f 3252 	3251 	550
f 3251 	3250 	550
f 2780 	3522 	3525
f 3163 	3146 	3211
f 3211 	3212 	3166
f 3163 	3211 	3166
f 3214 	3182 	3212
f 3587 	2788 	2786
f 3175 	3182 	3214
f 2788 	3587 	3588
f 2791 	3588 	3589
f 1439 	3255 	3214
f 3589 	2794 	2791
f 550 	553 	3252
f 3214 	3255 	3175
f 3254 	3253 	553
f 3253 	3252 	553
f 3256 	3254 	553
f 3856 	3234 	2615
f 2258 	2412 	2457
f 3226 	1726 	1724
f 3225 	3226 	1724
f 1724 	1719 	3225
f 2457 	2460 	2258
f 553 	425 	3256
f 3258 	3257 	425
f 3257 	3256 	425
f 2302 	3234 	2301
f 2304 	3234 	2302
f 3259 	3258 	428
f 425 	428 	3258
f 2367 	3234 	2304
f 2373 	3234 	2370
f 3260 	3259 	428
f 2308 	3234 	2306
f 2309 	3234 	2308
f 428 	431 	3261
f 3261 	3260 	428
f 2312 	3234 	2309
f 2313 	3234 	2312
f 2268 	2497 	2502
f 2318 	3234 	2316
f 2315 	3234 	2313
f 2505 	2272 	2502
f 3305 	3268 	531
f 2273 	2272 	2508
f 3595 	2804 	2802
f 3242 	3194 	3236
f 3236 	3217 	3266
f 1490 	3934 	3313
f 3223 	3266 	3217
f 1115 	1114 	3005
f 2359 	2242 	2356
f 3266 	3223 	3227
f 2243 	2242 	2362
f 2243 	2362 	2244
f 3236 	3266 	3242
f 2244 	2366 	1991
f 3266 	3227 	1994
f 3242 	3266 	1994
f 2009 	3227 	1985
f 3942 	3151 	3152
f 1994 	3227 	2009
f 2447 	2256 	2444
f 3194 	3242 	3204
f 2825 	3603 	3604
f 2825 	3604 	3619
f 2828 	3619 	3620
f 3242 	1925 	3204
f 3255 	3215 	3201
f 3242 	1994 	1925
f 3175 	3255 	3201
f 2950 	992 	2947
f 992 	2950 	993
f 2958 	993 	2952
f 3179 	3940 	3939
f 3940 	3183 	3151
f 3215 	3271 	3191
f 3160 	3943 	3152
f 3598 	2810 	2808
f 3269 	3270 	3278
f 3929 	1334 	3863
f 1012 	2970 	2971
f 3273 	3269 	3278
f 3600 	2814 	2813
f 3270 	3274 	3278
f 3760 	3948 	3753
f 2982 	1083 	2977
f 2301 	3234 	2318
f 2315 	2316 	3234
f 2984 	1083 	2982
f 3948 	3760 	3280
f 3270 	3275 	3274
f 2324 	3234 	2321
f 3275 	3210 	3274
f 3937 	3269 	3273
f 3198 	3275 	3286
f 2306 	3234 	2331
f 2329 	3234 	2328
f 3275 	3198 	3210
f 2330 	2331 	3234
f 2329 	2330 	3234
f 3234 	3228 	2321
f 3179 	3273 	3181
f 2335 	3228 	2334
f 3201 	3215 	3191
f 2337 	3228 	2335
f 2334 	3228 	2351
f 2339 	3228 	2337
f 3942 	3152 	3943
f 1111 	3002 	3003
f 2340 	3228 	2339
f 3943 	3160 	3162
f 3273 	3278 	3181
f 2342 	3228 	2341
f 2345 	3228 	2342
f 3209 	3271 	3272
f 3945 	3929 	3863
f 1115 	3005 	3006
f 2348 	3228 	2345
f 3119 	3278 	3274
f 2349 	3228 	2348
f 2350 	3228 	2349
f 3181 	3278 	3119
f 2350 	2351 	3228
f 3209 	3191 	3271
f 2355 	3228 	2353
f 2357 	3228 	2355
f 2358 	2360 	3228
f 1128 	3010 	3024
f 2360 	2363 	3228
f 3279 	1434 	3276
f 2341 	3228 	2364
f 2363 	2364 	3228
f 2357 	2358 	3228
f 2441 	2353 	3228
f 869 	1358 	1908
f 1348 	1908 	1358
f 2368 	3234 	2367
f 2991 	1096 	2989
f 2370 	3234 	2369
f 2369 	3234 	2368
f 1096 	2991 	1098
f 2375 	3234 	2373
f 1914 	869 	1911
f 869 	871 	1358
f 871 	874 	1358
f 874 	875 	1358
f 885 	887 	1358
f 887 	890 	1358
f 890 	893 	1358
f 2378 	3234 	2375
f 3276 	3277 	3407
f 2381 	2383 	3234
f 2378 	2381 	3234
f 2384 	3234 	2383
f 2385 	3234 	2384
f 2386 	3234 	2385
f 3929 	2838 	1334
f 2387 	2388 	2615
f 2795 	2798 	1334
f 2798 	1897 	1334
f 2391 	2392 	2615
f 3280 	3282 	3281
f 2389 	2390 	2615
f 2392 	2393 	2615
f 2393 	2394 	2615
f 1119 	3006 	3007
f 2394 	2396 	2615
f 3272 	3284 	3209
f 3293 	1673 	3285
f 3279 	3284 	3272
f 2396 	2397 	2619
f 2390 	2391 	2615
f 1124 	1121 	3009
f 3280 	3283 	3282
f 2397 	2400 	2619
f 2619 	2615 	2396
f 3010 	1124 	3009
f 2402 	2403 	2619
f 3283 	3286 	3282
f 2617 	2619 	2403
f 3191 	2024 	2031
f 2403 	2404 	2617
f 2404 	2406 	2617
f 3027 	1130 	3024
f 2406 	2407 	2617
f 2024 	3191 	3209
f 2407 	2408 	2617
f 2400 	2402 	2619
f 3289 	3299 	3287
f 3297 	3287 	3299
f 3283 	3288 	3286
f 3289 	3287 	1791
f 3209 	3284 	3290
f 2616 	2617 	2408
f 3287 	3285 	1793
f 3218 	3288 	3216
f 1791 	3287 	1793
f 2413 	2627 	2411
f 2415 	2627 	2414
f 610 	3299 	3289
f 3209 	3290 	2024
f 2410 	2616 	2409
f 3286 	3288 	3218
f 1791 	610 	3289
f 2409 	2616 	2408
f 3089 	3291 	3171
f 2411 	2627 	2410
f 2414 	2627 	2413
f 3171 	3291 	3302
f 3281 	3282 	3270
f 2417 	2625 	2415
f 3099 	3291 	3089
f 3269 	3281 	3270
f 2419 	2625 	2417
f 2421 	2625 	2419
f 2427 	2624 	2424
f 2616 	2410 	2627
f 3302 	3291 	3292
f 3282 	3286 	3275
f 3270 	3282 	3275
f 2423 	2625 	2421
f 3291 	3099 	3293
f 2424 	2624 	2423
f 3292 	3291 	3293
f 2431 	2480 	2624
f 2428 	2624 	2427
f 2510 	2274 	2508
f 3099 	1673 	3293
f 2434 	3228 	2433
f 3295 	3292 	3293
f 2438 	3228 	2437
f 3294 	3292 	3295
f 2440 	3228 	2438
f 3285 	3295 	3293
f 2441 	3228 	2440
f 2436 	2437 	3228
f 2445 	3228 	2443
f 3297 	3294 	3295
f 3296 	3294 	3297
f 2433 	3228 	2452
f 2452 	3228 	2451
f 3287 	3295 	3285
f 3084 	1186 	3083
f 2456 	585 	2455
f 3295 	3287 	3297
f 2458 	585 	2456
f 2459 	585 	2458
f 2461 	585 	2459
f 2463 	585 	2461
f 2464 	585 	2463
f 2478 	2455 	585
f 3299 	3298 	3297
f 3296 	3297 	3298
f 2443 	3228 	2464
f 1655 	2125 	1651
f 1148 	1145 	3058
f 2125 	1655 	1659
f 615 	3315 	3298
f 2470 	585 	2468
f 2472 	585 	2470
f 615 	3298 	3299
f 615 	3299 	617
f 2475 	585 	2473
f 2128 	2127 	1666
f 617 	3299 	610
f 2477 	585 	2475
f 2473 	585 	2472
f 2128 	1666 	2129
f 1674 	2129 	1666
f 2478 	585 	2477
f 1729 	2129 	1674
f 1162 	3068 	3071
f 3162 	3302 	3301
f 2480 	2481 	2624
f 2481 	2482 	2624
f 3171 	3302 	3162
f 2177 	2132 	2062
f 2484 	585 	2482
f 2484 	2485 	585
f 2135 	1739 	1741
f 2485 	2486 	585
f 2138 	2137 	1742
f 3301 	3302 	3306
f 1748 	2140 	1742
f 3323 	3322 	528
f 3303 	3301 	3306
f 2140 	1748 	1752
f 3324 	3323 	528
f 2143 	1752 	1755
f 3306 	3302 	3292
f 1175 	3080 	3081
f 2494 	585 	2492
f 2491 	585 	2490
f 1755 	2144 	2143
f 2495 	585 	2494
f 2496 	585 	2495
f 2491 	2492 	585
f 3267 	3324 	529
f 2496 	2498 	585
f 2500 	585 	2498
f 3294 	3306 	3292
f 2501 	585 	2500
f 3084 	3086 	1186
f 2145 	1766 	1874
f 2466 	585 	2501
f 2466 	2468 	585
f 3312 	3303 	3306
f 3095 	1196 	3116
f 3303 	3312 	3311
f 3304 	3343 	3559
f 3306 	3294 	3312
f 1615 	2120 	1611
f 2118 	1611 	2120
f 1643 	2121 	1615
f 2122 	2121 	1647
f 1651 	2123 	1647
f 3620 	2829 	2828
f 3296 	3312 	3294
f 2125 	1659 	2126
f 2126 	1659 	1663
f 3313 	3315 	1490
f 3316 	3311 	3312
f 3311 	3316 	3313
f 3314 	3223 	3217
f 3316 	3312 	3296
f 1729 	2130 	2129
f 3315 	3313 	3316
f 1729 	1731 	2130
f 2132 	2130 	1731
f 3298 	3316 	3296
f 3492 	2759 	2758
f 1738 	2135 	2134
f 2761 	2759 	3492
f 3314 	3317 	3223
f 3315 	3316 	3298
f 1490 	3315 	619
f 1490 	619 	618
f 3317 	3300 	3318
f 2138 	1742 	2140
f 619 	3315 	615
f 3504 	2765 	2763
f 3223 	3317 	3318
f 2766 	2765 	3504
f 3300 	3319 	3318
f 3933 	3311 	3313
f 523 	524 	3309
f 3931 	3301 	3303
f 3303 	3311 	3931
f 1876 	2148 	1874
f 2771 	3514 	2779
f 1876 	1878 	2148
f 3320 	3310 	524
f 3310 	3309 	524
f 3321 	3320 	524
f 2134 	2151 	1738
f 1148 	3058 	3061
f 768 	745 	3348
f 3525 	2783 	2780
f 2785 	2783 	3525
f 3322 	3321 	528
f 524 	528 	3321
f 2160 	1917 	1921
f 3588 	2789 	2788
f 1162 	3071 	3072
f 768 	3356 	3325
f 1924 	2162 	1921
f 2791 	2789 	3588
f 3329 	778 	3325
f 778 	3329 	823
f 1766 	2145 	1950
f 3591 	2797 	2794
f 3076 	1169 	3075
f 3360 	3359 	481
f 3325 	3397 	3329
f 3592 	2799 	2797
f 3592 	2797 	3591
f 3325 	3356 	3397
f 3592 	2808 	2799
f 3326 	3361 	481
f 3361 	3360 	481
f 823 	3329 	3340
f 2802 	2801 	3594
f 823 	3340 	853
f 481 	483 	3326
f 2804 	3595 	3596
f 3328 	3327 	483
f 3327 	3326 	483
f 2431 	2624 	2428
f 585 	2624 	2482
f 585 	2486 	2487
f 2487 	2489 	585
f 2489 	2490 	585
f 2627 	2415 	2625
f 844 	3336 	866
f 483 	485 	3330
f 3330 	3328 	483
f 853 	3338 	3336
f 2160 	1921 	2162
f 1196 	1230 	3116
f 3331 	3330 	485
f 2162 	1924 	1946
f 1196 	3095 	1175
f 1202 	3096 	1203
f 3332 	3331 	485
f 3598 	2813 	2810
f 853 	3340 	3338
f 1203 	3097 	3100
f 286 	3341 	3342
f 3333 	3332 	532
f 485 	532 	3332
f 3340 	3411 	3338
f 3600 	3594 	2814
f 2801 	2814 	3594
f 2170 	2044 	2171
f 2046 	2171 	2044
f 620 	866 	3336
f 3336 	3338 	622
f 3336 	622 	620
f 3309 	229 	3342
f 2805 	3596 	2819
f 3338 	3431 	622
f 2819 	3601 	2820
f 3602 	2820 	3601
f 528 	529 	3324
f 3309 	3342 	523
f 3341 	523 	3342
f 1886 	2154 	2051
f 2820 	3602 	3603
f 1886 	1888 	2154
f 3107 	3108 	1221
f 1221 	3108 	3110
f 3350 	2047 	2049
f 463 	466 	3454
f 2047 	3350 	745
f 3622 	2831 	2829
f 3456 	3454 	466
f 3622 	3624 	2831
f 2832 	2831 	3624
f 745 	3350 	3348
f 3344 	3456 	466
f 466 	469 	3345
f 3345 	3344 	466
f 3348 	3350 	3353
f 3596 	2805 	2804
f 768 	3348 	3356
f 3352 	3351 	473
f 1917 	2158 	2157
f 3348 	3353 	3358
f 1917 	2160 	2158
f 3356 	3348 	3358
f 476 	478 	3354
f 3358 	3353 	3378
f 2163 	2162 	1946
f 3355 	3354 	478
f 1950 	2165 	1946
f 3357 	3355 	478
f 3359 	3357 	478
f 478 	481 	3359
f 3603 	2822 	2820
f 2825 	2822 	3603
f 3619 	2827 	2825
f 2083 	3364 	2089
f 2828 	2827 	3619
f 2090 	3364 	2083
f 3148 	1273 	3147
f 3362 	442 	3363
f 3284 	3367 	3290
f 1236 	1234 	3121
f 2049 	3370 	3350
f 2448 	3228 	2445
f 2449 	3228 	2448
f 2449 	2451 	3228
f 2435 	3228 	2434
f 2436 	3228 	2435
f 585 	2464 	3228
f 3300 	3343 	3319
f 2089 	3370 	2049
f 3343 	3304 	2499
f 2834 	2832 	3624
f 2089 	3364 	3371
f 2835 	2834 	3625
f 3370 	2089 	3371
f 2479 	2499 	3304
f 2962 	3001 	611
f 2479 	3409 	2483
f 3353 	3350 	3370
f 2653 	3373 	3374
f 3370 	3371 	3380
f 3375 	2659 	3374
f 3223 	3318 	3227
f 3380 	3353 	3370
f 2659 	3375 	2662
f 3376 	2662 	3375
f 3377 	2662 	3376
f 1985 	3318 	3319
f 3290 	3367 	2061
f 3459 	2747 	3377
f 1272 	3147 	1273
f 2061 	3367 	2115
f 3319 	3343 	2499
f 1988 	3319 	2499
f 3380 	3371 	3482
f 3353 	3380 	3378
f 3097 	1203 	3096
f 3367 	3382 	2115
f 1203 	3100 	1206
f 3386 	3387 	2679
f 3103 	1209 	3100
f 1206 	3100 	1209
f 2679 	3387 	3388
f 1209 	3103 	3104
f 1209 	3104 	1211
f 3105 	1213 	3104
f 1211 	3104 	1213
f 2689 	3389 	3391
f 3106 	1215 	3105
f 1213 	3105 	1215
f 3378 	3403 	3358
f 2689 	3391 	2694
f 1216 	1215 	1378
f 3106 	1378 	1215
f 1216 	1378 	3107
f 1216 	3107 	1218
f 3378 	92 	3403
f 3393 	2694 	3391
f 3511 	3378 	3380
f 1218 	3107 	1221
f 2694 	3393 	3394
f 1221 	3110 	1224
f 3378 	3511 	92
f 3390 	3372 	3796
f 3113 	1227 	3110
f 1224 	3110 	1227
f 2697 	3396 	3398
f 3114 	1228 	3113
f 1227 	3113 	1228
f 2697 	3398 	3399
f 1230 	1228 	3116
f 3114 	3116 	1228
f 1273 	3148 	3118
f 3402 	2702 	3401
f 3276 	3404 	3279
f 2702 	3402 	3405
f 1236 	3121 	3123
f 3279 	3404 	3284
f 3304 	3559 	3384
f 3123 	3124 	1240
f 1240 	3124 	3125
f 3404 	3276 	3407
f 3410 	2709 	3408
f 3411 	3329 	3397
f 442 	446 	3365
f 3329 	3411 	3340
f 2709 	3410 	2711
f 3412 	2711 	3410
f 3397 	3414 	3411
f 3366 	3365 	446
f 3412 	3373 	2711
f 2653 	2711 	3373
f 3358 	3416 	3356
f 3369 	3368 	446
f 3368 	3366 	446
f 3356 	3416 	3397
f 2713 	2739 	3418
f 3416 	3358 	3403
f 1256 	1252 	3137
f 446 	449 	3369
f 3420 	2714 	3418
f 2713 	3418 	2714
f 3397 	3416 	3414
f 3138 	1258 	3137
f 2714 	3420 	3421
f 3422 	3414 	3403
f 3139 	1260 	3138
f 3416 	3403 	3414
f 2717 	3421 	3424
f 3413 	3369 	449
f 1262 	1260 	3142
f 3422 	3403 	90
f 3142 	3143 	1262
f 3144 	1267 	3143
f 3145 	1270 	3144
f 3431 	3338 	3411
f 3432 	2725 	3430
f 3434 	3431 	3414
f 3411 	3414 	3431
f 3145 	3147 	1270
f 3419 	3415 	449
f 3415 	3413 	449
f 3432 	3379 	2725
f 3435 	3434 	3422
f 3414 	3422 	3434
f 2742 	3455 	2727
f 3422 	90 	3435
f 141 	3435 	90
f 3284 	3404 	3367
f 2728 	2727 	3439
f 3437 	3439 	2727
f 3431 	625 	622
f 2731 	2728 	3440
f 3439 	3440 	2728
f 3431 	3434 	626
f 3431 	626 	625
f 3120 	1234 	3118
f 1233 	3118 	1234
f 3404 	3407 	3382
f 3434 	3435 	627
f 3434 	627 	626
f 3425 	3419 	490
f 2731 	3440 	3442
f 3367 	3404 	3382
f 3120 	3121 	1234
f 627 	3435 	141
f 627 	141 	179
f 1236 	3123 	1239
f 3407 	3390 	3382
f 1239 	3123 	1240
f 3618 	3445 	3277
f 1240 	3125 	1243
f 3433 	3429 	490
f 3277 	3445 	3407
f 2736 	2735 	3448
f 1243 	3125 	1246
f 3127 	1246 	3125
f 1202 	1246 	3096
f 3436 	3433 	492
f 490 	492 	3433
f 3445 	3390 	3407
f 3452 	2739 	3450
f 2207 	3453 	2202
f 492 	494 	3438
f 3438 	3436 	492
f 3445 	3417 	3372
f 3452 	3418 	2739
f 3128 	3130 	1249
f 1250 	1249 	3130
f 2202 	3453 	3466
f 1250 	3130 	1252
f 3134 	1252 	3130
f 3437 	2727 	3455
f 3134 	3137 	1252
f 3447 	3443 	494
f 3390 	3445 	3372
f 1256 	3137 	1258
f 3417 	3423 	3458
f 2745 	3457 	2742
f 3455 	2742 	3457
f 3138 	1260 	1258
f 3454 	3451 	463
f 3451 	3449 	463
f 3449 	3447 	463
f 3458 	3372 	3417
f 3139 	3142 	1260
f 1264 	1262 	3143
f 3364 	3464 	3371
f 1264 	3143 	1267
f 3263 	3262 	431
f 3262 	3261 	431
f 2090 	3466 	3364
f 3144 	1270 	1267
f 3264 	3263 	431
f 2202 	3466 	2090
f 2333 	2332 	3228
f 2332 	2321 	3228
f 2327 	3234 	2324
f 2327 	2328 	3234
f 2340 	2333 	3228
f 3384 	3409 	3304
f 3118 	1233 	1273
f 2388 	2389 	2615
f 3127 	3096 	1246
f 3466 	3464 	3364
f 1276 	3035 	3164
f 2183 	2181 	2071
f 2386 	2387 	2615
f 3234 	2386 	2615
f 1276 	3164 	1277
f 3165 	1277 	3164
f 1277 	3165 	1279
f 3168 	1279 	3165
f 3384 	3470 	3409
f 3168 	1326 	1279
f 1280 	1279 	1326
f 3471 	3480 	3918
f 3173 	1283 	1326
f 1280 	1326 	1283
f 3472 	3471 	3919
f 1283 	3173 	3174
f 3470 	3392 	2555
f 1286 	1284 	3176
f 549 	3478 	3477
f 2078 	2189 	2188
f 549 	3918 	3478
f 3409 	3470 	2555
f 3480 	3479 	3918
f 3479 	3478 	3918
f 3371 	3464 	3482
f 3483 	3481 	3222
f 2193 	2081 	2082
f 3485 	2757 	3469
f 3487 	3486 	3222
f 3453 	3488 	3466
f 2757 	3485 	3489
f 3466 	3488 	3464
f 3490 	3222 	3491
f 2761 	3492 	3495
f 3486 	3484 	3222
f 3484 	3483 	3222
f 3481 	3494 	3222
f 3493 	3222 	3494
f 2737 	914 	910
f 2761 	3495 	2762
f 3497 	2762 	3495
f 3473 	3472 	3919
f 2762 	3497 	3500
f 2068 	2071 	2181
f 2184 	2183 	2071
f 2766 	3504 	3507
f 3506 	3919 	3508
f 3505 	3919 	3506
f 2766 	3507 	2768
f 3509 	2768 	3507
f 3511 	3380 	3482
f 2566 	2564 	1254
f 2768 	3509 	3513
f 2564 	2563 	1254
f 3514 	2771 	3513
f 930 	928 	2850
f 3464 	3516 	3482
f 2512 	3515 	2601
f 3488 	3516 	3464
f 930 	2850 	933
f 3515 	2512 	3517
f 2191 	2190 	2081
f 3514 	3518 	2779
f 3519 	2512 	3520
f 2779 	3518 	3522
f 3521 	3520 	2512
f 3519 	3517 	2512
f 2512 	3222 	3524
f 431 	434 	3264
f 3392 	3395 	2562
f 3463 	3460 	434
f 2555 	3392 	2562
f 3493 	3491 	3222
f 3222 	3490 	3529
f 3527 	3222 	3528
f 3529 	3528 	3222
f 3526 	3524 	3222
f 2512 	3524 	3523
f 3 	3516 	1
f 3395 	2569 	2562
f 2715 	901 	2712
f 3477 	3476 	549
f 3474 	3222 	3476
f 3475 	3222 	3474
f 549 	3476 	3222
f 3475 	3487 	3222
f 434 	435 	3463
f 3501 	3919 	3502
f 3501 	3499 	3919
f 3496 	3473 	3919
f 3498 	3496 	3919
f 3499 	3498 	3919
f 3503 	3919 	3505
f 3511 	40 	92
f 3482 	3535 	3511
f 3472 	3536 	3534
f 3472 	3534 	3471
f 2730 	908 	2723
f 3516 	3535 	3482
f 3473 	3537 	3536
f 3473 	3536 	3472
f 494 	463 	3447
f 3429 	3425 	490
f 449 	490 	3419
f 3365 	3363 	442
f 3362 	439 	442
f 3530 	460 	435
f 460 	3467 	435
f 3467 	3463 	435
f 3533 	2569 	3395
f 3473 	3555 	3537
f 2730 	910 	908
f 3474 	3538 	3539
f 3474 	3539 	3475
f 2578 	3533 	2853
f 3476 	3540 	3538
f 3476 	3538 	3474
f 2569 	3533 	2578
f 3477 	3541 	3540
f 3477 	3540 	3476
f 40 	3511 	3535
f 3478 	3542 	3541
f 3478 	3541 	3477
f 3304 	3409 	2479
f 3542 	3478 	3543
f 3479 	3543 	3478
f 3535 	48 	40
f 3480 	3544 	3543
f 3480 	3543 	3479
f 3544 	3480 	3534
f 3471 	3534 	3480
f 2741 	2744 	919
f 3545 	3481 	3483
f 3545 	3483 	3546
f 3546 	3483 	3484
f 3546 	3484 	3547
f 48 	3535 	3
f 3547 	3484 	3486
f 3547 	3486 	3549
f 3549 	3486 	3487
f 3549 	3487 	3550
f 3550 	3487 	3475
f 3550 	3475 	3539
f 2207 	2210 	3556
f 3579 	3490 	3551
f 3551 	3490 	3491
f 3551 	3491 	3552
f 3552 	3491 	3493
f 3552 	3493 	3553
f 3494 	3554 	3553
f 3494 	3553 	3493
f 3554 	3494 	3545
f 3481 	3545 	3494
f 3496 	3555 	3473
f 3498 	3557 	3555
f 3498 	3555 	3496
f 3558 	3557 	3498
f 3558 	3498 	3499
f 2166 	2214 	2164
f 3501 	3560 	3558
f 3501 	3558 	3499
f 2867 	939 	2865
f 2166 	2169 	2214
f 2215 	2214 	2169
f 3502 	3561 	3560
f 3502 	3560 	3501
f 3503 	3562 	3561
f 3503 	3561 	3502
f 3505 	3563 	3562
f 3505 	3562 	3503
f 2169 	2201 	2215
f 3569 	2207 	3556
f 3506 	3564 	3563
f 3506 	3563 	3505
f 3506 	3565 	3564
f 3508 	3565 	3506
f 3510 	3566 	3565
f 3510 	3565 	3508
f 3512 	3567 	3566
f 3512 	3566 	3510
f 2773 	3153 	3156
f 600 	2601 	3568
f 3515 	3568 	2601
f 2207 	3569 	3453
f 3517 	3570 	3568
f 3517 	3568 	3515
f 3157 	2773 	3156
f 3517 	3571 	3570
f 3811 	3428 	3687
f 3519 	3571 	3517
f 3571 	3519 	3520
f 3571 	3520 	3572
f 23 	2777 	3159
f 3572 	3520 	3521
f 3572 	3521 	3573
f 23 	3159 	3167
f 3573 	3521 	3523
f 3573 	3523 	3574
f 3524 	3575 	3574
f 3524 	3574 	3523
f 3526 	3576 	3575
f 3526 	3575 	3524
f 3527 	3577 	3576
f 3527 	3576 	3526
f 26 	3169 	3170
f 3528 	3578 	3577
f 3528 	3577 	3527
f 26 	3170 	3172
f 3529 	3579 	3578
f 3529 	3578 	3528
f 1 	3516 	3488
f 3490 	3579 	3529
f 3453 	3580 	3488
f 1442 	3212 	1419
f 3569 	3580 	3453
f 3177 	3178 	32
f 34 	32 	3178
f 3581 	3611 	3544
f 2937 	980 	2935
f 1419 	3212 	3211
f 34 	3178 	3180
f 950 	980 	2937
f 1439 	3214 	1442
f 3544 	3534 	3581
f 3255 	1439 	1438
f 2785 	3525 	3585
f 3535 	3516 	3
f 1438 	3215 	3255
f 2785 	3585 	2786
f 3586 	2786 	3585
f 1447 	3215 	1438
f 52 	3188 	3189
f 3580 	1 	3488
f 2786 	3586 	3587
f 1447 	1451 	3271
f 52 	3189 	3190
f 3215 	1447 	3271
f 59 	3190 	3192
f 59 	3192 	61
f 3193 	61 	3192
f 914 	2737 	2740
f 3271 	1451 	3272
f 3590 	2794 	3589
f 61 	3193 	3195
f 1435 	3272 	1451
f 2794 	3590 	3591
f 3197 	70 	3196
f 3197 	3199 	70
f 2802 	3594 	3593
f 2802 	3593 	3595
f 3597 	2808 	3592
f 2867 	942 	939
f 2808 	3597 	3598
f 3599 	2813 	3598
f 2920 	2712 	966
f 3599 	3600 	2813
f 899 	2712 	901
f 904 	901 	2718
f 2715 	2718 	901
f 3601 	2819 	3596
f 906 	904 	2723
f 2718 	2723 	904
f 906 	2723 	908
f 917 	914 	2740
f 3540 	3541 	3617
f 917 	2740 	919
f 1471 	3654 	1468
f 3541 	3542 	3584
f 2744 	922 	919
f 1435 	1434 	3279
f 2744 	2845 	922
f 927 	922 	2845
f 1435 	3279 	3272
f 3610 	3609 	3543
f 3608 	3543 	3609
f 3611 	3610 	3544
f 3543 	3544 	3610
f 928 	927 	2845
f 1462 	3276 	1434
f 2856 	934 	933
f 934 	2856 	935
f 2862 	935 	2856
f 1462 	3277 	3276
f 2862 	939 	935
f 3614 	3613 	3538
f 3277 	1462 	1463
f 1433 	3618 	1463
f 2867 	2940 	942
f 85 	3203 	3205
f 3205 	3206 	85
f 3277 	1463 	3618
f 2906 	953 	949
f 3621 	2829 	3620
f 3548 	3300 	3317
f 953 	2906 	2909
f 953 	2909 	956
f 2829 	3621 	3622
f 2911 	958 	2909
f 956 	2909 	958
f 2914 	961 	2911
f 958 	2911 	961
f 3548 	3623 	3300
f 2914 	2918 	961
f 3625 	2834 	3624
f 963 	2920 	966
f 3623 	3559 	3343
f 2139 	2142 	2199
f 2835 	3625 	3626
f 899 	966 	2712
f 3300 	3623 	3343
f 1468 	3652 	1430
f 2203 	2146 	2204
f 2931 	973 	972
f 3375 	3393 	3376
f 3374 	3393 	3375
f 3373 	3393 	3374
f 3376 	3393 	3377
f 2933 	974 	2931
f 973 	2931 	974
f 977 	974 	2935
f 2933 	2935 	974
f 3379 	3692 	3381
f 3381 	3692 	3383
f 3432 	3692 	3379
f 3388 	3387 	3692
f 3389 	3388 	3692
f 3387 	3386 	3692
f 3386 	3385 	3692
f 3383 	3692 	3385
f 2935 	980 	977
f 1477 	3658 	1471
f 2947 	990 	988
f 3410 	3406 	3412
f 3408 	3406 	3410
f 3373 	3412 	3406
f 3373 	3406 	3405
f 3373 	3405 	3402
f 3373 	3402 	3401
f 3373 	3401 	3400
f 3373 	3400 	3399
f 3373 	3399 	3398
f 3373 	3398 	3396
f 3373 	3396 	3394
f 3391 	3377 	3393
f 3394 	3393 	3373
f 990 	2947 	992
f 2952 	993 	2950
f 3420 	3692 	3421
f 3421 	3692 	3424
f 3430 	3692 	3432
f 3427 	3692 	3430
f 3426 	3692 	3427
f 3424 	3692 	3426
f 3417 	3445 	3618
f 997 	2958 	1590
f 1433 	3628 	3618
f 1466 	3628 	1433
f 1466 	1430 	3634
f 3446 	3696 	3448
f 3450 	3448 	3696
f 3444 	3696 	3446
f 3442 	3696 	3444
f 3440 	3696 	3442
f 3452 	3450 	3696
f 3437 	3696 	3439
f 3615 	3614 	3540
f 3439 	3696 	3440
f 3418 	3696 	3420
f 3628 	1466 	3634
f 3605 	3584 	3542
f 3616 	3615 	3540
f 3617 	3616 	3540
f 3455 	3696 	3437
f 3457 	3698 	3455
f 2971 	2974 	1012
f 3418 	3452 	3696
f 3469 	3468 	3391
f 3468 	3465 	3391
f 3465 	3462 	3391
f 3462 	3461 	3391
f 3461 	3459 	3391
f 3377 	3391 	3459
f 2984 	1091 	1083
f 3633 	3645 	3549
f 2177 	2062 	2064
f 3628 	3634 	3423
f 2179 	2064 	2066
f 3636 	3550 	3637
f 3637 	3550 	3638
f 2993 	1098 	2991
f 3391 	3518 	3514
f 3391 	3514 	3513
f 3391 	3513 	3509
f 3391 	3509 	3507
f 3391 	3507 	3504
f 3391 	3504 	3500
f 3391 	3500 	3497
f 3391 	3497 	3495
f 3391 	3495 	3492
f 3391 	3492 	3489
f 3391 	3489 	3485
f 3391 	3485 	3469
f 2993 	2997 	1098
f 1479 	3661 	1477
f 3545 	3546 	3639
f 3588 	3391 	3589
f 3585 	3391 	3586
f 3525 	3391 	3585
f 3522 	3391 	3525
f 3590 	3589 	3391
f 3591 	3590 	3391
f 3518 	3391 	3522
f 3586 	3391 	3587
f 3587 	3391 	3588
f 3641 	3640 	3546
f 3546 	3547 	3642
f 3812 	3626 	3391
f 3624 	3622 	3391
f 3549 	3550 	3635
f 3643 	3642 	3547
f 3644 	3643 	3547
f 3595 	3391 	3596
f 3595 	3593 	3391
f 3593 	3594 	3391
f 3594 	3600 	3391
f 3600 	3599 	3391
f 3599 	3598 	3391
f 3598 	3597 	3391
f 3597 	3592 	3391
f 3592 	3591 	3391
f 3008 	1121 	3007
f 3646 	3553 	3647
f 3008 	3009 	1121
f 3602 	3391 	3603
f 3601 	3391 	3602
f 3596 	3391 	3601
f 3603 	3391 	3604
f 3622 	3621 	3391
f 3621 	3620 	3391
f 3620 	3619 	3391
f 3604 	3391 	3619
f 3648 	3554 	3649
f 3647 	3553 	3648
f 3649 	3554 	3650
f 3624 	3391 	3625
f 3625 	3391 	3626
f 3642 	3641 	3546
f 3640 	3639 	3546
f 3651 	3545 	3653
f 3639 	3653 	3545
f 3651 	3650 	3545
f 1468 	3654 	3652
f 2984 	2986 	1091
f 1093 	1091 	2986
f 2986 	2989 	1093
f 1094 	1093 	2989
f 3252 	162 	3251
f 3583 	3582 	3534
f 3582 	3581 	3534
f 1096 	1094 	2989
f 3654 	1471 	3658
f 162 	3252 	3253
f 1477 	3661 	3658
f 3659 	3536 	3660
f 3662 	3660 	3537
f 3628 	3417 	3618
f 1104 	2997 	3000
f 3257 	189 	3256
f 3537 	3555 	3663
f 3663 	3662 	3537
f 3417 	3628 	3423
f 3559 	3623 	3627
f 3555 	3557 	3667
f 3664 	3663 	3555
f 3634 	1430 	3652
f 3665 	3664 	3555
f 3667 	3665 	3555
f 3668 	3667 	3557
f 204 	3262 	3263
f 3672 	3558 	3674
f 204 	3263 	3264
f 3652 	3654 	3687
f 3678 	3560 	3680
f 3676 	3560 	3678
f 3654 	3658 	3688
f 3654 	3688 	3687
f 1128 	3024 	1130
f 3666 	3559 	3627
f 1130 	3027 	1132
f 3658 	3661 	3689
f 2074 	2186 	2184
f 3035 	1134 	1132
f 3035 	1132 	3031
f 3688 	3658 	3689
f 3666 	3384 	3559
f 3035 	1276 	1134
f 3040 	1137 	3176
f 3042 	1140 	1137
f 3042 	1137 	3040
f 3042 	3128 	1140
f 1249 	1140 	3128
f 3666 	3685 	3384
f 984 	942 	2940
f 3470 	3384 	3685
f 984 	2940 	988
f 3652 	3428 	3634
f 3634 	3428 	3423
f 109 	3239 	3240
f 3241 	109 	3240
f 3687 	3428 	3652
f 2958 	997 	993
f 3470 	3685 	3686
f 2198 	2197 	2136
f 1000 	997 	1590
f 3686 	3629 	3392
f 2199 	2198 	2136
f 3246 	126 	3245
f 1000 	1590 	1002
f 2965 	1002 	1590
f 3246 	3247 	126
f 130 	126 	3247
f 1002 	2965 	1004
f 2967 	1004 	2965
f 3247 	3248 	130
f 2967 	1007 	1004
f 3392 	3470 	3686
f 2203 	2200 	2146
f 3742 	3661 	3751
f 2970 	1010 	1007
f 3250 	146 	3249
f 2150 	2204 	2146
f 3629 	3395 	3392
f 1010 	2970 	1012
f 2204 	2150 	2206
f 2974 	1075 	1012
f 1075 	2974 	1081
f 2977 	1081 	2974
f 2745 	2885 	3457
f 3680 	3561 	3682
f 3683 	3561 	3691
f 3682 	3561 	3683
f 3693 	3562 	3697
f 2997 	1104 	1098
f 3699 	3563 	3701
f 3697 	3563 	3699
f 3701 	3563 	3704
f 3705 	3564 	3707
f 3704 	3564 	3705
f 3565 	3713 	3709
f 3707 	3564 	3709
f 3004 	1114 	3003
f 3004 	3005 	1114
f 3717 	3713 	3565
f 32 	3265 	3177
f 3565 	3566 	3717
f 3722 	3720 	3566
f 3720 	3717 	3566
f 3566 	3567 	3724
f 3724 	3722 	3566
f 3719 	3695 	3729
f 3308 	224 	3307
f 2977 	1083 	1081
f 3726 	3724 	3567
f 539 	224 	3308
f 3309 	3310 	229
f 3728 	3727 	3567
f 3727 	3726 	3567
f 3715 	3719 	3729
f 3731 	3728 	588
f 3567 	588 	3728
f 3695 	3702 	3314
f 588 	590 	3732
f 3729 	3695 	3314
f 3734 	3733 	590
f 3314 	3702 	3317
f 3754 	3752 	3578
f 254 	3326 	3327
f 3661 	3742 	3689
f 3545 	3650 	3554
f 3710 	3715 	3288
f 3283 	3710 	3288
f 3743 	3741 	3551
f 3332 	267 	3331
f 3715 	3729 	3216
f 3551 	3552 	3743
f 3745 	3744 	3552
f 3746 	3553 	3646
f 3216 	3288 	3715
f 3729 	3217 	3216
f 3759 	3758 	3575
f 280 	3335 	3337
f 3217 	3729 	3314
f 280 	3337 	3339
f 1483 	3751 	1479
f 3576 	3577 	3747
f 3751 	3661 	1479
f 3751 	1483 	3756
f 3739 	3738 	3579
f 3578 	3579 	3754
f 3750 	3749 	3578
f 3749 	3748 	3577
f 286 	3342 	229
f 3756 	1476 	3770
f 1481 	3770 	1476
f 3774 	3772 	3573
f 1476 	3756 	1483
f 3755 	3710 	3753
f 3573 	3574 	3775
f 3760 	3753 	3710
f 1481 	3928 	3770
f 3758 	3757 	3574
f 3755 	3715 	3710
f 3574 	3575 	3758
f 3751 	3756 	3765
f 3715 	3755 	3719
f 539 	213 	224
f 3751 	3765 	3742
f 3766 	3795 	3571
f 3710 	3283 	3760
f 3767 	3766 	3571
f 3280 	3760 	3283
f 3768 	3767 	3572
f 3771 	3769 	3572
f 3783 	3756 	3770
f 3757 	3775 	3574
f 3775 	3774 	3573
f 3772 	3771 	3573
f 3572 	3573 	3771
f 3783 	3770 	3949
f 590 	592 	3735
f 3756 	3783 	3765
f 3780 	596 	3781
f 267 	3332 	3333
f 3785 	598 	3786
f 3784 	598 	3785
f 273 	3333 	3334
f 3786 	600 	3787
f 3382 	3791 	2115
f 3789 	3568 	3790
f 3390 	3791 	3382
f 3792 	3790 	3568
f 3568 	3570 	3792
f 3627 	3848 	3666
f 3390 	3796 	3791
f 3793 	3792 	3570
f 3769 	3768 	3572
f 3571 	3572 	3767
f 3794 	3570 	3795
f 3570 	3571 	3795
f 3799 	3372 	3458
f 3789 	3788 	3568
f 3787 	600 	3788
f 3782 	598 	3784
f 3781 	596 	3782
f 3779 	596 	3780
f 3778 	593 	3779
f 3736 	3735 	592
f 3735 	3734 	590
f 3737 	3736 	592
f 3777 	3737 	592
f 3745 	3552 	3746
f 3554 	3648 	3553
f 3553 	3746 	3552
f 344 	3349 	3351
f 2124 	2115 	3791
f 344 	3351 	3352
f 3776 	3695 	3773
f 2133 	2124 	3791
f 3579 	3551 	3740
f 3747 	3764 	3576
f 3762 	3761 	3575
f 3761 	3759 	3575
f 3794 	3793 	3570
f 3763 	3762 	3576
f 3575 	3576 	3762
f 3764 	3763 	3576
f 3695 	3719 	3773
f 3354 	351 	504
f 3776 	3702 	3695
f 3577 	3578 	3749
f 3748 	3747 	3577
f 3752 	3750 	3578
f 3738 	3754 	3579
f 3740 	3739 	3579
f 3741 	3740 	3551
f 3744 	3743 	3552
f 351 	3354 	3355
f 3850 	3797 	3776
f 3796 	2133 	3791
f 3798 	2133 	3796
f 3360 	360 	3359
f 3776 	3797 	3702
f 3584 	3630 	3541
f 3606 	3605 	3542
f 3543 	3607 	3542
f 3630 	3617 	3541
f 3608 	3607 	3543
f 3606 	3542 	3607
f 3538 	3540 	3614
f 3613 	3612 	3538
f 3612 	3631 	3538
f 3539 	3538 	3631
f 3539 	3631 	3632
f 3632 	3638 	3539
f 3547 	3549 	3644
f 3645 	3644 	3549
f 3635 	3633 	3549
f 3636 	3635 	3550
f 3539 	3638 	3550
f 3372 	3799 	3796
f 3537 	3660 	3536
f 3659 	3657 	3536
f 3548 	3702 	3797
f 3796 	3799 	3798
f 3534 	3536 	3655
f 3655 	3583 	3534
f 3657 	3655 	3536
f 365 	364 	3363
f 3851 	3627 	3800
f 3672 	3670 	3558
f 3560 	3674 	3558
f 3561 	3680 	3560
f 3562 	3691 	3561
f 3563 	3697 	3562
f 3564 	3704 	3563
f 3557 	3558 	3670
f 3365 	365 	3363
f 3548 	3797 	3800
f 3733 	3732 	590
f 3732 	3731 	588
f 3691 	3562 	3693
f 3565 	3709 	3564
f 3674 	3560 	3676
f 3669 	3668 	3557
f 3670 	3669 	3557
f 360 	3360 	3361
f 392 	3438 	3441
f 392 	3441 	3443
f 3454 	409 	3451
f 3463 	414 	3460
f 3467 	414 	3463
f 3530 	418 	460
f 3530 	3531 	418
f 419 	418 	3531
f 419 	3531 	3532
f 3800 	3627 	3623
f 3800 	3623 	3548
f 2773 	2770 	3153
f 2192 	2133 	3798
f 3157 	2776 	2773
f 3548 	3317 	3702
f 3158 	2777 	3157
f 2776 	3157 	2777
f 3158 	3159 	2777
f 3169 	24 	3167
f 1109 	1104 	3000
f 26 	24 	3169
f 1109 	3000 	1111
f 3172 	29 	26
f 3003 	1112 	1111
f 3864 	3773 	3807
f 3003 	1114 	1112
f 3773 	3864 	3865
f 3006 	1117 	1115
f 3185 	39 	3180
f 1117 	3006 	1119
f 3007 	1121 	1119
f 2854 	3656 	3671
f 39 	3185 	3186
f 3458 	3813 	3799
f 3776 	3773 	3865
f 3428 	3814 	3423
f 3010 	1126 	1124
f 3423 	3814 	3458
f 2863 	2859 	3675
f 1126 	3010 	1128
f 3814 	3428 	3811
f 3755 	3805 	3807
f 3458 	3814 	3813
f 52 	3190 	54
f 54 	3190 	59
f 3814 	3811 	3818
f 3031 	1132 	3027
f 3195 	63 	61
f 3813 	3814 	3818
f 3176 	1137 	1286
f 3811 	3815 	3818
f 3753 	3805 	3755
f 4 	3811 	3687
f 3719 	3807 	3773
f 3199 	73 	70
f 3811 	4 	3815
f 3755 	3807 	3719
f 2770 	73 	3153
f 2897 	3698 	3700
f 3167 	22 	23
f 3819 	3817 	3836
f 22 	3167 	24
f 3813 	3818 	3825
f 3708 	2904 	3706
f 2854 	2904 	3656
f 3818 	3815 	3820
f 3072 	1164 	1162
f 3832 	3395 	3629
f 3073 	1165 	3072
f 34 	3180 	37
f 3180 	39 	37
f 3186 	44 	39
f 3533 	3395 	3832
f 1169 	3076 	1171
f 2853 	3816 	3817
f 2863 	3675 	3677
f 3187 	46 	3186
f 44 	3186 	46
f 3077 	2928 	1171
f 3799 	3813 	3823
f 3188 	50 	3187
f 46 	3187 	50
f 2853 	3533 	3816
f 3799 	3823 	3798
f 50 	3188 	52
f 3817 	3819 	2902
f 2853 	3817 	2902
f 2869 	2902 	3819
f 66 	63 	3196
f 3195 	3196 	63
f 3196 	70 	66
f 3199 	3153 	73
f 3821 	2913 	2869
f 3202 	80 	3172
f 1144 	3051 	1145
f 80 	3202 	3203
f 3055 	3058 	1145
f 3206 	86 	85
f 2897 	3700 	3703
f 1159 	1154 	3068
f 1159 	3068 	1162
f 3822 	2192 	3798
f 3229 	94 	560
f 3229 	3232 	94
f 3798 	3823 	3822
f 106 	105 	3238
f 2107 	2196 	2195
f 3239 	107 	3238
f 3823 	3834 	3822
f 2108 	2197 	2196
f 2108 	2196 	2107
f 2108 	2136 	2197
f 3823 	3813 	3825
f 3826 	3827 	3841
f 112 	3241 	3243
f 2142 	2200 	2199
f 3819 	3821 	2869
f 3673 	2859 	3671
f 3821 	3824 	2913
f 3673 	3675 	2859
f 3051 	1144 	3088
f 2206 	2152 	2156
f 2878 	2913 	3824
f 3248 	132 	130
f 3820 	3825 	3818
f 3249 	132 	3248
f 3080 	1175 	3095
f 3823 	3825 	3834
f 3838 	3841 	3827
f 146 	3250 	3251
f 3825 	3820 	3828
f 3827 	2878 	3824
f 3055 	1145 	3051
f 3825 	3828 	3834
f 2201 	2217 	2215
f 3827 	3826 	2927
f 2205 	2218 	2201
f 3820 	3829 	3828
f 3254 	181 	3253
f 2878 	3827 	2927
f 6 	3830 	3815
f 184 	181 	3256
f 3815 	3830 	3820
f 2287 	2221 	2213
f 189 	184 	3256
f 189 	3257 	3258
f 192 	3258 	3259
f 2880 	2877 	3681
f 1164 	3072 	1165
f 3259 	3260 	192
f 196 	192 	3260
f 3684 	2882 	3681
f 3073 	3075 	1165
f 1166 	1165 	3075
f 196 	3260 	199
f 3261 	199 	3260
f 2224 	2290 	2294
f 1166 	3075 	1169
f 199 	3261 	3262
f 2387 	3670 	3672
f 3077 	1171 	3076
f 2388 	2387 	3674
f 2297 	2228 	2296
f 3264 	206 	204
f 2298 	2229 	2297
f 3692 	3694 	2891
f 2230 	2229 	2299
f 3081 	1177 	1175
f 3172 	80 	29
f 1177 	3081 	1179
f 3082 	1179 	3081
f 2300 	2230 	2299
f 1179 	3082 	1182
f 3083 	1182 	3082
f 3203 	84 	80
f 3083 	1186 	1182
f 84 	3203 	85
f 3086 	1188 	1186
f 3086 	3088 	1188
f 1192 	1188 	3088
f 3206 	3207 	86
f 88 	86 	3207
f 3706 	2900 	3703
f 1192 	3088 	1144
f 88 	3207 	91
f 3208 	91 	3207
f 2317 	2236 	2235
f 2900 	3706 	2904
f 3208 	560 	91
f 93 	91 	560
f 2237 	2236 	2317
f 3708 	3656 	2904
f 94 	93 	560
f 3232 	101 	94
f 2238 	2347 	2554
f 3061 	1151 	1148
f 2854 	3671 	2857
f 101 	3232 	105
f 3237 	105 	3232
f 3832 	3629 	3831
f 3064 	1154 	3061
f 1151 	3061 	1154
f 3237 	3238 	105
f 2857 	3671 	2859
f 3064 	3068 	1154
f 106 	3238 	107
f 2209 	2219 	2205
f 3239 	109 	107
f 3835 	3833 	1312
f 2220 	2213 	2221
f 3831 	3833 	3832
f 3241 	112 	109
f 2287 	2288 	2221
f 3820 	3830 	3829
f 113 	112 	3243
f 113 	3243 	118
f 3244 	118 	3243
f 232 	3829 	3830
f 118 	3244 	125
f 3245 	125 	3244
f 6 	237 	3830
f 126 	125 	3245
f 2294 	2226 	2224
f 3832 	3833 	3816
f 2296 	2227 	2294
f 2192 	3822 	2889
f 3249 	136 	132
f 3693 	2396 	3691
f 2228 	2297 	2229
f 3249 	146 	136
f 3822 	312 	2889
f 3697 	2397 	3693
f 2298 	2299 	2229
f 2396 	3693 	2397
f 2300 	2231 	2230
f 146 	3251 	159
f 2305 	2232 	2300
f 3251 	162 	159
f 3533 	3832 	3816
f 3253 	173 	162
f 3822 	3834 	312
f 173 	3253 	181
f 3254 	3256 	181
f 1312 	3833 	1323
f 3834 	3828 	319
f 1323 	3833 	3831
f 3258 	191 	189
f 319 	312 	3834
f 191 	3258 	192
f 2391 	3678 	3680
f 3828 	3829 	353
f 3682 	2392 	3680
f 2391 	3680 	2392
f 2257 	2450 	2240
f 319 	3828 	353
f 3683 	2393 	3682
f 2356 	2241 	2352
f 353 	3829 	772
f 3691 	2393 	3683
f 3262 	201 	199
f 201 	3262 	204
f 2366 	2244 	2362
f 772 	3829 	232
f 3688 	4 	3687
f 413 	206 	3460
f 3697 	3699 	2397
f 2372 	2245 	2511
f 2418 	2246 	2372
f 2403 	3701 	3704
f 246 	3324 	218
f 2403 	3704 	3705
f 218 	3267 	3268
f 3305 	222 	3268
f 2432 	2254 	2430
f 2408 	2407 	3709
f 223 	222 	3307
f 3713 	2408 	3709
f 2432 	2444 	2254
f 3742 	14 	3689
f 2863 	3677 	2874
f 2874 	3677 	3679
f 2874 	3679 	2877
f 2257 	2256 	2450
f 58 	14 	3742
f 3713 	3717 	2408
f 3679 	3681 	2877
f 2352 	2240 	2450
f 2410 	3717 	3720
f 2880 	3681 	2882
f 3722 	2411 	3720
f 2410 	3720 	2411
f 3816 	3833 	3835
f 3742 	3765 	58
f 3684 	3690 	2882
f 2882 	3690 	2885
f 3724 	2413 	3722
f 2411 	3722 	2413
f 2460 	2259 	2258
f 58 	3765 	76
f 3835 	3836 	3817
f 2413 	3724 	3726
f 2462 	2260 	2460
f 3690 	3457 	2885
f 3816 	3835 	3817
f 2260 	2462 	2465
f 3727 	2415 	3726
f 2467 	2263 	2465
f 2415 	3727 	3728
f 3783 	76 	3765
f 2264 	2263 	2469
f 2467 	2469 	2263
f 3694 	2893 	2891
f 1309 	3839 	3836
f 2471 	2265 	2469
f 2264 	2469 	2265
f 3839 	1309 	3837
f 2893 	3694 	3696
f 2893 	3696 	2894
f 2471 	2474 	2265
f 2266 	2265 	2474
f 3733 	2423 	3732
f 3698 	2896 	3696
f 2894 	3696 	2896
f 3819 	3836 	3839
f 2493 	2266 	2474
f 2423 	3733 	3734
f 2896 	3698 	2897
f 3837 	3821 	3839
f 2897 	3703 	2899
f 3815 	4 	6
f 2428 	3735 	3736
f 3689 	5 	3688
f 2899 	3703 	2900
f 2428 	3736 	3737
f 4 	3688 	5
f 5 	3689 	14
f 3819 	3839 	3821
f 2273 	2508 	2274
f 3837 	3824 	3821
f 2510 	2511 	2274
f 2240 	2352 	2241
f 3838 	3840 	1349
f 2241 	2356 	2242
f 3840 	3824 	3837
f 2359 	2362 	2242
f 1991 	2167 	2244
f 3838 	3827 	3840
f 3824 	3840 	3827
f 2245 	2372 	2246
f 2248 	2246 	2422
f 3307 	224 	223
f 3754 	2452 	3752
f 2433 	2452 	3738
f 1348 	3841 	3838
f 2255 	2444 	2256
f 2447 	2450 	2256
f 3320 	235 	3310
f 2925 	3803 	3804
f 235 	3320 	3321
f 3806 	2925 	3804
f 2435 	3739 	3740
f 2435 	3740 	2436
f 3741 	2436 	3740
f 3741 	3743 	2436
f 2437 	2436 	3743
f 246 	245 	3324
f 2437 	3743 	2438
f 3744 	2438 	3743
f 3267 	218 	3324
f 2438 	3744 	3745
f 3745 	3746 	2441
f 2441 	3746 	3646
f 2443 	2464 	3747
f 254 	3327 	3328
f 2493 	2267 	2266
f 1348 	3842 	3841
f 2267 	2493 	2268
f 2448 	3748 	3749
f 3714 	3716 	2912
f 2448 	3749 	2449
f 3750 	2449 	3749
f 2268 	2502 	2270
f 3752 	2451 	3750
f 2449 	3750 	2451
f 2451 	3752 	2452
f 3754 	3738 	2452
f 2455 	3757 	3758
f 3335 	273 	3334
f 3723 	3725 	2919
f 2891 	2919 	3692
f 2278 	2554 	2557
f 3842 	3843 	3845
f 3763 	3764 	2464
f 2464 	3764 	3747
f 3036 	2927 	3826
f 211 	213 	3265
f 539 	3265 	213
f 3826 	3841 	3844
f 32 	211 	3265
f 3842 	3844 	3841
f 2925 	3806 	2926
f 3844 	3842 	3845
f 2382 	2379 	2584
f 218 	3268 	220
f 2585 	2412 	2584
f 2382 	2584 	2412
f 2926 	3806 	3808
f 220 	3268 	222
f 3826 	3844 	3036
f 2585 	2457 	2412
f 3305 	3307 	222
f 3844 	2948 	3036
f 2477 	2475 	3774
f 2120 	1615 	2121
f 2835 	3626 	3812
f 1643 	1647 	2121
f 3310 	233 	229
f 2122 	1647 	2123
f 233 	3310 	235
f 2456 	2455 	3758
f 2123 	1651 	2125
f 235 	3321 	239
f 3322 	242 	3321
f 239 	3321 	242
f 3845 	2948 	3844
f 2910 	3712 	3714
f 242 	3322 	3323
f 242 	3323 	245
f 2126 	1663 	2127
f 834 	2948 	3845
f 3762 	2461 	3761
f 3323 	3324 	245
f 3714 	2912 	2910
f 1663 	1666 	2127
f 2461 	3762 	3763
f 2912 	3716 	3718
f 361 	3361 	251
f 251 	3326 	254
f 2917 	2916 	3723
f 1731 	2062 	2132
f 254 	3328 	258
f 2917 	3723 	2919
f 2468 	2466 	3767
f 3766 	3767 	2466
f 3330 	262 	3328
f 258 	3328 	262
f 2135 	1741 	2137
f 2468 	3767 	3768
f 3331 	265 	3330
f 262 	3330 	265
f 1741 	1742 	2137
f 3769 	2472 	3768
f 2934 	3812 	2921
f 3730 	2921 	3812
f 3331 	267 	265
f 2472 	3769 	3771
f 267 	3333 	269
f 2140 	1752 	2141
f 2922 	2921 	3801
f 3772 	2475 	3771
f 2141 	1752 	2143
f 269 	3333 	273
f 3772 	3774 	2475
f 2923 	2922 	3802
f 273 	3335 	277
f 2477 	3774 	3775
f 3802 	3803 	2923
f 2924 	2923 	3803
f 1611 	2118 	2144
f 277 	3335 	280
f 2455 	3775 	3757
f 2925 	2924 	3803
f 280 	3339 	282
f 1874 	2147 	2145
f 284 	282 	3341
f 3339 	3341 	282
f 2481 	3777 	3778
f 2148 	2147 	1874
f 3808 	2929 	2926
f 284 	3341 	286
f 3779 	2482 	3778
f 3808 	3809 	2929
f 1882 	2151 	2149
f 1882 	1738 	2151
f 2154 	1888 	2155
f 3627 	3851 	3848
f 2155 	1888 	2157
f 3346 	3347 	338
f 3712 	2908 	3711
f 2907 	3711 	2908
f 341 	338 	3349
f 3347 	3349 	338
f 2489 	2487 	3785
f 2908 	3712 	2910
f 341 	3349 	344
f 3352 	346 	344
f 2163 	1946 	2165
f 2912 	3718 	2915
f 346 	3352 	504
f 2165 	1950 	2145
f 3721 	2916 	3718
f 2915 	3718 	2916
f 3848 	3849 	3666
f 3721 	3723 	2916
f 2167 	1991 	2168
f 1993 	2168 	1991
f 2170 	2168 	1993
f 3846 	3685 	3849
f 3725 	3692 	2919
f 2048 	2172 	2171
f 2048 	2051 	2172
f 2173 	2172 	2051
f 2481 	3778 	2482
f 3730 	3801 	2921
f 2173 	2051 	2154
f 3849 	3685 	3666
f 2482 	3779 	2484
f 3780 	2484 	3779
f 3801 	3802 	2922
f 2485 	2484 	3781
f 3780 	3781 	2484
f 3846 	3847 	3686
f 2064 	2178 	2177
f 2486 	2485 	3782
f 3782 	2485 	3781
f 3685 	3846 	3686
f 2178 	2064 	2179
f 3784 	2487 	3782
f 2486 	3782 	2487
f 2066 	2180 	2179
f 3362 	3363 	364
f 3629 	3686 	3847
f 3784 	3785 	2487
f 3365 	366 	365
f 3831 	3847 	1314
f 3366 	367 	366
f 3366 	366 	3365
f 1323 	3831 	1314
f 2929 	3809 	2930
f 367 	3366 	368
f 3368 	368 	3366
f 2491 	3786 	3787
f 3369 	371 	368
f 3369 	368 	3368
f 2930 	3809 	3810
f 2930 	3810 	2932
f 3788 	2491 	3787
f 2187 	2186 	2077
f 3369 	3413 	371
f 372 	371 	3413
f 2932 	3810 	3711
f 2932 	3711 	2907
f 2074 	2077 	2186
f 3415 	374 	3413
f 3629 	3847 	3831
f 3790 	2495 	3789
f 3812 	2934 	2835
f 2188 	2187 	2077
f 3790 	3792 	2495
f 2496 	2495 	3792
f 2080 	2190 	2189
f 380 	377 	3425
f 3419 	3425 	377
f 2080 	2081 	2190
f 2500 	3793 	3794
f 3429 	384 	3425
f 2191 	2081 	2193
f 3457 	3690 	3684
f 3457 	3684 	3681
f 3457 	3681 	3679
f 3457 	3679 	3677
f 3457 	3677 	3675
f 3457 	3675 	3673
f 3457 	3673 	3671
f 3457 	3671 	3656
f 3656 	3708 	3457
f 3433 	386 	3429
f 2082 	2194 	2193
f 3766 	2466 	3795
f 3433 	3436 	386
f 3708 	3706 	3457
f 3706 	3703 	3457
f 3703 	3700 	3457
f 3700 	3698 	3457
f 3696 	3455 	3698
f 3694 	3420 	3696
f 3692 	3420 	3694
f 3391 	3389 	3692
f 1315 	3849 	1316
f 3391 	3692 	3725
f 3391 	3725 	3723
f 3391 	3723 	3721
f 3391 	3721 	3718
f 3391 	3718 	3716
f 3714 	3712 	3391
f 3712 	3711 	3391
f 3711 	3810 	3391
f 3716 	3714 	3391
f 3443 	3447 	400
f 3849 	3848 	1316
f 400 	3447 	3449
f 3776 	3865 	3850
f 2142 	2146 	2200
f 3810 	3809 	3391
f 3809 	3808 	3391
f 3808 	3806 	3391
f 3806 	3804 	3391
f 3804 	3803 	3391
f 3803 	3802 	3391
f 3802 	3801 	3391
f 3730 	3391 	3801
f 3391 	3730 	3812
f 3454 	3456 	409
f 3231 	3853 	3233
f 3850 	1339 	3852
f 2953 	3235 	3233
f 2156 	2208 	2206
f 3854 	3233 	3853
f 3233 	3854 	2953
f 2211 	2208 	2156
f 2953 	3854 	3853
f 2953 	3853 	2954
f 334 	332 	3345
f 3344 	3345 	332
f 2164 	2212 	2211
f 3797 	3850 	3852
f 3853 	3231 	2955
f 3853 	2955 	2954
f 3231 	3230 	3855
f 3346 	336 	3345
f 334 	3345 	336
f 2214 	2212 	2164
f 3851 	3800 	3797
f 336 	3346 	338
f 3858 	3230 	3856
f 3797 	3852 	3851
f 2217 	2201 	2218
f 2955 	3231 	3855
f 2955 	3855 	2956
f 2218 	2205 	2219
f 3858 	3856 	3859
f 2209 	2213 	2219
f 504 	348 	346
f 2616 	2973 	3860
f 3861 	2616 	3860
f 504 	351 	348
f 3355 	354 	351
f 2289 	2223 	2222
f 2973 	2976 	3860
f 2976 	3862 	3860
f 3861 	3860 	3862
f 3862 	3859 	3861
f 3856 	3857 	3859
f 3857 	3861 	3859
f 3855 	3858 	3859
f 3855 	3859 	2956
f 2289 	2224 	2223
f 3357 	357 	3355
f 354 	3355 	357
f 1339 	1317 	3852
f 3851 	3852 	1317
f 2956 	3859 	2957
f 3862 	2957 	3859
f 3359 	358 	3357
f 357 	3357 	358
f 1316 	3848 	1317
f 2957 	3862 	2976
f 358 	3359 	360
f 3851 	1317 	3848
f 2226 	2294 	2227
f 3361 	361 	360
f 2296 	2228 	2227
f 3326 	251 	3361
f 1315 	3846 	3849
f 2231 	2300 	2232
f 1321 	3846 	1315
f 2305 	2307 	2232
f 2232 	2307 	2233
f 1321 	1314 	3847
f 2233 	2307 	2234
f 2311 	2234 	2307
f 2324 	3612 	3613
f 2235 	2234 	2311
f 3614 	2327 	3613
f 3846 	1321 	3847
f 372 	3413 	374
f 3419 	377 	374
f 3415 	3419 	374
f 380 	3425 	384
f 2301 	2318 	3581
f 3582 	2302 	2301
f 3582 	2301 	3581
f 386 	384 	3429
f 2302 	3582 	2304
f 3583 	2304 	3582
f 3436 	389 	386
f 3655 	2367 	3583
f 3438 	390 	3436
f 389 	3436 	390
f 390 	3438 	392
f 1310 	3835 	1312
f 392 	3443 	396
f 2418 	2422 	2246
f 3443 	400 	396
f 2422 	2250 	2248
f 1310 	3836 	3835
f 3449 	404 	400
f 2250 	2430 	2252
f 3451 	407 	3449
f 404 	3449 	407
f 2252 	2430 	2254
f 1325 	3836 	1310
f 407 	3451 	409
f 3836 	1325 	1309
f 3456 	410 	409
f 332 	410 	3344
f 3456 	3344 	410
f 206 	3264 	3460
f 1350 	3837 	1309
f 3460 	414 	413
f 2324 	3613 	2327
f 3467 	415 	414
f 2260 	2259 	2460
f 3614 	3615 	2327
f 3467 	460 	415
f 417 	415 	460
f 3837 	1350 	3840
f 2465 	2262 	2260
f 418 	417 	460
f 2263 	2262 	2465
f 3532 	420 	419
f 364 	420 	3362
f 420 	3532 	3362
f 2331 	3630 	2306
f 2306 	3584 	3605
f 2308 	2306 	3605
f 2493 	2497 	2268
f 3606 	2309 	3605
f 2308 	3605 	2309
f 2312 	2309 	3607
f 3606 	3607 	2309
f 3864 	1334 	1329
f 2312 	3607 	2313
f 3608 	2313 	3607
f 3863 	1334 	3864
f 2270 	2502 	2272
f 2315 	2313 	3609
f 3608 	3609 	2313
f 2505 	2508 	2272
f 2315 	3609 	2316
f 3610 	2316 	3609
f 2511 	2275 	2274
f 2316 	3610 	2318
f 3611 	2318 	3610
f 2245 	2275 	2511
f 3611 	3581 	2318
f 3850 	1330 	1339
f 2554 	2277 	2238
f 2321 	2332 	3612
f 2277 	2554 	2278
f 2321 	3612 	2324
f 2561 	2279 	2278
f 2561 	2278 	2557
f 2279 	2561 	2280
f 2565 	2280 	2561
f 3615 	2328 	2327
f 2570 	2319 	2280
f 2570 	2280 	2565
f 2329 	2328 	3616
f 2319 	2570 	2376
f 2574 	2376 	2570
f 2329 	3616 	2330
f 3617 	2330 	3616
f 3807 	3863 	3864
f 2376 	2574 	2377
f 2576 	2377 	2574
f 2331 	2330 	3630
f 3617 	3630 	2330
f 2579 	2379 	2377
f 2579 	2377 	2576
f 3805 	3863 	3807
f 2579 	2584 	2379
f 3584 	2306 	3630
f 1329 	3865 	3864
f 3865 	1329 	1330
f 2586 	3866 	3913
f 2586 	3913 	2692
f 2587 	3867 	3866
f 2587 	3866 	2586
f 3850 	3865 	1330
f 2588 	3868 	3867
f 2588 	3867 	2587
f 2589 	3869 	3868
f 2589 	3868 	2588
f 2590 	3870 	3869
f 2590 	3869 	2589
f 2591 	3871 	3870
f 2591 	3870 	2590
f 2592 	3871 	2591
f 2592 	3872 	3871
f 2593 	3873 	3872
f 2593 	3872 	2592
f 2594 	3874 	3873
f 2594 	3873 	2593
f 3877 	3874 	2594
f 1349 	3840 	1350
f 3870 	3871 	2311
f 2314 	2311 	3871
f 2317 	2314 	3871
f 2320 	2317 	3871
f 3871 	3872 	2320
f 2311 	2307 	3870
f 2307 	2305 	3870
f 2300 	2299 	3869
f 3868 	3869 	2298
f 2348 	3641 	3642
f 1354 	3838 	1349
f 2349 	2348 	3643
f 2347 	2320 	3872
f 2574 	3874 	2576
f 2579 	2576 	3877
f 3873 	2557 	3872
f 3875 	2631 	2612
f 3838 	1354 	1348
f 3875 	2612 	2613
f 3875 	2613 	3876
f 3876 	2613 	3893
f 1358 	3842 	1348
f 2618 	3877 	2594
f 2620 	3878 	3877
f 2620 	3877 	2618
f 2621 	3879 	3878
f 2621 	3878 	2620
f 3842 	1358 	3843
f 2622 	3880 	3879
f 2622 	3879 	2621
f 2623 	3881 	3880
f 2623 	3880 	2622
f 3635 	2335 	3633
f 2626 	3882 	3881
f 2626 	3881 	2623
f 2628 	3883 	3882
f 2628 	3882 	2626
f 2335 	3635 	3636
f 2629 	3884 	3883
f 2629 	3883 	2628
f 3636 	3637 	2337
f 2630 	3885 	3884
f 2630 	3884 	2629
f 2631 	3886 	3885
f 2631 	3885 	2630
f 2631 	3875 	3886
f 3653 	3639 	2341
f 2341 	3639 	3640
f 1358 	95 	3843
f 2508 	2505 	3882
f 3882 	3883 	2508
f 2510 	2508 	3883
f 2372 	2511 	3883
f 3883 	3884 	2372
f 3885 	2422 	3884
f 3886 	2432 	3885
f 3875 	2450 	3886
f 2444 	2432 	3886
f 2418 	3884 	2422
f 2511 	2510 	3883
f 2635 	3887 	3888
f 2635 	3888 	2636
f 2638 	3889 	3887
f 2638 	3887 	2635
f 2642 	3890 	3889
f 2642 	3889 	2638
f 2948 	834 	3050
f 2645 	3891 	3890
f 2645 	3890 	2642
f 2353 	2441 	3646
f 3899 	3891 	2645
f 3647 	2355 	3646
f 2636 	3888 	3892
f 2636 	3892 	2652
f 3648 	2355 	3647
f 2613 	2654 	3893
f 2655 	3894 	3893
f 2655 	3893 	2654
f 2658 	3895 	3894
f 2658 	3894 	2655
f 2660 	3896 	3895
f 2660 	3895 	2658
f 2661 	3897 	3896
f 2661 	3896 	2660
f 2663 	3898 	3897
f 2663 	3897 	2661
f 3898 	2663 	3892
f 2652 	3892 	2663
f 805 	812 	2239
f 2332 	2333 	3631
f 3612 	2332 	3631
f 3889 	1748 	3887
f 3890 	1758 	3889
f 3900 	3901 	1674
f 3891 	1615 	3890
f 1748 	3889 	1752
f 1738 	1882 	3888
f 2334 	3633 	2335
f 3636 	2337 	2335
f 1924 	1921 	3897
f 1946 	1924 	3897
f 1874 	1766 	3898
f 1876 	1874 	3892
f 3888 	1882 	3892
f 3896 	3897 	1921
f 3893 	2366 	3876
f 2665 	3899 	2645
f 3638 	2340 	3637
f 2667 	3900 	3899
f 2667 	3899 	2665
f 2668 	3901 	3900
f 2668 	3900 	2667
f 2670 	3902 	3901
f 2670 	3901 	2668
f 2671 	3903 	3902
f 2671 	3902 	2670
f 2671 	3904 	3903
f 2342 	2341 	3640
f 2674 	3904 	2671
f 2677 	3905 	3904
f 2677 	3904 	2674
f 2345 	2342 	3641
f 3906 	3905 	2677
f 3906 	2677 	2678
f 2680 	3907 	3906
f 2680 	3906 	2678
f 2681 	3908 	3907
f 2681 	3907 	2680
f 3642 	3643 	2348
f 2683 	3909 	3908
f 2683 	3908 	2681
f 2683 	3910 	3909
f 2686 	3910 	2683
f 2688 	3911 	3910
f 2688 	3910 	2686
f 2690 	3912 	3911
f 2690 	3911 	2688
f 2692 	3913 	3912
f 2692 	3912 	2690
f 3632 	3631 	2333
f 856 	795 	2782
f 2066 	3902 	2067
f 3903 	2067 	3902
f 3904 	2071 	3903
f 1729 	1674 	3901
f 2325 	795 	2322
f 799 	2322 	795
f 799 	805 	2322
f 2239 	2322 	805
f 2251 	2239 	812
f 818 	2247 	812
f 2339 	2337 	3637
f 3909 	3910 	2146
f 2152 	2150 	3910
f 3910 	3911 	2156
f 2166 	2164 	3911
f 2108 	2107 	3908
f 2107 	2105 	3907
f 2080 	2079 	3905
f 2339 	3637 	2340
f 3556 	2247 	394
f 3913 	2201 	3912
f 2289 	2288 	3866
f 2169 	2166 	3912
f 3638 	3632 	2340
f 2333 	2340 	3632
f 3936 	3280 	3281
f 3221 	1716 	549
f 3281 	3269 	3936
f 3640 	3641 	2342
f 1628 	3234 	1664
f 2345 	3641 	2348
f 3939 	3273 	3179
f 1664 	3230 	3914
f 634 	633 	3914
f 909 	905 	3914
f 902 	898 	3914
f 898 	878 	3914
f 968 	3914 	879
f 960 	955 	3914
f 955 	951 	3914
f 3914 	931 	1664
f 1225 	1155 	1664
f 1153 	1150 	1664
f 1147 	1107 	1664
f 1101 	1088 	1664
f 3183 	3940 	3179
f 2349 	3643 	3644
f 1716 	3221 	3224
f 1716 	3224 	1719
f 2351 	2350 	3645
f 3224 	3225 	1719
f 1736 	3228 	3234
f 3234 	1628 	1736
f 2334 	3645 	3633
f 2351 	3645 	2334
f 3226 	3228 	1726
f 3915 	13 	3914
f 634 	3914 	13
f 3646 	2355 	2353
f 3222 	3221 	549
f 3648 	2357 	2355
f 2357 	3648 	2358
f 3649 	2358 	3648
f 2360 	2358 	3650
f 3649 	3650 	2358
f 2360 	3650 	3651
f 1736 	1726 	3228
f 2364 	2363 	3653
f 2364 	3653 	2341
f 13 	3915 	3916
f 3917 	3916 	3235
f 3915 	3235 	3916
f 818 	394 	2247
f 3919 	3471 	3918
f 3569 	3556 	405
f 394 	405 	3556
f 3569 	405 	3580
f 412 	3580 	405
f 412 	416 	3580
f 3580 	416 	1
f 1 	416 	3
f 422 	3 	416
f 3230 	1664 	3234
f 437 	48 	422
f 3 	422 	48
f 3914 	3230 	3233
f 437 	444 	48
f 127 	48 	444
f 444 	158 	127
f 3235 	3915 	3914
f 3235 	3914 	3233
f 3146 	3843 	95
f 3920 	3921 	3919
f 3920 	3919 	3918
f 3916 	3917 	3923
f 3150 	3845 	3146
f 3843 	3146 	3845
f 3920 	3922 	3921
f 1465 	3920 	3918
f 3845 	3150 	834
f 3923 	3922 	3916
f 2384 	3667 	3668
f 3923 	3921 	3922
f 3050 	834 	842
f 2384 	3668 	2385
f 3669 	2385 	3668
f 2774 	3050 	852
f 842 	852 	3050
f 3669 	3670 	2385
f 2774 	852 	2782
f 856 	2782 	852
f 3923 	3917 	3927
f 342 	340 	1255
f 3672 	3674 	2387
f 2325 	2782 	795
f 2507 	2572 	1254
f 3502 	3919 	3503
f 2388 	3674 	3676
f 3918 	1255 	1465
f 3921 	1464 	3919
f 2304 	3583 	2367
f 1753 	1751 	3924
f 3655 	3657 	2367
f 2368 	2367 	3657
f 3916 	3926 	3998
f 3998 	3997 	3916
f 3994 	3916 	3996
f 2368 	3657 	2369
f 3659 	2369 	3657
f 3659 	3660 	2369
f 2370 	2369 	3660
f 2370 	3660 	2373
f 3662 	2373 	3660
f 3663 	2375 	3662
f 2373 	3662 	2375
f 3663 	3664 	2375
f 2378 	2375 	3664
f 3665 	2381 	3664
f 2378 	3664 	2381
f 1465 	1469 	3928
f 3929 	3920 	3928
f 3922 	3920 	3929
f 1465 	3928 	3920
f 3931 	3922 	3930
f 3932 	3922 	3931
f 3933 	3922 	3932
f 3934 	3922 	3933
f 3936 	3922 	3935
f 3937 	3922 	3936
f 3938 	3922 	3937
f 3939 	3922 	3938
f 3940 	3922 	3939
f 3941 	3922 	3940
f 3942 	3922 	3941
f 3943 	3922 	3942
f 3930 	3922 	3944
f 3943 	3944 	3922
f 3929 	3945 	3922
f 3947 	3922 	3946
f 3945 	3946 	3922
f 3948 	3922 	3947
f 3935 	3922 	3948
f 1469 	3949 	3928
f 3949 	1469 	3950
f 3951 	3950 	1469
f 3951 	1469 	3952
f 3953 	3952 	1469
f 3953 	1469 	3954
f 3954 	1469 	3955
f 3955 	1469 	3956
f 3956 	1469 	3957
f 3957 	1469 	3958
f 3958 	1469 	3959
f 3960 	3959 	1469
f 3960 	1469 	3961
f 3961 	1469 	3962
f 3962 	1469 	3963
f 3964 	3963 	1469
f 3965 	3964 	1469
f 3966 	3965 	1469
f 3967 	3966 	1469
f 3924 	3967 	1429
f 3922 	3934 	3916
f 3925 	3916 	3934
f 1254 	3919 	1464
f 2962 	1473 	3968
f 3968 	1473 	3921
f 3923 	3968 	3921
f 3923 	3927 	3968
f 1464 	3921 	1473
f 3014 	3015 	3969
f 3016 	3014 	3969
f 3015 	3013 	3969
f 359 	3970 	314
f 356 	327 	3970
f 236 	227 	3970
f 241 	236 	3970
f 618 	522 	3970
f 3931 	3930 	3301
f 3280 	3936 	3935
f 3938 	3937 	3273
f 3273 	3939 	3938
f 3945 	3863 	3805
f 3947 	3805 	3753
f 3269 	3937 	3936
f 3940 	3151 	3941
f 3941 	3151 	3942
f 3805 	3946 	3945
f 3162 	3944 	3943
f 3953 	3954 	792
f 187 	3952 	3953
f 3954 	3955 	792
f 3964 	1120 	3963
f 3965 	1173 	3964
f 1120 	3964 	1173
f 3959 	1066 	882
f 1100 	3961 	3962
f 721 	1199 	3969
f 2890 	2892 	3929
f 2028 	2029 	3928
f 2025 	2026 	3928
f 3971 	1750 	3969
f 1750 	3018 	3969
f 228 	3972 	3970
f 3971 	3924 	1750
f 3311 	3932 	3931
f 3311 	3933 	3932
f 3946 	3805 	3947
f 3162 	3930 	3944
f 3753 	3948 	3947
f 811 	792 	3955
f 3956 	836 	3955
f 3959 	882 	3958
f 3962 	3963 	1100
f 3952 	187 	3951
f 3956 	3957 	836
f 3958 	882 	3957
f 864 	836 	3957
f 3971 	3969 	3924
f 3967 	3924 	3969
f 3925 	3970 	3972
f 3934 	3970 	3925
f 3972 	194 	3925
f 3999 	3926 	3925
f 3974 	3925 	3973
f 3976 	3975 	3925
f 3975 	3973 	3925
f 3981 	3925 	3982
f 3976 	3925 	3977
f 3977 	3925 	3978
f 3978 	3925 	3979
f 3979 	3925 	3980
f 3980 	3925 	3981
f 3985 	3925 	3986
f 3983 	3925 	3984
f 3984 	3925 	3985
f 3979 	589 	3978
f 3977 	3978 	589
f 3980 	589 	3979
f 3981 	589 	3980
f 3982 	589 	3981
f 3983 	203 	3982
f 3984 	203 	3983
f 3985 	203 	3984
f 3975 	3976 	591
f 589 	591 	3976
f 3976 	3977 	589
f 3986 	3925 	3987
f 3987 	3925 	3988
f 3982 	3925 	3983
f 3990 	3925 	3989
f 3988 	3925 	3990
f 3993 	3925 	194
f 3989 	3925 	3991
f 3991 	3925 	3992
f 3992 	3925 	3993
f 3974 	3973 	591
f 589 	3982 	203
f 3993 	274 	3992
f 194 	198 	274
f 200 	274 	198
f 3991 	3992 	274
f 3987 	203 	3986
f 3973 	3975 	591
f 3989 	203 	3990
f 3988 	203 	3987
f 3990 	203 	3988
f 200 	264 	274
f 3989 	274 	203
f 3989 	3991 	274
f 260 	276 	255
f 257 	255 	276
f 271 	257 	276
f 274 	266 	276
f 194 	274 	3993
f 266 	274 	264
f 268 	276 	266
f 271 	276 	268
f 260 	283 	276
f 292 	294 	310
f 294 	296 	310
f 289 	292 	310
f 285 	289 	310
f 296 	298 	310
f 298 	301 	310
f 307 	310 	301
f 283 	285 	310
f 310 	276 	283
f 304 	538 	307
f 301 	304 	307
f 307 	554 	83
f 538 	541 	307
f 551 	307 	546
f 554 	307 	551
f 541 	546 	307
f 557 	83 	554
f 559 	83 	557
f 562 	83 	559
f 565 	83 	562
f 567 	83 	565
f 570 	572 	82
f 572 	575 	82
f 135 	82 	575
f 137 	82 	135
f 82 	83 	570
f 4020 	4019 	3916
f 4017 	4016 	3916
f 3996 	3916 	3997
f 3916 	3925 	3926
f 3999 	3925 	4000
f 4002 	4001 	3925
f 4000 	3925 	4001
f 4002 	591 	4001
f 4001 	594 	4000
f 594 	597 	3996
f 4009 	591 	4003
f 4000 	594 	3999
f 3999 	594 	3926
f 3996 	3997 	594
f 3998 	594 	3997
f 3926 	594 	3998
f 3916 	4006 	4004
f 4004 	4005 	3916
f 4006 	3916 	4007
f 4007 	3916 	4008
f 3994 	3995 	3916
f 4008 	3916 	3995
f 4002 	3925 	4003
f 4009 	4003 	3925
f 4009 	3925 	4010
f 4010 	3925 	4011
f 3974 	4011 	3925
f 4011 	3974 	591
f 594 	4001 	591
f 57 	4012 	601
f 67 	68 	87
f 4006 	4007 	597
f 599 	4020 	597
f 4006 	597 	4004
f 4004 	597 	4005
f 4007 	4008 	597
f 4008 	3995 	597
f 3995 	3994 	597
f 3994 	3996 	597
f 4003 	591 	4002
f 4010 	591 	4009
f 4011 	591 	4010
f 3986 	203 	3985
f 4015 	4014 	3916
f 56 	3916 	57
f 4012 	57 	3916
f 56 	21 	3916
f 16 	12 	3916
f 4012 	3916 	4013
f 4013 	3916 	4014
f 4017 	3916 	4018
f 4015 	3916 	4016
f 4020 	3916 	4021
f 4018 	3916 	4019
f 4021 	3916 	4005
f 4013 	4014 	601
f 599 	601 	4014
f 4015 	599 	4014
f 4016 	599 	4015
f 4017 	599 	4016
f 4018 	599 	4017
f 4019 	599 	4018
f 4020 	599 	4019
f 4021 	597 	4020
f 4005 	597 	4021
f 21 	56 	601
# 8066 faces

 #end of obj_0

