# Object Export From Tinkercad Server 2015

mtllib obj.mtl

o obj_0
v 64.951 		-64.758 		8.689
v 64.957 		-64.737 		8.689
v 64.962 		-64.715 		8.689
v 64.957 		-64.76 		8.655
v 64.964 		-64.738 		8.655
v 64.968 		-64.716 		8.655
v 58.98 		-5.62 		2.998
v 59.144 		-5.887 		2.998
v 59.165 		-5.897 		2.998
v 59.187 		-5.905 		2.998
v 59.21 		-5.912 		2.998
v 59.233 		-5.916 		2.998
v 59.256 		-5.919 		2.998
v 59.28 		-5.92 		2.998
v 58.981 		-5.644 		2.998
v 58.984 		-5.667 		2.998
v 58.988 		-5.69 		2.998
v 58.995 		-5.713 		2.998
v 59.003 		-5.735 		2.998
v 59.013 		-5.756 		2.998
v 59.024 		-5.777 		2.998
v 59.037 		-5.796 		2.998
v 59.052 		-5.815 		2.998
v 59.068 		-5.832 		2.998
v 59.085 		-5.848 		2.998
v 59.104 		-5.863 		2.998
v 59.123 		-5.876 		2.998
v -68.2 		0.103 		5
v -68.2 		0.103 		2.998
v -61.013 		0.103 		2.998
v 50.881 		0.103 		2.998
v 65.003 		0.103 		2.998
v 65.003 		0.103 		5
v 50.881 		-65.003 		2.998
v -43.624 		-65.003 		2.998
v -68.2 		-65.003 		2.998
v -68.2 		-65.003 		5
v 65.003 		-65.003 		5
v 65.003 		-65.003 		2.998
v 65.003 		-5.92 		2.998
v 64.98 		-59.27 		2.998
v 64.68 		-58.97 		2.998
v 64.68 		-5.92 		2.998
v 64.947 		-59.134 		2.998
v 64.936 		-59.113 		2.998
v 64.923 		-59.094 		2.998
v 64.908 		-59.075 		2.998
v 64.892 		-59.058 		2.998
v 64.875 		-59.042 		2.998
v 64.856 		-59.027 		2.998
v 64.837 		-59.014 		2.998
v 64.816 		-59.003 		2.998
v 64.795 		-58.993 		2.998
v 64.773 		-58.985 		2.998
v 64.979 		-59.246 		2.998
v 64.976 		-59.223 		2.998
v 64.972 		-59.2 		2.998
v 64.965 		-59.177 		2.998
v 64.957 		-59.155 		2.998
v 64.75 		-58.978 		2.998
v 64.727 		-58.974 		2.998
v 64.704 		-58.971 		2.998
v 64.98 		-0.22 		2.998
v 64.98 		-5.62 		2.998
v 64.68 		0.08 		2.998
v 64.875 		0.008 		2.998
v 64.856 		0.023 		2.998
v 64.837 		0.036 		2.998
v 64.816 		0.047 		2.998
v 64.795 		0.057 		2.998
v 64.773 		0.065 		2.998
v 64.75 		0.072 		2.998
v 64.727 		0.076 		2.998
v 64.704 		0.079 		2.998
v 64.979 		-0.196 		2.998
v 64.976 		-0.173 		2.998
v 64.972 		-0.15 		2.998
v 64.965 		-0.127 		2.998
v 64.957 		-0.105 		2.998
v 64.947 		-0.084 		2.998
v 64.936 		-0.063 		2.998
v 64.923 		-0.044 		2.998
v 64.908 		-0.025 		2.998
v 64.892 		-0.008 		2.998
v 64.816 		-5.887 		2.998
v 64.837 		-5.876 		2.998
v 64.856 		-5.863 		2.998
v 64.875 		-5.848 		2.998
v 64.892 		-5.832 		2.998
v 64.908 		-5.815 		2.998
v 64.923 		-5.796 		2.998
v 64.936 		-5.777 		2.998
v 64.947 		-5.756 		2.998
v 64.957 		-5.735 		2.998
v 64.965 		-5.713 		2.998
v 64.972 		-5.69 		2.998
v 64.976 		-5.667 		2.998
v 64.979 		-5.644 		2.998
v 64.975 		-64.693 		8.62
v 64.976 		-64.67 		8.62
v 64.978 		-64.693 		8.585
v 64.979 		-64.67 		8.585
v 64.962 		-64.762 		8.62
v 64.968 		-64.739 		8.62
v 64.973 		-64.716 		8.62
v 64.964 		-64.762 		8.585
v 64.971 		-64.74 		8.585
v 64.975 		-64.717 		8.585
v 64.965 		-64.763 		8.55
v 64.972 		-64.74 		8.55
v 64.976 		-64.717 		8.55
v 64.979 		-64.694 		8.55
v 64.98 		-64.67 		8.55
v 64.923 		-64.819 		8.689
v 64.934 		-64.8 		8.689
v 64.944 		-64.779 		8.689
v 64.929 		-64.822 		8.655
v 64.94 		-64.802 		8.655
v 64.95 		-64.782 		8.655
v 64.897 		-64.855 		8.689
v 64.911 		-64.838 		8.689
v 64.902 		-64.859 		8.655
v 64.916 		-64.841 		8.655
v 64.933 		-64.825 		8.62
v 64.944 		-64.805 		8.62
v 64.954 		-64.783 		8.62
v 64.935 		-64.826 		8.585
v 64.946 		-64.806 		8.585
v 64.956 		-64.784 		8.585
v 64.905 		-64.862 		8.62
v 64.92 		-64.844 		8.62
v 64.922 		-64.846 		8.585
v 64.907 		-64.864 		8.585
v 64.865 		-64.887 		8.689
v 64.882 		-64.872 		8.689
v 64.869 		-64.892 		8.655
v 64.886 		-64.876 		8.655
v 64.872 		-64.895 		8.62
v 64.89 		-64.88 		8.62
v 64.891 		-64.881 		8.585
v 64.848 		-64.901 		8.689
v 64.832 		-64.919 		8.655
v 64.851 		-64.906 		8.655
v 64.789 		-64.934 		8.689
v 64.768 		-64.941 		8.689
v 64.81 		-64.924 		8.689
v 64.829 		-64.913 		8.689
v 64.77 		-64.947 		8.655
v 64.792 		-64.94 		8.655
v 64.812 		-64.93 		8.655
v 64.835 		-64.923 		8.62
v 64.854 		-64.91 		8.62
v 64.836 		-64.925 		8.585
v 64.856 		-64.912 		8.585
v 64.874 		-64.897 		8.585
v 64.772 		-64.952 		8.62
v 64.793 		-64.944 		8.62
v 64.815 		-64.934 		8.62
v 64.772 		-64.954 		8.585
v 64.794 		-64.946 		8.585
v 64.816 		-64.936 		8.585
v 64.908 		-64.865 		8.55
v 64.923 		-64.846 		8.55
v 64.936 		-64.827 		8.55
v 64.947 		-64.806 		8.55
v 64.957 		-64.785 		8.55
v 70.004 		-69.996 		5
v 70.004 		-69.996 		0
v 70.004 		5.104 		0
v 70.004 		5.104 		5
v -79.996 		5.104 		5
v -79.996 		5.104 		0
v -79.996 		-69.996 		0
v -79.996 		-69.996 		5
v -43.624 		-65.003 		0
v 50.881 		-65.003 		0
v 50.881 		-69.996 		0
v 50.881 		0.103 		0
v 60.415 		-62.518 		0
v 64.773 		-5.905 		2.998
v 64.795 		-5.897 		2.998
v 60.914 		-63.125 		0
v 60.859 		-63.086 		0
v 64.704 		-5.919 		2.998
v 64.727 		-5.916 		2.998
v 60.807 		-63.045 		0
v 64.75 		-5.912 		2.998
v 60.757 		-63.002 		0
v 60.709 		-62.956 		0
v 64.68 		-64.97 		2.998
v 60.663 		-62.908 		0
v 60.62 		-62.858 		0
v 64.98 		-64.67 		2.998
v 60.579 		-62.806 		0
v 60.54 		-62.751 		0
v 64.965 		-64.763 		2.998
v 60.505 		-62.695 		0
v 64.972 		-64.74 		2.998
v 60.472 		-62.638 		0
v 64.976 		-64.717 		2.998
v 60.442 		-62.578 		0
v 64.979 		-64.694 		2.998
v 61.401 		-63.327 		0
v 64.773 		-64.955 		2.998
v 61.336 		-63.312 		0
v 64.795 		-64.947 		2.998
v 61.272 		-63.294 		0
v 64.816 		-64.937 		2.998
v 61.209 		-63.273 		0
v 64.837 		-64.926 		2.998
v 61.147 		-63.25 		0
v 64.856 		-64.913 		2.998
v 61.087 		-63.223 		0
v 64.875 		-64.898 		2.998
v 61.027 		-63.193 		0
v 64.892 		-64.882 		2.998
v 60.97 		-63.16 		0
v 64.908 		-64.865 		2.998
v 64.923 		-64.846 		2.998
v 64.936 		-64.827 		2.998
v 64.947 		-64.806 		2.998
v 64.957 		-64.785 		2.998
v 59.024 		-0.114 		8.722
v 64.704 		-64.969 		2.998
v 60.392 		-62.456 		0
v 64.727 		-64.966 		2.998
v 60.371 		-62.393 		0
v 64.75 		-64.962 		2.998
v 60.353 		-62.329 		0
v 60.338 		-62.264 		0
v 60.327 		-62.198 		0
v 60.319 		-62.133 		0
v 60.314 		-62.066 		0
v 60.313 		-62 		0
v 57.301 		-33.992 		2.998
v 57.225 		-33.949 		2.998
v 57.152 		-33.903 		2.998
v 60.314 		-61.934 		0
v 57.081 		-33.854 		2.998
v 57.013 		-33.801 		2.998
v 56.947 		-33.745 		2.998
v 56.884 		-33.685 		2.998
v 56.824 		-33.623 		2.998
v 56.768 		-33.558 		2.998
v 56.714 		-33.49 		2.998
v 56.664 		-33.42 		2.998
v 56.618 		-33.347 		2.998
v 56.575 		-33.272 		2.998
v 56.536 		-33.195 		2.998
v 56.501 		-33.117 		2.998
v 56.47 		-33.036 		2.998
v 56.442 		-32.955 		2.998
v 56.419 		-32.872 		2.998
v 56.4 		-32.788 		2.998
v 56.385 		-32.703 		2.998
v 56.375 		-32.618 		2.998
v 56.368 		-32.532 		2.998
v 56.366 		-32.446 		2.998
v 56.368 		-32.36 		2.998
v 56.375 		-32.274 		2.998
v 56.385 		-32.189 		2.998
v 56.4 		-32.104 		2.998
v 56.419 		-32.02 		2.998
v 56.442 		-31.937 		2.998
v 56.47 		-31.856 		2.998
v 56.501 		-31.775 		2.998
v 56.536 		-31.697 		2.998
v 56.575 		-31.62 		2.998
v 56.618 		-31.545 		2.998
v 56.664 		-31.472 		2.998
v 56.714 		-31.402 		2.998
v 56.768 		-31.334 		2.998
v 56.824 		-31.269 		2.998
v 56.884 		-31.207 		2.998
v 56.947 		-31.147 		2.998
v 57.013 		-31.091 		2.998
v 57.081 		-31.038 		2.998
v 57.152 		-30.989 		2.998
v 57.225 		-30.943 		2.998
v 57.301 		-30.9 		2.998
v 58.134 		-34.199 		2.998
v 58.048 		-34.196 		2.998
v 57.961 		-34.19 		2.998
v 57.875 		-34.18 		2.998
v 57.789 		-34.165 		2.998
v 57.705 		-34.146 		2.998
v 57.621 		-34.123 		2.998
v 57.539 		-34.096 		2.998
v 57.458 		-34.065 		2.998
v 57.378 		-34.03 		2.998
v 58.308 		-34.19 		2.998
v 58.221 		-34.196 		2.998
v 59.385 		-33.685 		2.998
v 59.322 		-33.745 		2.998
v 59.256 		-33.801 		2.998
v 59.188 		-33.854 		2.998
v 59.117 		-33.903 		2.998
v 59.043 		-33.949 		2.998
v 58.968 		-33.992 		2.998
v 58.89 		-34.03 		2.998
v 58.811 		-34.065 		2.998
v 58.73 		-34.096 		2.998
v 58.648 		-34.123 		2.998
v 58.564 		-34.146 		2.998
v 58.479 		-34.165 		2.998
v 58.394 		-34.18 		2.998
v 59.869 		-32.788 		2.998
v 59.85 		-32.872 		2.998
v 59.826 		-32.955 		2.998
v 59.799 		-33.036 		2.998
v 59.768 		-33.117 		2.998
v 59.733 		-33.195 		2.998
v 59.694 		-33.272 		2.998
v 59.651 		-33.347 		2.998
v 59.605 		-33.42 		2.998
v 59.555 		-33.49 		2.998
v 59.501 		-33.558 		2.998
v 59.444 		-33.623 		2.998
v 59.903 		-34.199 		2.998
v 57.378 		-30.862 		2.998
v 57.458 		-30.827 		2.998
v 57.539 		-30.796 		2.998
v 57.621 		-30.769 		2.998
v 57.705 		-30.746 		2.998
v 57.789 		-30.727 		2.998
v 58.479 		-30.727 		2.998
v 58.564 		-30.746 		2.998
v 58.648 		-30.769 		2.998
v 58.73 		-30.796 		2.998
v 58.811 		-30.827 		2.998
v 58.89 		-30.862 		2.998
v 58.968 		-30.9 		2.998
v 59.043 		-30.943 		2.998
v 59.117 		-30.989 		2.998
v 59.188 		-31.038 		2.998
v 59.256 		-31.091 		2.998
v 59.322 		-31.147 		2.998
v 59.385 		-31.207 		2.998
v 57.875 		-30.712 		2.998
v 57.961 		-30.702 		2.998
v 58.048 		-30.696 		2.998
v 58.134 		-30.694 		2.998
v 58.221 		-30.696 		2.998
v 58.308 		-30.702 		2.998
v 58.394 		-30.712 		2.998
v 59.768 		-31.775 		2.998
v 59.799 		-31.856 		2.998
v 59.826 		-31.937 		2.998
v 59.85 		-32.02 		2.998
v 59.869 		-32.104 		2.998
v 60.319 		-61.867 		0
v 59.883 		-32.189 		2.998
v 60.327 		-61.802 		0
v 59.894 		-32.274 		2.998
v 60.338 		-61.736 		0
v 60.353 		-61.671 		0
v 59.9 		-32.36 		2.998
v 59.263 		-59.059 		8.868
v 60.371 		-61.607 		0
v 59.903 		-32.446 		2.998
v 60.392 		-61.544 		0
v 59.262 		-59.043 		8.842
v 59.9 		-32.532 		2.998
v 60.415 		-61.482 		0
v 59.244 		-59.045 		8.842
v 59.894 		-32.618 		2.998
v 59.883 		-32.703 		2.998
v 61.599 		-63.351 		0
v 61.665 		-63.353 		0
v 61.532 		-63.346 		0
v 61.467 		-63.338 		0
v 61.929 		-63.327 		0
v 61.863 		-63.338 		0
v 61.798 		-63.346 		0
v 64.892 		-64.882 		8.55
v 61.731 		-63.351 		0
v 62.416 		-63.125 		0
v 62.36 		-63.16 		0
v 62.303 		-63.193 		0
v 62.243 		-63.223 		0
v 62.183 		-63.25 		0
v 64.773 		-64.955 		8.55
v 62.121 		-63.273 		0
v 62.058 		-63.294 		0
v 61.994 		-63.312 		0
v 62.915 		-62.518 		0
v 62.888 		-62.578 		0
v 62.858 		-62.638 		0
v 62.825 		-62.695 		0
v 62.79 		-62.751 		0
v 62.751 		-62.806 		0
v 62.71 		-62.858 		0
v 62.667 		-62.908 		0
v 62.621 		-62.956 		0
v 62.573 		-63.002 		0
v 62.523 		-63.045 		0
v 62.471 		-63.086 		0
v 63.018 		-62 		0
v 63.016 		-62.066 		0
v 63.011 		-62.133 		0
v 63.003 		-62.198 		0
v 62.992 		-62.264 		0
v 62.977 		-62.329 		0
v 62.959 		-62.393 		0
v 62.938 		-62.456 		0
v 62.915 		-61.482 		0
v 62.938 		-61.544 		0
v 62.959 		-61.607 		0
v 62.977 		-61.671 		0
v 62.992 		-61.736 		0
v 63.003 		-61.802 		0
v 63.011 		-61.867 		0
v 63.016 		-61.934 		0
v 60.442 		-61.422 		0
v 60.472 		-61.362 		0
v 64.795 		-64.947 		8.55
v 60.505 		-61.305 		0
v 60.54 		-61.249 		0
v 60.579 		-61.194 		0
v 64.816 		-64.937 		8.55
v 60.62 		-61.142 		0
v 60.663 		-61.092 		0
v 60.709 		-61.044 		0
v 60.757 		-60.998 		0
v 60.807 		-60.955 		0
v 64.837 		-64.926 		8.55
v 60.859 		-60.914 		0
v 60.914 		-60.875 		0
v 60.97 		-60.84 		0
v 61.027 		-60.807 		0
v 61.087 		-60.777 		0
v 64.856 		-64.913 		8.55
v 61.147 		-60.75 		0
v 61.209 		-60.727 		0
v 61.272 		-60.706 		0
v 61.336 		-60.688 		0
v 61.401 		-60.673 		0
v 64.875 		-64.898 		8.55
v 61.467 		-60.662 		0
v 61.532 		-60.654 		0
v 61.599 		-60.649 		0
v 61.665 		-60.648 		0
v 61.731 		-60.649 		0
v 61.798 		-60.654 		0
v 61.863 		-60.662 		0
v 61.929 		-60.673 		0
v 61.994 		-60.688 		0
v 62.058 		-60.706 		0
v 62.121 		-60.727 		0
v 62.183 		-60.75 		0
v 62.243 		-60.777 		0
v 62.303 		-60.807 		0
v 62.36 		-60.84 		0
v 62.416 		-60.875 		0
v 64.68 		-64.955 		8.689
v 62.471 		-60.914 		0
v 64.702 		-64.954 		8.689
v 62.523 		-60.955 		0
v 62.573 		-60.998 		0
v 64.725 		-64.952 		8.689
v 62.621 		-61.044 		0
v 62.667 		-61.092 		0
v 62.71 		-61.142 		0
v 62.751 		-61.194 		0
v 62.79 		-61.249 		0
v 62.825 		-61.305 		0
v 62.858 		-61.362 		0
v 62.888 		-61.422 		0
v 64.747 		-64.947 		8.689
v 61.396 		-4.327 		0
v 61.331 		-4.312 		0
v 61.267 		-4.294 		0
v 61.204 		-4.273 		0
v 61.142 		-4.25 		0
v 61.082 		-4.223 		0
v 61.022 		-4.193 		0
v 60.965 		-4.16 		0
v 60.909 		-4.125 		0
v 64.68 		-64.962 		8.655
v 64.703 		-64.961 		8.655
v 61.594 		-4.351 		0
v 61.66 		-4.353 		0
v 61.527 		-4.346 		0
v 61.462 		-4.338 		0
v 64.726 		-64.958 		8.655
v 61.924 		-4.327 		0
v 61.858 		-4.338 		0
v 61.793 		-4.346 		0
v 61.726 		-4.351 		0
v 62.411 		-4.125 		0
v 64.748 		-64.954 		8.655
v 62.355 		-4.16 		0
v 62.298 		-4.193 		0
v 62.238 		-4.223 		0
v 62.178 		-4.25 		0
v 62.116 		-4.273 		0
v 62.053 		-4.294 		0
v 61.989 		-4.312 		0
v 60.41 		-3.518 		0
v 60.387 		-3.456 		0
v 60.366 		-3.393 		0
v 60.348 		-3.329 		0
v 60.333 		-3.264 		0
v 60.322 		-3.198 		0
v 60.314 		-3.133 		0
v 60.854 		-4.086 		0
v 60.802 		-4.045 		0
v 60.752 		-4.002 		0
v 60.704 		-3.956 		0
v 60.658 		-3.908 		0
v 60.615 		-3.858 		0
v 60.574 		-3.806 		0
v 60.535 		-3.751 		0
v 64.68 		-64.966 		8.62
v 60.5 		-3.695 		0
v 60.467 		-3.638 		0
v 64.703 		-64.965 		8.62
v 60.437 		-3.578 		0
v 64.726 		-64.963 		8.62
v 60.314 		-2.867 		0
v 60.322 		-2.802 		0
v 60.333 		-2.736 		0
v 60.348 		-2.671 		0
v 60.366 		-2.607 		0
v 64.749 		-64.958 		8.62
v 60.387 		-2.544 		0
v 60.41 		-2.482 		0
v 60.437 		-2.422 		0
v 60.467 		-2.362 		0
v 60.5 		-2.305 		0
v 60.535 		-2.249 		0
v 60.574 		-2.194 		0
v 60.615 		-2.142 		0
v 60.658 		-2.092 		0
v 64.68 		-64.969 		8.585
v 64.703 		-64.968 		8.585
v 60.704 		-2.044 		0
v 64.727 		-64.965 		8.585
v 60.752 		-1.998 		0
v 60.802 		-1.955 		0
v 60.854 		-1.914 		0
v 60.909 		-1.875 		0
v 60.965 		-1.84 		0
v 61.022 		-1.807 		0
v 61.082 		-1.777 		0
v 61.142 		-1.75 		0
v 64.75 		-64.961 		8.585
v 61.204 		-1.727 		0
v 61.267 		-1.706 		0
v 61.331 		-1.688 		0
v 61.396 		-1.673 		0
v 62.853 		-3.638 		0
v 62.82 		-3.695 		0
v 62.785 		-3.751 		0
v 62.746 		-3.806 		0
v 62.705 		-3.858 		0
v 62.662 		-3.908 		0
v 62.616 		-3.956 		0
v 62.568 		-4.002 		0
v 62.518 		-4.045 		0
v 62.466 		-4.086 		0
v 63.006 		-3.133 		0
v 62.998 		-3.198 		0
v 62.987 		-3.264 		0
v 62.972 		-3.329 		0
v 59.049 		-0.145 		8.815
v 62.954 		-3.393 		0
v 62.933 		-3.456 		0
v 62.91 		-3.518 		0
v 62.883 		-3.578 		0
v 62.954 		-2.607 		0
v 62.972 		-2.671 		0
v 59.044 		-0.163 		8.815
v 62.987 		-2.736 		0
v 62.998 		-2.802 		0
v 63.006 		-2.867 		0
v 63.011 		-2.934 		0
v 63.013 		-3 		0
v 63.011 		-3.066 		0
v 59.04 		-0.182 		8.815
v 62.662 		-2.092 		0
v 62.705 		-2.142 		0
v 62.746 		-2.194 		0
v 62.785 		-2.249 		0
v 62.82 		-2.305 		0
v 62.853 		-2.362 		0
v 62.883 		-2.422 		0
v 62.91 		-2.482 		0
v 62.933 		-2.544 		0
v 61.462 		-1.662 		0
v 61.527 		-1.654 		0
v 61.594 		-1.649 		0
v 61.66 		-1.648 		0
v 61.726 		-1.649 		0
v 61.793 		-1.654 		0
v 61.858 		-1.662 		0
v 61.924 		-1.673 		0
v 61.989 		-1.688 		0
v 62.053 		-1.706 		0
v 62.116 		-1.727 		0
v 62.178 		-1.75 		0
v 62.238 		-1.777 		0
v 62.298 		-1.807 		0
v 62.355 		-1.84 		0
v 59.037 		-0.141 		8.785
v 62.411 		-1.875 		0
v 62.466 		-1.914 		0
v 62.518 		-1.955 		0
v 62.568 		-1.998 		0
v 59.031 		-0.16 		8.785
v 62.616 		-2.044 		0
v 60.309 		-3.066 		0
v 60.308 		-3 		0
v 60.309 		-2.934 		0
v 59.444 		-31.269 		2.998
v 59.501 		-31.334 		2.998
v 59.555 		-31.402 		2.998
v 59.605 		-31.472 		2.998
v 59.651 		-31.545 		2.998
v 59.694 		-31.62 		2.998
v 59.733 		-31.697 		2.998
v 58.98 		-5.92 		2.998
v 58.98 		-0.22 		2.998
v 59.28 		0.08 		2.998
v 59.256 		0.079 		2.998
v 59.233 		0.076 		2.998
v 59.21 		0.072 		2.998
v 59.187 		0.065 		2.998
v 59.165 		0.057 		2.998
v 59.144 		0.047 		2.998
v 59.123 		0.036 		2.998
v 59.104 		0.023 		2.998
v 59.085 		0.008 		2.998
v 59.068 		-0.008 		2.998
v 59.052 		-0.025 		2.998
v 59.037 		-0.044 		2.998
v 59.024 		-0.063 		2.998
v 59.013 		-0.084 		2.998
v 59.003 		-0.105 		2.998
v 58.995 		-0.127 		2.998
v 58.988 		-0.15 		2.998
v 58.984 		-0.173 		2.998
v 58.981 		-0.196 		2.998
v 59.027 		-0.18 		8.785
v 58.98 		-64.67 		2.998
v 58.98 		-59.27 		2.998
v 59.28 		-64.97 		2.998
v 59.28 		-58.97 		2.998
v 59.256 		-58.971 		2.998
v 59.233 		-58.974 		2.998
v 59.21 		-58.978 		2.998
v 59.187 		-58.985 		2.998
v 59.165 		-58.993 		2.998
v 59.144 		-59.003 		2.998
v 59.123 		-59.014 		2.998
v 59.104 		-59.027 		2.998
v 59.085 		-59.042 		2.998
v 59.068 		-59.058 		2.998
v 59.052 		-59.075 		2.998
v 59.037 		-59.094 		2.998
v 59.227 		-59.048 		8.842
v 59.23 		-59.064 		8.868
v 59.21 		-59.053 		8.842
v 59.214 		-59.068 		8.868
v 59.038 		-0.201 		8.815
v 59.193 		-59.059 		8.842
v 59.176 		-59.067 		8.842
v 59.037 		-0.22 		8.815
v 59.025 		-0.2 		8.785
v 59.024 		-0.22 		8.785
v 59.25 		-59.078 		8.892
v 59.235 		-59.081 		8.892
v 59.22 		-59.085 		8.892
v 59.026 		-0.137 		8.754
v 59.02 		-0.158 		8.754
v 59.205 		-59.09 		8.892
v 59.016 		-0.178 		8.754
v 59.014 		-0.199 		8.754
v 59.013 		-0.22 		8.754
v 59.016 		-0.134 		8.722
v 60.308 		5.104 		0
v 57.301 		-33.992 		0
v 59.192 		-59.096 		8.892
v 57.225 		-33.949 		0
v 57.152 		-33.903 		0
v 57.081 		-33.854 		0
v 57.013 		-33.801 		0
v 59.178 		-59.104 		8.892
v 56.947 		-33.745 		0
v 59.165 		-59.112 		8.892
v 56.884 		-33.685 		0
v 56.824 		-33.623 		0
v 56.768 		-33.558 		0
v 56.714 		-33.49 		0
v 56.664 		-33.42 		0
v 56.618 		-33.347 		0
v 56.575 		-33.272 		0
v 56.536 		-33.195 		0
v 56.501 		-33.117 		0
v 56.47 		-33.036 		0
v 56.442 		-32.955 		0
v 59.153 		-59.122 		8.892
v 56.419 		-32.872 		0
v 56.4 		-32.788 		0
v 56.385 		-32.703 		0
v 59.142 		-59.132 		8.892
v 64.68 		-64.97 		8.55
v 64.704 		-64.969 		8.55
v 59.199 		-59.074 		8.868
v 64.727 		-64.966 		8.55
v 59.184 		-59.081 		8.868
v 64.75 		-64.962 		8.55
v 59.169 		-59.089 		8.868
v 59.155 		-59.098 		8.868
v 59.142 		-59.109 		8.868
v 59.161 		-59.075 		8.842
v 59.146 		-59.085 		8.842
v 59.28 		-59.027 		8.815
v 59.28 		-59.014 		8.785
v 59.28 		-59.003 		8.754
v 59.28 		-58.993 		8.722
v 59.259 		-59.004 		8.754
v 59.238 		-59.006 		8.754
v 59.258 		-58.994 		8.722
v 59.237 		-58.996 		8.722
v 59.215 		-59 		8.722
v 59.194 		-59.006 		8.722
v 59.261 		-59.028 		8.815
v 59.242 		-59.03 		8.815
v 59.223 		-59.034 		8.815
v 59.205 		-59.039 		8.815
v 59.26 		-59.015 		8.785
v 59.24 		-59.017 		8.785
v 59.22 		-59.021 		8.785
v 59.201 		-59.027 		8.785
v 59.187 		-59.046 		8.815
v 59.17 		-59.054 		8.815
v 59.153 		-59.063 		8.815
v 59.182 		-59.034 		8.785
v 59.164 		-59.042 		8.785
v 59.146 		-59.052 		8.785
v 59.137 		-59.074 		8.815
v 59.218 		-59.01 		8.754
v 59.197 		-59.016 		8.754
v 59.178 		-59.023 		8.754
v 59.159 		-59.032 		8.754
v 59.14 		-59.042 		8.754
v 59.174 		-59.014 		8.722
v 59.154 		-59.023 		8.722
v 59.13 		-59.12 		8.868
v 59.119 		-59.132 		8.868
v 59.132 		-59.097 		8.842
v 59.119 		-59.109 		8.842
v 59.107 		-59.122 		8.842
v 59.095 		-59.136 		8.842
v 59.13 		-59.063 		8.785
v 59.122 		-59.085 		8.815
v 59.108 		-59.098 		8.815
v 59.095 		-59.112 		8.815
v 59.084 		-59.127 		8.815
v 59.114 		-59.075 		8.785
v 59.099 		-59.089 		8.785
v 59.085 		-59.104 		8.785
v 59.073 		-59.12 		8.785
v 59.062 		-59.136 		8.785
v 59.123 		-59.054 		8.754
v 59.106 		-59.067 		8.754
v 59.135 		-59.034 		8.722
v 59.117 		-59.046 		8.722
v 59.1 		-59.059 		8.722
v 59.024 		-59.113 		2.998
v 59.013 		-59.134 		2.998
v 59.003 		-59.155 		2.998
v 58.995 		-59.177 		2.998
v 58.988 		-59.2 		2.998
v 58.984 		-59.223 		2.998
v 58.981 		-59.246 		2.998
v 58.981 		-64.694 		2.998
v 58.984 		-64.717 		2.998
v 58.988 		-64.74 		2.998
v 58.995 		-64.763 		2.998
v 59.144 		-64.937 		2.998
v 59.165 		-64.947 		2.998
v 59.187 		-64.955 		2.998
v 59.21 		-64.962 		2.998
v 59.233 		-64.966 		2.998
v 59.256 		-64.969 		2.998
v 59.003 		-64.785 		2.998
v 59.013 		-64.806 		2.998
v 59.024 		-64.827 		2.998
v 59.037 		-64.846 		2.998
v 59.052 		-64.865 		2.998
v 59.068 		-64.882 		2.998
v 59.085 		-64.898 		2.998
v 59.104 		-64.913 		2.998
v 59.123 		-64.926 		2.998
v -52.243 		-33.949 		2.998
v -52.317 		-33.903 		2.998
v -52.388 		-33.854 		2.998
v -52.456 		-33.801 		2.998
v -52.522 		-33.745 		2.998
v -52.585 		-33.685 		2.998
v -52.644 		-33.623 		2.998
v -52.701 		-33.558 		2.998
v -52.755 		-33.49 		2.998
v -52.805 		-33.42 		2.998
v -52.851 		-33.347 		2.998
v -52.894 		-33.272 		2.998
v -52.933 		-33.195 		2.998
v -52.968 		-33.117 		2.998
v -52.999 		-33.036 		2.998
v -53.026 		-32.955 		2.998
v -53.05 		-32.872 		2.998
v -53.069 		-32.788 		2.998
v -51.334 		-34.199 		2.998
v -51.421 		-34.196 		2.998
v -51.508 		-34.19 		2.998
v -51.594 		-34.18 		2.998
v -51.679 		-34.165 		2.998
v -51.764 		-34.146 		2.998
v -51.848 		-34.123 		2.998
v -51.93 		-34.096 		2.998
v -52.011 		-34.065 		2.998
v -52.09 		-34.03 		2.998
v -52.168 		-33.992 		2.998
v -51.248 		-34.196 		2.998
v -53.083 		-32.703 		2.998
v -53.094 		-32.618 		2.998
v -53.1 		-32.532 		2.998
v -53.103 		-32.446 		2.998
v -53.1 		-32.36 		2.998
v -53.094 		-32.274 		2.998
v -53.083 		-32.189 		2.998
v -53.069 		-32.104 		2.998
v -53.05 		-32.02 		2.998
v -53.026 		-31.937 		2.998
v -52.999 		-31.856 		2.998
v -52.968 		-31.775 		2.998
v -52.933 		-31.697 		2.998
v -52.894 		-31.62 		2.998
v -52.851 		-31.545 		2.998
v -52.805 		-31.472 		2.998
v -52.755 		-31.402 		2.998
v -52.701 		-31.334 		2.998
v 62.853 		-3.638 		9
v -52.644 		-31.269 		2.998
v 62.82 		-3.695 		9
v -52.585 		-31.207 		2.998
v 62.785 		-3.751 		9
v -52.522 		-31.147 		2.998
v 62.746 		-3.806 		9
v -52.456 		-31.091 		2.998
v 62.705 		-3.858 		9
v -52.388 		-31.038 		2.998
v 62.662 		-3.908 		9
v -52.317 		-30.989 		2.998
v 62.616 		-3.956 		9
v -52.243 		-30.943 		2.998
v 62.568 		-4.002 		9
v 62.518 		-4.045 		9
v -52.168 		-30.9 		2.998
v 62.466 		-4.086 		9
v -52.09 		-30.862 		2.998
v -52.011 		-30.827 		2.998
v 63.006 		-3.133 		9
v -51.93 		-30.796 		2.998
v 62.998 		-3.198 		9
v -51.848 		-30.769 		2.998
v 62.987 		-3.264 		9
v -51.764 		-30.746 		2.998
v -51.679 		-30.727 		2.998
v 62.972 		-3.329 		9
v 62.954 		-3.393 		9
v -51.594 		-30.712 		2.998
v 62.933 		-3.456 		9
v -51.508 		-30.702 		2.998
v 62.91 		-3.518 		9
v -51.421 		-30.696 		2.998
v 62.883 		-3.578 		9
v -51.334 		-30.694 		2.998
v -51.248 		-30.696 		2.998
v -50.213 		-33.801 		2.998
v -50.281 		-33.854 		2.998
v -50.352 		-33.903 		2.998
v -50.425 		-33.949 		2.998
v -50.501 		-33.992 		2.998
v -50.578 		-34.03 		2.998
v -50.658 		-34.065 		2.998
v -50.739 		-34.096 		2.998
v -50.821 		-34.123 		2.998
v -50.905 		-34.146 		2.998
v -50.989 		-34.165 		2.998
v -51.075 		-34.18 		2.998
v -51.161 		-34.19 		2.998
v -49.6 		-32.788 		2.998
v -49.619 		-32.872 		2.998
v -49.642 		-32.955 		2.998
v -49.67 		-33.036 		2.998
v -49.701 		-33.117 		2.998
v -49.736 		-33.195 		2.998
v -49.775 		-33.272 		2.998
v -49.818 		-33.347 		2.998
v -49.864 		-33.42 		2.998
v 62.954 		-2.607 		9
v -49.914 		-33.49 		2.998
v 62.972 		-2.671 		9
v -49.968 		-33.558 		2.998
v 62.987 		-2.736 		9
v -50.024 		-33.623 		2.998
v 62.998 		-2.802 		9
v -50.084 		-33.685 		2.998
v -50.147 		-33.745 		2.998
v 63.006 		-2.867 		9
v 63.011 		-2.934 		9
v 63.013 		-3 		9
v -49.701 		-31.775 		2.998
v 63.011 		-3.066 		9
v -49.67 		-31.856 		2.998
v -49.642 		-31.937 		2.998
v 62.662 		-2.092 		9
v -49.619 		-32.02 		2.998
v 62.705 		-2.142 		9
v -49.6 		-32.104 		2.998
v 62.746 		-2.194 		9
v -49.585 		-32.189 		2.998
v -49.575 		-32.274 		2.998
v 62.785 		-2.249 		9
v -49.568 		-32.36 		2.998
v 62.82 		-2.305 		9
v -49.566 		-32.446 		2.998
v 62.853 		-2.362 		9
v -49.568 		-32.532 		2.998
v 62.883 		-2.422 		9
v -49.575 		-32.618 		2.998
v 62.91 		-2.482 		9
v -49.585 		-32.703 		2.998
v 62.933 		-2.544 		9
v -50.989 		-30.727 		2.998
v -50.905 		-30.746 		2.998
v -50.821 		-30.769 		2.998
v -50.739 		-30.796 		2.998
v -50.658 		-30.827 		2.998
v -50.578 		-30.862 		2.998
v -50.501 		-30.9 		2.998
v -50.425 		-30.943 		2.998
v -50.352 		-30.989 		2.998
v -50.281 		-31.038 		2.998
v -50.213 		-31.091 		2.998
v -50.147 		-31.147 		2.998
v -50.084 		-31.207 		2.998
v -50.024 		-31.269 		2.998
v -49.968 		-31.334 		2.998
v -49.914 		-31.402 		2.998
v -49.864 		-31.472 		2.998
v -49.818 		-31.545 		2.998
v -49.775 		-31.62 		2.998
v -49.736 		-31.697 		2.998
v -51.161 		-30.702 		2.998
v -51.075 		-30.712 		2.998
v -49.425 		-20.876 		2.998
v -49.5148 		-20.732 		2.998
v -47.662 		-25.173 		2.998
v -48.443 		-22.943 		2.998
v -46.634 		-32.446 		2.998
v -46.75 		-29.965 		2.998
v -47.094 		-27.527 		2.998
v -49.5197 		-44.168 		2.998
v -49.425 		-44.016 		2.998
v -48.443 		-41.949 		2.998
v -47.662 		-39.719 		2.998
v -47.094 		-37.365 		2.998
v -46.75 		-34.927 		2.998
v -61.013 		-20.732 		2.998
v -61.013 		-44.168 		2.998
v -43.624 		-65.002 		2.998
v -61.013 		-65.002 		2.998
v -68.2 		-6.5 		2.998
v -68.2 		-58.2 		2.998
v -75.003 		-58.2 		2.998
v -75.003 		-6.5 		2.998
v 64.772 		-5.627 		8.978
v 64.773 		-5.62 		8.978
v 64.794 		-5.629 		8.966
v 64.795 		-5.62 		8.966
v 64.816 		-5.631 		8.951
v 64.816 		-5.62 		8.951
v 64.836 		-5.632 		8.934
v 64.837 		-5.62 		8.934
v 64.856 		-5.62 		8.914
v 64.875 		-5.62 		8.892
v 64.892 		-5.62 		8.868
v 64.908 		-5.62 		8.842
v 64.923 		-5.62 		8.815
v 64.936 		-5.62 		8.785
v 64.947 		-5.62 		8.754
v 64.957 		-5.62 		8.722
v 64.726 		-5.631 		8.994
v 64.727 		-5.62 		8.994
v 64.704 		-5.62 		8.999
v 64.727 		-5.624 		8.994
v 64.726 		-5.627 		8.994
v 64.749 		-5.631 		8.988
v 64.75 		-5.625 		8.988
v 64.68 		-5.62 		9
v 64.7 		-5.632 		8.999
v 64.701 		-5.631 		8.999
v 64.702 		-5.629 		8.999
v 64.702 		-5.627 		8.999
v 64.703 		-5.625 		8.999
v 64.703 		-5.622 		8.999
v 64.703 		-5.624 		8.999
v 64.772 		-5.635 		8.978
v 64.77 		-5.642 		8.978
v 64.768 		-5.649 		8.978
v 64.773 		-5.687 		8.966
v 64.778 		-5.68 		8.966
v 64.782 		-5.672 		8.966
v 64.786 		-5.664 		8.966
v 64.792 		-5.647 		8.966
v 64.789 		-5.655 		8.966
v 64.793 		-5.638 		8.966
v 64.897 		-5.69 		8.842
v 64.902 		-5.673 		8.842
v 64.905 		-5.656 		8.842
v 64.907 		-5.638 		8.842
v 64.832 		-5.657 		8.934
v 64.835 		-5.645 		8.934
v 64.843 		-5.687 		8.914
v 56.375 		-32.618 		0
v 56.368 		-32.532 		0
v 56.366 		-32.446 		0
v 56.368 		-32.36 		0
v 56.375 		-32.274 		0
v 56.385 		-32.189 		0
v 56.4 		-32.104 		0
v 56.419 		-32.02 		0
v 56.442 		-31.937 		0
v 56.47 		-31.856 		0
v 56.501 		-31.775 		0
v 56.536 		-31.697 		0
v 56.575 		-31.62 		0
v 56.618 		-31.545 		0
v 56.664 		-31.472 		0
v 56.714 		-31.402 		0
v 56.768 		-31.334 		0
v 56.824 		-31.269 		0
v 56.884 		-31.207 		0
v 56.947 		-31.147 		0
v 57.013 		-31.091 		0
v 57.081 		-31.038 		0
v 57.152 		-30.989 		0
v 57.225 		-30.943 		0
v 57.301 		-30.9 		0
v 58.048 		-34.196 		0
v 58.134 		-34.199 		0
v 57.961 		-34.19 		0
v 57.875 		-34.18 		0
v 57.789 		-34.165 		0
v 57.705 		-34.146 		0
v 57.621 		-34.123 		0
v 57.539 		-34.096 		0
v 57.458 		-34.065 		0
v 57.378 		-34.03 		0
v 58.308 		-34.19 		0
v 58.221 		-34.196 		0
v 59.256 		-33.801 		0
v 59.188 		-33.854 		0
v 59.117 		-33.903 		0
v 59.043 		-33.949 		0
v 58.968 		-33.992 		0
v 58.89 		-34.03 		0
v 58.811 		-34.065 		0
v 58.73 		-34.096 		0
v 58.648 		-34.123 		0
v 58.564 		-34.146 		0
v 58.479 		-34.165 		0
v 58.394 		-34.18 		0
v 59.385 		-33.685 		0
v 59.322 		-33.745 		0
v 59.869 		-32.788 		0
v 59.85 		-32.872 		0
v 59.826 		-32.955 		0
v 59.799 		-33.036 		0
v 59.768 		-33.117 		0
v 59.903 		-32.768 		0
v 59.733 		-33.195 		0
v 59.694 		-33.272 		0
v 59.651 		-33.347 		0
v 59.605 		-33.42 		0
v 59.555 		-33.49 		0
v 59.501 		-33.558 		0
v 59.444 		-33.623 		0
v 57.378 		-30.862 		0
v 57.458 		-30.827 		0
v 57.539 		-30.796 		0
v 57.621 		-30.769 		0
v 57.705 		-30.746 		0
v 57.789 		-30.727 		0
v 58.479 		-30.727 		0
v 58.564 		-30.746 		0
v 58.648 		-30.769 		0
v 58.73 		-30.796 		0
v 58.811 		-30.827 		0
v 58.89 		-30.862 		0
v 58.968 		-30.9 		0
v 59.043 		-30.943 		0
v 59.117 		-30.989 		0
v 59.188 		-31.038 		0
v 59.256 		-31.091 		0
v 59.322 		-31.147 		0
v 59.385 		-31.207 		0
v 57.875 		-30.712 		0
v 57.961 		-30.702 		0
v 58.048 		-30.696 		0
v 58.134 		-30.694 		0
v 58.221 		-30.696 		0
v 58.308 		-30.702 		0
v 58.394 		-30.712 		0
v 59.768 		-31.775 		0
v 59.799 		-31.856 		0
v 59.826 		-31.937 		0
v 59.85 		-32.02 		0
v 59.869 		-32.104 		0
v 59.883 		-32.189 		0
v 59.894 		-32.274 		0
v 59.9 		-32.36 		0
v 59.903 		-32.446 		0
v 59.9 		-32.532 		0
v 59.894 		-32.618 		0
v 59.883 		-32.703 		0
v 59.444 		-31.269 		0
v 59.501 		-31.334 		0
v 59.555 		-31.402 		0
v 59.605 		-31.472 		0
v 59.651 		-31.545 		0
v 59.694 		-31.62 		0
v 59.733 		-31.697 		0
v -61.013 		0.103 		0
v -61.013 		5.104 		0
v -52.243 		-33.949 		0
v -52.317 		-33.903 		0
v -52.388 		-33.854 		0
v -52.456 		-33.801 		0
v -52.522 		-33.745 		0
v -52.585 		-33.685 		0
v -52.644 		-33.623 		0
v -52.701 		-33.558 		0
v -52.755 		-33.49 		0
v -52.805 		-33.42 		0
v -52.851 		-33.347 		0
v -52.894 		-33.272 		0
v -52.933 		-33.195 		0
v -52.968 		-33.117 		0
v -52.999 		-33.036 		0
v -53.026 		-32.955 		0
v -53.05 		-32.872 		0
v -53.069 		-32.788 		0
v -51.421 		-34.196 		0
v -51.334 		-34.199 		0
v -51.508 		-34.19 		0
v -51.594 		-34.18 		0
v -51.679 		-34.165 		0
v -51.764 		-34.146 		0
v -51.848 		-34.123 		0
v -51.93 		-34.096 		0
v -52.011 		-34.065 		0
v -52.09 		-34.03 		0
v -52.168 		-33.992 		0
v -51.248 		-34.196 		0
v -53.083 		-32.703 		0
v -53.094 		-32.618 		0
v -53.1 		-32.532 		0
v -53.103 		-32.446 		0
v -53.1 		-32.36 		0
v -53.094 		-32.274 		0
v -53.083 		-32.189 		0
v -53.069 		-32.104 		0
v -53.05 		-32.02 		0
v -53.026 		-31.937 		0
v -52.999 		-31.856 		0
v -52.968 		-31.775 		0
v -52.933 		-31.697 		0
v -52.894 		-31.62 		0
v -52.851 		-31.545 		0
v -52.805 		-31.472 		0
v -52.755 		-31.402 		0
v -52.701 		-31.334 		0
v -52.644 		-31.269 		0
v -52.585 		-31.207 		0
v -52.522 		-31.147 		0
v -52.456 		-31.091 		0
v -52.388 		-31.038 		0
v -52.317 		-30.989 		0
v -52.243 		-30.943 		0
v -52.168 		-30.9 		0
v -52.09 		-30.862 		0
v -52.011 		-30.827 		0
v -51.93 		-30.796 		0
v -51.848 		-30.769 		0
v -51.764 		-30.746 		0
v -51.679 		-30.727 		0
v -51.594 		-30.712 		0
v -51.508 		-30.702 		0
v -51.421 		-30.696 		0
v -51.334 		-30.694 		0
v -51.248 		-30.696 		0
v -50.213 		-33.801 		0
v -50.281 		-33.854 		0
v -50.352 		-33.903 		0
v -50.425 		-33.949 		0
v -50.501 		-33.992 		0
v -50.578 		-34.03 		0
v -50.658 		-34.065 		0
v -50.739 		-34.096 		0
v -50.821 		-34.123 		0
v -50.905 		-34.146 		0
v -50.989 		-34.165 		0
v -51.075 		-34.18 		0
v -51.161 		-34.19 		0
v -49.818 		-33.347 		0
v -49.864 		-33.42 		0
v -49.914 		-33.49 		0
v -49.968 		-33.558 		0
v -50.024 		-33.623 		0
v -50.084 		-33.685 		0
v -50.147 		-33.745 		0
v -49.6 		-32.788 		0
v -49.619 		-32.872 		0
v -49.642 		-32.955 		0
v -49.67 		-33.036 		0
v -49.701 		-33.117 		0
v -49.736 		-33.195 		0
v -49.775 		-33.272 		0
v -49.701 		-31.775 		0
v -49.67 		-31.856 		0
v -49.642 		-31.937 		0
v -49.619 		-32.02 		0
v -49.6 		-32.104 		0
v -49.585 		-32.189 		0
v -49.575 		-32.274 		0
v -49.568 		-32.36 		0
v -49.566 		-32.446 		0
v -49.568 		-32.532 		0
v -49.575 		-32.618 		0
v -49.585 		-32.703 		0
v -50.989 		-30.727 		0
v -50.905 		-30.746 		0
v -50.821 		-30.769 		0
v -50.739 		-30.796 		0
v -50.658 		-30.827 		0
v -50.578 		-30.862 		0
v -50.501 		-30.9 		0
v -50.425 		-30.943 		0
v -50.352 		-30.989 		0
v -50.281 		-31.038 		0
v -50.213 		-31.091 		0
v -50.147 		-31.147 		0
v -50.084 		-31.207 		0
v -50.024 		-31.269 		0
v -49.968 		-31.334 		0
v -49.914 		-31.402 		0
v -49.864 		-31.472 		0
v -49.818 		-31.545 		0
v -49.775 		-31.62 		0
v -49.736 		-31.697 		0
v -51.161 		-30.702 		0
v -51.075 		-30.712 		0
v -49.5148 		-20.732 		0
v -49.425 		-20.876 		0
v -48.443 		-22.943 		0
v -47.662 		-25.173 		0
v -47.094 		-27.527 		0
v -46.75 		-29.965 		0
v -46.634 		-32.446 		0
v -49.425 		-44.016 		0
v -49.5197 		-44.168 		0
v -46.75 		-34.927 		0
v -47.094 		-37.365 		0
v -47.662 		-39.719 		0
v -48.443 		-41.949 		0
v -61.013 		-20.732 		0
v -61.013 		-44.168 		0
v -61.013 		-65.002 		0
v -43.624 		-65.002 		0
v -72.751 		-63.125 		0
v -72.806 		-63.086 		0
v -72.858 		-63.045 		0
v -72.908 		-63.002 		0
v -72.956 		-62.956 		0
v -73.002 		-62.908 		0
v -73.045 		-62.858 		0
v -73.086 		-62.806 		0
v -73.125 		-62.751 		0
v -73.16 		-62.695 		0
v -73.193 		-62.638 		0
v -73.223 		-62.578 		0
v -73.25 		-62.518 		0
v -72.198 		-63.338 		0
v -72.264 		-63.327 		0
v -72.329 		-63.312 		0
v -72.393 		-63.294 		0
v -72.456 		-63.273 		0
v -72.518 		-63.25 		0
v -72.578 		-63.223 		0
v -72.638 		-63.193 		0
v -72.695 		-63.16 		0
v -72.066 		-63.351 		0
v -72 		-63.353 		0
v -72.133 		-63.346 		0
v -71.736 		-63.327 		0
v -71.802 		-63.338 		0
v -71.867 		-63.346 		0
v -71.934 		-63.351 		0
v -73.273 		-62.456 		0
v -73.294 		-62.393 		0
v -73.312 		-62.329 		0
v -73.327 		-62.264 		0
v -73.338 		-62.198 		0
v -73.346 		-62.133 		0
v -73.351 		-62.066 		0
v -73.353 		-62 		0
v -73.351 		-61.934 		0
v -73.346 		-61.867 		0
v -73.338 		-61.802 		0
v -73.327 		-61.736 		0
v -73.312 		-61.671 		0
v -73.294 		-61.607 		0
v -73.273 		-61.544 		0
v -73.25 		-61.482 		0
v -71.194 		-63.086 		0
v -71.249 		-63.125 		0
v -71.305 		-63.16 		0
v -71.362 		-63.193 		0
v -71.422 		-63.223 		0
v -71.482 		-63.25 		0
v -71.544 		-63.273 		0
v -71.607 		-63.294 		0
v -71.671 		-63.312 		0
v -70.75 		-62.518 		0
v -70.777 		-62.578 		0
v -70.807 		-62.638 		0
v -70.84 		-62.695 		0
v -70.875 		-62.751 		0
v -70.914 		-62.806 		0
v -70.955 		-62.858 		0
v -70.998 		-62.908 		0
v -71.044 		-62.956 		0
v -71.092 		-63.002 		0
v -71.142 		-63.045 		0
v -70.75 		-61.482 		0
v -70.727 		-61.544 		0
v -70.706 		-61.607 		0
v -70.688 		-61.671 		0
v 61.599 		-63.351 		9
v 61.665 		-63.353 		9
v 61.532 		-63.346 		9
v 61.467 		-63.338 		9
v 61.929 		-63.327 		9
v 61.863 		-63.338 		9
v 61.798 		-63.346 		9
v 61.731 		-63.351 		9
v 62.416 		-63.125 		9
v 62.36 		-63.16 		9
v 62.303 		-63.193 		9
v 62.243 		-63.223 		9
v 62.183 		-63.25 		9
v 62.121 		-63.273 		9
v 62.058 		-63.294 		9
v 61.994 		-63.312 		9
v 62.915 		-62.518 		9
v 62.888 		-62.578 		9
v 62.858 		-62.638 		9
v 62.825 		-62.695 		9
v 62.79 		-62.751 		9
v 62.751 		-62.806 		9
v 62.71 		-62.858 		9
v 62.667 		-62.908 		9
v 62.621 		-62.956 		9
v 62.573 		-63.002 		9
v 62.523 		-63.045 		9
v 62.471 		-63.086 		9
v 63.018 		-62 		9
v 63.016 		-62.066 		9
v 63.011 		-62.133 		9
v 63.003 		-62.198 		9
v 62.992 		-62.264 		9
v 62.977 		-62.329 		9
v 62.959 		-62.393 		9
v 62.938 		-62.456 		9
v 62.915 		-61.482 		9
v 62.938 		-61.544 		9
v 62.959 		-61.607 		9
v 62.977 		-61.671 		9
v 62.992 		-61.736 		9
v 63.003 		-61.802 		9
v 63.011 		-61.867 		9
v 63.016 		-61.934 		9
v 59.01 		-0.155 		8.722
v 59.006 		-0.177 		8.722
v 59.004 		-0.198 		8.722
v 59.003 		-0.22 		8.722
v 59.095 		-0.003 		8.689
v 59.078 		-0.018 		8.689
v 59.063 		-0.035 		8.689
v 59.049 		-0.052 		8.689
v 59.074 		-0.014 		8.655
v 59.058 		-0.031 		8.655
v 59.044 		-0.049 		8.655
v 59.037 		-0.071 		8.689
v 59.026 		-0.09 		8.689
v 59.016 		-0.111 		8.689
v 59.01 		-0.108 		8.655
v 60.415 		-62.518 		9
v 59.031 		-0.068 		8.655
v 59.02 		-0.088 		8.655
v 59.07 		-0.01 		8.62
v 59.055 		-0.028 		8.62
v 60.914 		-63.125 		9
v 60.859 		-63.086 		9
v 60.807 		-63.045 		9
v 60.757 		-63.002 		9
v 60.709 		-62.956 		9
v 60.663 		-62.908 		9
v 60.62 		-62.858 		9
v 60.579 		-62.806 		9
v 60.54 		-62.751 		9
v 60.505 		-62.695 		9
v 60.472 		-62.638 		9
v 60.442 		-62.578 		9
v 61.401 		-63.327 		9
v 61.336 		-63.312 		9
v 61.272 		-63.294 		9
v 61.209 		-63.273 		9
v 61.147 		-63.25 		9
v 61.087 		-63.223 		9
v 61.027 		-63.193 		9
v 60.97 		-63.16 		9
v 59.091 		-59.081 		8.754
v 59.077 		-59.096 		8.754
v 59.064 		-59.113 		8.754
v 59.052 		-59.13 		8.754
v 59.04 		-0.046 		8.62
v 59.084 		-59.074 		8.722
v 59.069 		-59.09 		8.722
v 59.056 		-59.107 		8.722
v 60.392 		-62.456 		9
v 60.371 		-62.393 		9
v 59.044 		-59.125 		8.722
v 60.353 		-62.329 		9
v 60.338 		-62.264 		9
v 60.327 		-62.198 		9
v 60.319 		-62.133 		9
v 60.314 		-62.066 		9
v 60.313 		-62 		9
v 59.069 		-0.009 		8.585
v 60.314 		-61.934 		9
v 60.319 		-61.867 		9
v 60.327 		-61.802 		9
v 60.338 		-61.736 		9
v 60.353 		-61.671 		9
v 59.038 		-0.044 		8.585
v 60.371 		-61.607 		9
v 59.053 		-0.026 		8.585
v 60.392 		-61.544 		9
v 60.415 		-61.482 		9
v 59.025 		-0.064 		8.585
v 59.027 		-0.065 		8.62
v 59.016 		-0.085 		8.62
v 59.014 		-0.084 		8.585
v 59.006 		-0.107 		8.62
v 58.998 		-0.128 		8.62
v 59.004 		-0.106 		8.585
v 58.996 		-0.128 		8.585
v 59.009 		-0.132 		8.689
v 59.003 		-0.153 		8.689
v 58.998 		-0.175 		8.689
v 59.003 		-0.13 		8.655
v 58.996 		-0.152 		8.655
v 58.992 		-0.174 		8.655
v 58.996 		-0.198 		8.689
v 58.995 		-0.22 		8.689
v 58.989 		-0.197 		8.655
v 58.988 		-0.22 		8.655
v 58.992 		-0.151 		8.62
v 58.987 		-0.174 		8.62
v 58.985 		-0.197 		8.62
v 58.984 		-0.22 		8.62
v 58.989 		-0.15 		8.585
v 58.985 		-0.173 		8.585
v 58.982 		-0.197 		8.585
v 58.981 		-0.22 		8.585
v 59.068 		-0.008 		8.55
v 59.052 		-0.025 		8.55
v 59.037 		-0.044 		8.55
v 59.024 		-0.063 		8.55
v 59.013 		-0.084 		8.55
v 59.003 		-0.105 		8.55
v 58.995 		-0.127 		8.55
v 59.28 		-59.177 		8.978
v 59.28 		-59.2 		8.988
v 59.273 		-59.178 		8.978
v 59.266 		-59.178 		8.978
v 59.275 		-59.2 		8.988
v 59.28 		-59.155 		8.966
v 59.271 		-59.156 		8.966
v 59.28 		-59.246 		8.999
v 59.278 		-59.247 		8.999
v 59.275 		-59.247 		8.999
v 59.273 		-59.248 		8.999
v 59.271 		-59.248 		8.999
v 59.269 		-59.249 		8.999
v 59.268 		-59.25 		8.999
v 59.266 		-59.251 		8.999
v 59.265 		-59.252 		8.999
v -72.751 		-4.125 		5
v 59.276 		-59.223 		8.994
v 59.273 		-59.224 		8.994
v -72.198 		-4.338 		5
v 59.269 		-59.224 		8.994
v -72.264 		-4.327 		5
v -72.329 		-4.312 		5
v -72.393 		-4.294 		5
v -72.456 		-4.273 		5
v -72.518 		-4.25 		5
v -72.578 		-4.223 		5
v -72.638 		-4.193 		5
v -72.695 		-4.16 		5
v -72 		-4.353 		5
v -72.066 		-4.351 		5
v -72.133 		-4.346 		5
v 59.266 		-59.225 		8.994
v -71.736 		-4.327 		5
v -71.802 		-4.338 		5
v -71.867 		-4.346 		5
v -71.934 		-4.351 		5
v -71.249 		-4.125 		5
v -71.305 		-4.16 		5
v -71.362 		-4.193 		5
v -71.422 		-4.223 		5
v -71.482 		-4.25 		5
v -71.544 		-4.273 		5
v -71.607 		-4.294 		5
v -71.671 		-4.312 		5
v -72.806 		-4.086 		5
v -72.858 		-4.045 		5
v 59.269 		-59.201 		8.988
v 59.264 		-59.202 		8.988
v -72.908 		-4.002 		5
v -72.956 		-3.956 		5
v -73.002 		-3.908 		5
v -73.045 		-3.858 		5
v -73.086 		-3.806 		5
v -73.125 		-3.751 		5
v -73.16 		-3.695 		5
v -73.193 		-3.638 		5
v -73.223 		-3.578 		5
v -73.25 		-3.518 		5
v 64.848 		-5.674 		8.914
v -73.273 		-3.456 		5
v -73.294 		-3.393 		5
v -73.312 		-3.329 		5
v -73.327 		-3.264 		5
v -73.338 		-3.198 		5
v 64.851 		-5.661 		8.914
v -73.346 		-3.133 		5
v -73.351 		-3.066 		5
v -73.353 		-3 		5
v -73.351 		-2.934 		5
v -73.346 		-2.867 		5
v -73.338 		-2.802 		5
v -73.327 		-2.736 		5
v -73.312 		-2.671 		5
v -73.294 		-2.607 		5
v -73.273 		-2.544 		5
v -73.25 		-2.482 		5
v -73.223 		-2.422 		5
v -73.193 		-2.362 		5
v -73.16 		-2.305 		5
v -73.125 		-2.249 		5
v -73.086 		-2.194 		5
v -73.045 		-2.142 		5
v -73.002 		-2.092 		5
v -72.956 		-2.044 		5
v -72.908 		-1.998 		5
v -72.858 		-1.955 		5
v -72.806 		-1.914 		5
v -72.751 		-1.875 		5
v 64.854 		-5.648 		8.914
v 64.856 		-5.634 		8.914
v 64.796 		-5.691 		8.951
v -70.673 		-61.736 		0
v -70.662 		-61.802 		0
v 64.801 		-5.682 		8.951
v 64.806 		-5.672 		8.951
v -70.662 		-62.198 		0
v -70.673 		-62.264 		0
v -70.688 		-62.329 		0
v -70.706 		-62.393 		0
v -70.727 		-62.456 		0
v 64.81 		-5.662 		8.951
v -70.654 		-61.867 		0
v -70.649 		-61.934 		0
v -70.648 		-62 		0
v -70.649 		-62.066 		0
v -70.654 		-62.133 		0
v 64.812 		-5.652 		8.951
v -73.223 		-61.422 		0
v -73.193 		-61.362 		0
v -73.16 		-61.305 		0
v -73.125 		-61.249 		0
v -73.086 		-61.194 		0
v -73.045 		-61.142 		0
v -73.002 		-61.092 		0
v -72.956 		-61.044 		0
v -72.908 		-60.998 		0
v -72.858 		-60.955 		0
v -72.806 		-60.914 		0
v -72.751 		-60.875 		0
v 64.815 		-5.641 		8.951
v -72.695 		-60.84 		0
v -72.638 		-60.807 		0
v -72.578 		-60.777 		0
v -72.518 		-60.75 		0
v -72.456 		-60.727 		0
v -72.393 		-60.706 		0
v -72.329 		-60.688 		0
v -72.264 		-60.673 		0
v -72.198 		-60.662 		0
v -72.133 		-60.654 		0
v -72.066 		-60.649 		0
v -72 		-60.648 		0
v -71.934 		-60.649 		0
v -71.867 		-60.654 		0
v -71.802 		-60.662 		0
v -71.736 		-60.673 		0
v -71.671 		-60.688 		0
v -71.607 		-60.706 		0
v -71.544 		-60.727 		0
v -71.482 		-60.75 		0
v -71.422 		-60.777 		0
v -71.362 		-60.807 		0
v -71.305 		-60.84 		0
v -71.249 		-60.875 		0
v -71.194 		-60.914 		0
v -71.142 		-60.955 		0
v -71.092 		-60.998 		0
v -71.044 		-61.044 		0
v -70.998 		-61.092 		0
v -70.955 		-61.142 		0
v -70.914 		-61.194 		0
v -70.875 		-61.249 		0
v -70.84 		-61.305 		0
v -70.807 		-61.362 		0
v -70.777 		-61.422 		0
v -72.751 		-4.125 		0
v -73.353 		-4.353 		0
v -72.198 		-4.338 		0
v -72.264 		-4.327 		0
v -72.329 		-4.312 		0
v -72.393 		-4.294 		0
v -72.456 		-4.273 		0
v -72.518 		-4.25 		0
v -72.578 		-4.223 		0
v -72.638 		-4.193 		0
v -72.695 		-4.16 		0
v -72.066 		-4.351 		0
v -72 		-4.353 		0
v -72.133 		-4.346 		0
v -71.736 		-4.327 		0
v -71.802 		-4.338 		0
v -71.867 		-4.346 		0
v -71.934 		-4.351 		0
v -71.249 		-4.125 		0
v -71.305 		-4.16 		0
v -71.362 		-4.193 		0
v -71.422 		-4.223 		0
v -71.482 		-4.25 		0
v -71.544 		-4.273 		0
v -71.607 		-4.294 		0
v -71.671 		-4.312 		0
v -72.806 		-4.086 		0
v -72.858 		-4.045 		0
v -72.908 		-4.002 		0
v -72.956 		-3.956 		0
v -73.002 		-3.908 		0
v -73.045 		-3.858 		0
v -73.086 		-3.806 		0
v -73.125 		-3.751 		0
v -73.16 		-3.695 		0
v -73.193 		-3.638 		0
v -73.223 		-3.578 		0
v -73.25 		-3.518 		0
v -73.273 		-3.456 		0
v -73.294 		-3.393 		0
v -73.312 		-3.329 		0
v -73.327 		-3.264 		0
v -73.338 		-3.198 		0
v -73.346 		-3.133 		0
v -73.351 		-3.066 		0
v -73.353 		-3 		0
v -73.351 		-2.934 		0
v -73.346 		-2.867 		0
v -73.338 		-2.802 		0
v -73.327 		-2.736 		0
v -73.312 		-2.671 		0
v -73.294 		-2.607 		0
v -73.273 		-2.544 		0
v -73.25 		-2.482 		0
v -73.223 		-2.422 		0
v -73.193 		-2.362 		0
v -73.16 		-2.305 		0
v -73.125 		-2.249 		0
v -73.086 		-2.194 		0
v -73.045 		-2.142 		0
v -73.002 		-2.092 		0
v -72.956 		-2.044 		0
v -72.908 		-1.998 		0
v -72.858 		-1.955 		0
v -72.806 		-1.914 		0
v -72.751 		-1.875 		0
v -72.695 		-1.84 		0
v -72.638 		-1.807 		0
v -72.578 		-1.777 		0
v -72.518 		-1.75 		0
v -72.456 		-1.727 		0
v -72.393 		-1.706 		0
v -72.329 		-1.688 		0
v -72.264 		-1.673 		0
v -72.198 		-1.662 		0
v -72.133 		-1.654 		0
v -72.066 		-1.649 		0
v -72 		-1.648 		0
v -71.934 		-1.649 		0
v -71.867 		-1.654 		0
v -71.802 		-1.662 		0
v -71.736 		-1.673 		0
v -70.807 		-3.638 		0
v -70.84 		-3.695 		0
v -70.875 		-3.751 		0
v -70.914 		-3.806 		0
v -70.955 		-3.858 		0
v -70.998 		-3.908 		0
v -71.044 		-3.956 		0
v -71.092 		-4.002 		0
v -71.142 		-4.045 		0
v -71.194 		-4.086 		0
v 59.258 		-59.18 		8.978
v -70.662 		-3.198 		0
v -70.673 		-3.264 		0
v -70.688 		-3.329 		0
v -70.706 		-3.393 		0
v -70.727 		-3.456 		0
v 59.251 		-59.182 		8.978
v -70.75 		-3.518 		0
v -70.777 		-3.578 		0
v -70.654 		-3.133 		0
v -70.998 		-2.092 		0
v -70.955 		-2.142 		0
v -70.914 		-2.194 		0
v -70.875 		-2.249 		0
v -70.84 		-2.305 		0
v 59.245 		-59.184 		8.978
v -70.807 		-2.362 		0
v -70.777 		-2.422 		0
v -70.75 		-2.482 		0
v -70.727 		-2.544 		0
v -70.706 		-2.607 		0
v -70.688 		-2.671 		0
v -70.673 		-2.736 		0
v 59.238 		-59.187 		8.978
v -70.662 		-2.802 		0
v -70.654 		-2.867 		0
v -70.649 		-2.934 		0
v 59.232 		-59.191 		8.978
v -70.648 		-3 		0
v -70.649 		-3.066 		0
v -71.671 		-1.688 		0
v -71.607 		-1.706 		0
v -71.544 		-1.727 		0
v -71.482 		-1.75 		0
v -71.422 		-1.777 		0
v -71.362 		-1.807 		0
v -71.305 		-1.84 		0
v -71.249 		-1.875 		0
v -71.194 		-1.914 		0
v -71.142 		-1.955 		0
v -71.092 		-1.998 		0
v -71.044 		-2.044 		0
v 59.226 		-59.195 		8.978
v -72.695 		-1.84 		5
v -72.638 		-1.807 		5
v -72.578 		-1.777 		5
v -72.518 		-1.75 		5
v -72.456 		-1.727 		5
v -72.393 		-1.706 		5
v 59.22 		-59.2 		8.978
v -72.329 		-1.688 		5
v -72.264 		-1.673 		5
v -72.198 		-1.662 		5
v 59.262 		-59.157 		8.966
v 59.253 		-59.158 		8.966
v 59.245 		-59.161 		8.966
v 59.236 		-59.164 		8.966
v -72.133 		-1.654 		5
v -72.066 		-1.649 		5
v 59.228 		-59.168 		8.966
v -72 		-1.648 		5
v -71.934 		-1.649 		5
v -71.867 		-1.654 		5
v -71.802 		-1.662 		5
v -71.736 		-1.673 		5
v 59.22 		-59.172 		8.966
v -70.807 		-3.638 		5
v -70.84 		-3.695 		5
v 59.213 		-59.177 		8.966
v -70.875 		-3.751 		5
v -70.914 		-3.806 		5
v -70.955 		-3.858 		5
v -70.998 		-3.908 		5
v -71.044 		-3.956 		5
v -71.092 		-4.002 		5
v -71.142 		-4.045 		5
v -71.194 		-4.086 		5
v 59.205 		-59.183 		8.966
v -70.662 		-3.198 		5
v -70.673 		-3.264 		5
v -70.688 		-3.329 		5
v -70.706 		-3.393 		5
v -70.727 		-3.456 		5
v -70.75 		-3.518 		5
v -70.777 		-3.578 		5
v -70.654 		-3.133 		5
v -70.998 		-2.092 		5
v -70.955 		-2.142 		5
v -70.914 		-2.194 		5
v -70.875 		-2.249 		5
v -70.84 		-2.305 		5
v -70.807 		-2.362 		5
v -70.777 		-2.422 		5
v 59.199 		-59.189 		8.966
v 59.193 		-59.195 		8.966
v 64.82 		-5.691 		8.934
v -70.75 		-2.482 		5
v -70.727 		-2.544 		5
v -70.706 		-2.607 		5
v -70.688 		-2.671 		5
v -70.673 		-2.736 		5
v 59.263 		-59.253 		8.999
v 59.262 		-59.255 		8.999
v 59.261 		-59.256 		8.999
v 59.26 		-59.258 		8.999
v 59.259 		-59.259 		8.999
v 59.258 		-59.261 		8.999
v 59.258 		-59.263 		8.999
v 58.988 		-0.15 		8.55
v 58.984 		-0.173 		8.55
v 58.981 		-0.196 		8.55
v 58.98 		-0.22 		8.55
v -78.246 		3.354 		7
v -78.246 		3.354 		5
v -78.246 		-68.246 		5
v -78.246 		-68.246 		7
v -76.749 		1.856 		7
v -76.749 		-66.749 		7
v -76.749 		1.856 		5
v -76.749 		-66.749 		5
v 58.98 		-59.27 		8.55
v 58.98 		-64.67 		8.55
v 59.262 		-59.227 		8.994
v 58.98 		-5.62 		8.55
v 59.259 		-59.228 		8.994
v 59.255 		-59.23 		8.994
v 59.252 		-59.232 		8.994
v 68.254 		-68.246 		7
v 68.254 		-68.246 		5
v 66.757 		-66.749 		7
v 59.247 		-59.237 		8.994
v 66.757 		-66.749 		5
v 59.244 		-59.24 		8.994
v 59.25 		-59.234 		8.994
v 59.242 		-59.242 		8.994
v 59.24 		-59.245 		8.994
v 59.28 		-64.97 		8.55
v 59.238 		-59.249 		8.994
v 59.235 		-59.255 		8.994
v 59.237 		-59.252 		8.994
v 59.234 		-59.259 		8.994
v 59.234 		-59.263 		8.994
v 64.98 		-59.27 		8.55
v 64.68 		-58.97 		8.55
v 59.28 		-58.97 		8.55
v 60.41 		-3.518 		9
v 60.387 		-3.456 		9
v 60.366 		-3.393 		9
v 60.348 		-3.329 		9
v 60.333 		-3.264 		9
v 60.322 		-3.198 		9
v 60.314 		-3.133 		9
v 60.854 		-4.086 		9
v 60.802 		-4.045 		9
v 60.752 		-4.002 		9
v 60.704 		-3.956 		9
v 60.658 		-3.908 		9
v 60.615 		-3.858 		9
v 60.574 		-3.806 		9
v 60.535 		-3.751 		9
v 60.5 		-3.695 		9
v 60.467 		-3.638 		9
v 60.437 		-3.578 		9
v 64.68 		-59.27 		9
v 60.309 		-3.066 		9
v 60.308 		-3 		9
v 60.309 		-2.934 		9
v 60.314 		-2.867 		9
v 60.322 		-2.802 		9
v 60.333 		-2.736 		9
v 60.348 		-2.671 		9
v 60.366 		-2.607 		9
v 60.387 		-2.544 		9
v 60.41 		-2.482 		9
v -70.662 		-2.802 		5
v 60.437 		-2.422 		9
v -70.654 		-2.867 		5
v 60.467 		-2.362 		9
v -70.649 		-2.934 		5
v 60.5 		-2.305 		9
v -70.648 		-3 		5
v -70.649 		-3.066 		5
v 60.535 		-2.249 		9
v 60.574 		-2.194 		9
v -71.671 		-1.688 		5
v 60.615 		-2.142 		9
v 60.658 		-2.092 		9
v -71.607 		-1.706 		5
v -71.544 		-1.727 		5
v -71.482 		-1.75 		5
v -71.422 		-1.777 		5
v -71.362 		-1.807 		5
v -71.305 		-1.84 		5
v -71.249 		-1.875 		5
v -71.194 		-1.914 		5
v -71.142 		-1.955 		5
v -71.092 		-1.998 		5
v -71.044 		-2.044 		5
v -68.2 		-6.5 		5
v -75.003 		-6.5 		5
v -72.751 		-63.125 		5
v -72.806 		-63.086 		5
v -72.858 		-63.045 		5
v -72.908 		-63.002 		5
v -72.956 		-62.956 		5
v -73.002 		-62.908 		5
v -73.045 		-62.858 		5
v -73.086 		-62.806 		5
v -73.125 		-62.751 		5
v -73.16 		-62.695 		5
v -73.193 		-62.638 		5
v -73.223 		-62.578 		5
v -73.25 		-62.518 		5
v 59.258 		-59.203 		8.988
v 59.243 		-59.21 		8.988
v 59.253 		-59.205 		8.988
v 59.248 		-59.208 		8.988
v 59.239 		-59.213 		8.988
v 59.23 		-59.22 		8.988
v 59.235 		-59.217 		8.988
v 59.227 		-59.225 		8.988
v 59.223 		-59.229 		8.988
v 59.22 		-59.233 		8.988
v 59.215 		-59.243 		8.988
v 59.213 		-59.248 		8.988
v 59.218 		-59.238 		8.988
v 59.212 		-59.254 		8.988
v 59.211 		-59.259 		8.988
v 59.214 		-59.204 		8.978
v 64.825 		-5.68 		8.934
v 64.829 		-5.668 		8.934
v 64.837 		-5.7 		8.914
v 64.768 		-5.724 		8.951
v 64.776 		-5.716 		8.951
v 64.784 		-5.708 		8.951
v 64.79 		-5.7 		8.951
v 64.772 		-5.747 		8.934
v 64.782 		-5.739 		8.934
v 64.791 		-5.731 		8.934
v 64.799 		-5.722 		8.934
v 64.807 		-5.712 		8.934
v 64.814 		-5.702 		8.934
v 64.795 		-5.754 		8.914
v 64.805 		-5.745 		8.914
v 64.814 		-5.735 		8.914
v 64.823 		-5.724 		8.914
v 64.83 		-5.712 		8.914
v 64.86 		-5.695 		8.892
v 64.865 		-5.68 		8.892
v 64.869 		-5.665 		8.892
v 64.872 		-5.65 		8.892
v 64.874 		-5.635 		8.892
v 64.882 		-5.686 		8.868
v 64.886 		-5.67 		8.868
v 64.89 		-5.653 		8.868
v 64.891 		-5.637 		8.868
v 64.838 		-5.735 		8.892
v 64.846 		-5.722 		8.892
v 64.854 		-5.708 		8.892
v 64.841 		-5.758 		8.868
v 64.852 		-5.745 		8.868
v 64.861 		-5.731 		8.868
v 64.869 		-5.716 		8.868
v 64.876 		-5.701 		8.868
v 64.865 		-5.754 		8.842
v 64.875 		-5.739 		8.842
v 64.883 		-5.724 		8.842
v 64.891 		-5.707 		8.842
v 64.818 		-5.758 		8.892
v 64.828 		-5.747 		8.892
v 64.772 		-5.77 		8.914
v 64.784 		-5.763 		8.914
v 64.841 		-5.781 		8.842
v 64.853 		-5.768 		8.842
v 64.782 		-5.786 		8.892
v 64.768 		-5.794 		8.892
v 64.795 		-5.778 		8.892
v 64.807 		-5.768 		8.892
v 64.776 		-5.809 		8.868
v 64.791 		-5.801 		8.868
v 64.805 		-5.792 		8.868
v 64.818 		-5.781 		8.868
v 64.83 		-5.77 		8.868
v 64.784 		-5.823 		8.842
v 64.799 		-5.815 		8.842
v 64.814 		-5.805 		8.842
v 59.21 		-59.21 		8.978
v 59.205 		-59.216 		8.978
v -72.198 		-63.338 		5
v -72.264 		-63.327 		5
v -72.329 		-63.312 		5
v -72.393 		-63.294 		5
v -72.456 		-63.273 		5
v -72.518 		-63.25 		5
v -72.578 		-63.223 		5
v -72.638 		-63.193 		5
v -72.695 		-63.16 		5
v 59.201 		-59.222 		8.978
v -72 		-63.353 		5
v -72.066 		-63.351 		5
v -72.133 		-63.346 		5
v -71.736 		-63.327 		5
v -71.802 		-63.338 		5
v -71.867 		-63.346 		5
v -71.934 		-63.351 		5
v -73.273 		-62.456 		5
v -73.294 		-62.393 		5
v -73.312 		-62.329 		5
v -73.327 		-62.264 		5
v -73.338 		-62.198 		5
v -73.346 		-62.133 		5
v -73.351 		-62.066 		5
v -73.353 		-62 		5
v -73.351 		-61.934 		5
v -73.346 		-61.867 		5
v -73.338 		-61.802 		5
v -73.327 		-61.736 		5
v -73.312 		-61.671 		5
v -73.294 		-61.607 		5
v -73.273 		-61.544 		5
v -73.25 		-61.482 		5
v -71.194 		-63.086 		5
v -71.249 		-63.125 		5
v -71.305 		-63.16 		5
v -71.362 		-63.193 		5
v -71.422 		-63.223 		5
v -71.482 		-63.25 		5
v -71.544 		-63.273 		5
v -71.607 		-63.294 		5
v -71.671 		-63.312 		5
v -70.75 		-62.518 		5
v -70.777 		-62.578 		5
v -70.807 		-62.638 		5
v -70.84 		-62.695 		5
v -70.875 		-62.751 		5
v -70.914 		-62.806 		5
v -70.955 		-62.858 		5
v -70.998 		-62.908 		5
v -71.044 		-62.956 		5
v -71.092 		-63.002 		5
v -71.142 		-63.045 		5
v -70.75 		-61.482 		5
v -70.727 		-61.544 		5
v -70.706 		-61.607 		5
v -70.688 		-61.671 		5
v -70.673 		-61.736 		5
v -70.662 		-61.802 		5
v -70.662 		-62.198 		5
v -70.673 		-62.264 		5
v -70.688 		-62.329 		5
v -70.706 		-62.393 		5
v -70.727 		-62.456 		5
v -70.654 		-61.867 		5
v -70.649 		-61.934 		5
v -70.648 		-62 		5
v -70.649 		-62.066 		5
v -70.654 		-62.133 		5
v -73.223 		-61.422 		5
v -73.193 		-61.362 		5
v -73.16 		-61.305 		5
v 59.197 		-59.228 		8.978
v 59.194 		-59.235 		8.978
v -73.125 		-61.249 		5
v -73.086 		-61.194 		5
v -73.045 		-61.142 		5
v -73.002 		-61.092 		5
v -72.956 		-61.044 		5
v -72.908 		-60.998 		5
v -72.858 		-60.955 		5
v -72.806 		-60.914 		5
v 61.396 		-4.327 		9
v -72.751 		-60.875 		5
v 61.331 		-4.312 		9
v 61.267 		-4.294 		9
v 61.204 		-4.273 		9
v 61.142 		-4.25 		9
v -72.695 		-60.84 		5
v 59.192 		-59.241 		8.978
v 61.082 		-4.223 		9
v -72.638 		-60.807 		5
v 61.022 		-4.193 		9
v -72.578 		-60.777 		5
v 60.965 		-4.16 		9
v -72.518 		-60.75 		5
v 60.909 		-4.125 		9
v -72.456 		-60.727 		5
v -72.393 		-60.706 		5
v -72.329 		-60.688 		5
v -72.264 		-60.673 		5
v 59.188 		-59.255 		8.978
v -72.198 		-60.662 		5
v 59.19 		-59.248 		8.978
v -72.133 		-60.654 		5
v -72.066 		-60.649 		5
v -72 		-60.648 		5
v -71.934 		-60.649 		5
v -71.867 		-60.654 		5
v -71.802 		-60.662 		5
v -71.736 		-60.673 		5
v -71.671 		-60.688 		5
v -71.607 		-60.706 		5
v 59.188 		-59.263 		8.978
v -71.544 		-60.727 		5
v -71.482 		-60.75 		5
v -71.422 		-60.777 		5
v -71.362 		-60.807 		5
v -71.305 		-60.84 		5
v -71.249 		-60.875 		5
v -71.194 		-60.914 		5
v -71.142 		-60.955 		5
v -71.092 		-60.998 		5
v -71.044 		-61.044 		5
v 59.187 		-59.203 		8.966
v -70.998 		-61.092 		5
v -70.955 		-61.142 		5
v -70.914 		-61.194 		5
v -70.875 		-61.249 		5
v -70.84 		-61.305 		5
v -70.807 		-61.362 		5
v 59.182 		-59.21 		8.966
v -70.777 		-61.422 		5
v -68.2 		-58.2 		5
v -75.003 		-58.2 		5
v 68.254 		3.354 		5
v 66.757 		1.856 		5
v 61.467 		-60.662 		9
v 61.532 		-60.654 		9
v 61.599 		-60.649 		9
v 61.665 		-60.648 		9
v 61.731 		-60.649 		9
v 61.798 		-60.654 		9
v 61.863 		-60.662 		9
v 61.929 		-60.673 		9
v 61.994 		-60.688 		9
v 62.058 		-60.706 		9
v 62.121 		-60.727 		9
v 62.183 		-60.75 		9
v 62.243 		-60.777 		9
v 62.303 		-60.807 		9
v 62.36 		-60.84 		9
v 62.416 		-60.875 		9
v 62.471 		-60.914 		9
v 62.523 		-60.955 		9
v 62.573 		-60.998 		9
v 62.621 		-61.044 		9
v 62.667 		-61.092 		9
v 62.71 		-61.142 		9
v 62.751 		-61.194 		9
v 62.79 		-61.249 		9
v 62.825 		-61.305 		9
v 62.858 		-61.362 		9
v 62.888 		-61.422 		9
v 59.28 		-59.27 		9
v 60.442 		-61.422 		9
v 60.472 		-61.362 		9
v 60.505 		-61.305 		9
v 60.54 		-61.249 		9
v 60.579 		-61.194 		9
v 60.62 		-61.142 		9
v 60.663 		-61.092 		9
v 60.709 		-61.044 		9
v 60.757 		-60.998 		9
v 60.807 		-60.955 		9
v 60.859 		-60.914 		9
v 60.914 		-60.875 		9
v 60.97 		-60.84 		9
v 61.027 		-60.807 		9
v 61.087 		-60.777 		9
v 61.147 		-60.75 		9
v 61.209 		-60.727 		9
v 61.272 		-60.706 		9
v 61.336 		-60.688 		9
v 61.401 		-60.673 		9
v 64.68 		-64.67 		9
v 64.828 		-5.793 		8.842
v 64.911 		-5.695 		8.815
v 64.916 		-5.677 		8.815
v 59.178 		-59.218 		8.966
v 64.92 		-5.658 		8.815
v 64.922 		-5.639 		8.815
v 59.174 		-59.226 		8.966
v 64.929 		-5.68 		8.785
v 64.933 		-5.66 		8.785
v 64.935 		-5.64 		8.785
v 64.68 		-5.92 		8.55
v 59.28 		-5.92 		8.55
v 64.896 		-5.73 		8.815
v 64.904 		-5.713 		8.815
v 64.898 		-5.754 		8.785
v 64.908 		-5.736 		8.785
v 64.916 		-5.718 		8.785
v 59.168 		-59.243 		8.966
v 59.171 		-59.235 		8.966
v 64.923 		-5.699 		8.785
v 59.167 		-59.252 		8.966
v 68.254 		3.354 		7
v 66.757 		1.856 		7
v 64.94 		-5.682 		8.754
v 64.98 		-0.22 		8.55
v 64.944 		-5.662 		8.754
v 59.166 		-59.261 		8.966
v 64.946 		-5.641 		8.754
v 64.95 		-5.685 		8.722
v 64.954 		-5.663 		8.722
v 64.98 		-5.62 		8.55
v 64.68 		0.08 		8.55
v 59.28 		0.08 		8.55
v 64.68 		-0.22 		9
v 59.257 		-59.265 		8.999
v 59.257 		-59.268 		8.999
v 59.256 		-59.27 		8.999
v 59.257 		-59.266 		8.999
v 59.233 		-59.27 		8.994
v 59.233 		-59.266 		8.994
v 59.21 		-59.265 		8.988
v 59.187 		-59.27 		8.978
v 59.165 		-59.27 		8.966
v 59.248 		-59.138 		8.951
v 59.238 		-59.14 		8.951
v 59.228 		-59.144 		8.951
v 59.218 		-59.149 		8.951
v 59.209 		-59.154 		8.951
v 59.2 		-59.16 		8.951
v 59.192 		-59.166 		8.951
v 59.176 		-59.182 		8.951
v 59.184 		-59.174 		8.951
v 59.17 		-59.19 		8.951
v 59.164 		-59.199 		8.951
v 59.28 		-64.67 		9
v 64.784 		-59.127 		8.914
v 59.198 		-59.136 		8.934
v 64.795 		-59.136 		8.914
v 64.772 		-59.12 		8.914
v 59.188 		-59.143 		8.934
v 59.178 		-59.151 		8.934
v 59.169 		-59.159 		8.934
v 59.161 		-59.168 		8.934
v 59.153 		-59.178 		8.934
v 59.146 		-59.188 		8.934
v 64.784 		-59.067 		8.842
v 59.14 		-59.199 		8.934
v 64.841 		-59.132 		8.868
v 64.865 		-59.136 		8.842
v 64.853 		-59.122 		8.842
v 64.956 		-5.642 		8.722
v 64.841 		-59.109 		8.842
v 61.462 		-1.662 		9
v 61.527 		-1.654 		9
v 61.594 		-1.649 		9
v 61.66 		-1.648 		9
v 61.726 		-1.649 		9
v 61.793 		-1.654 		9
v 61.858 		-1.662 		9
v 61.924 		-1.673 		9
v 61.989 		-1.688 		9
v 64.908 		-5.76 		8.754
v 62.053 		-1.706 		9
v 62.116 		-1.727 		9
v 64.918 		-5.741 		8.754
v 62.178 		-1.75 		9
v 62.238 		-1.777 		9
v 62.298 		-1.807 		9
v 62.355 		-1.84 		9
v 64.927 		-5.722 		8.754
v 62.411 		-1.875 		9
v 62.466 		-1.914 		9
v 64.934 		-5.703 		8.754
v 62.518 		-1.955 		9
v 62.568 		-1.998 		9
v 64.927 		-5.746 		8.722
v 64.818 		-59.132 		8.892
v 59.265 		-64.688 		8.999
v 64.936 		-5.726 		8.722
v 64.807 		-59.122 		8.892
v 59.266 		-64.689 		8.999
v 59.268 		-64.69 		8.999
v 59.269 		-64.691 		8.999
v 64.795 		-59.112 		8.892
v 64.944 		-5.706 		8.722
v 59.271 		-64.692 		8.999
v 64.782 		-59.104 		8.892
v 64.768 		-59.096 		8.892
v 64.83 		-59.12 		8.868
v 64.887 		-5.747 		8.815
v 64.818 		-59.109 		8.868
v 64.805 		-59.098 		8.868
v 64.791 		-59.089 		8.868
v 64.776 		-59.081 		8.868
v 64.828 		-59.097 		8.842
v 64.896 		-5.777 		8.754
v 64.904 		-5.783 		8.722
v 64.916 		-5.765 		8.722
v 64.814 		-59.085 		8.842
v 64.799 		-59.075 		8.842
v 64.838 		-5.805 		8.815
v 64.852 		-5.792 		8.815
v 64.898 		-59.136 		8.785
v 64.908 		-59.13 		8.754
v 64.865 		-5.778 		8.815
v 64.896 		-59.113 		8.754
v 64.876 		-5.763 		8.815
v 64.916 		-59.125 		8.722
v 64.904 		-59.107 		8.722
v 64.846 		-5.815 		8.785
v 59.165 		-59.136 		8.914
v 64.861 		-5.801 		8.785
v 59.155 		-59.145 		8.914
v 64.875 		-5.786 		8.785
v 64.807 		-59.063 		8.815
v 64.887 		-5.77 		8.785
v 59.146 		-59.155 		8.914
v 64.79 		-59.054 		8.815
v 59.137 		-59.166 		8.914
v 64.773 		-59.046 		8.815
v 64.83 		-59.063 		8.785
v 64.814 		-59.052 		8.785
v 64.796 		-59.042 		8.785
v 64.823 		-5.816 		8.815
v 64.778 		-59.034 		8.785
v 64.773 		-5.844 		8.815
v 64.79 		-5.836 		8.815
v 64.807 		-5.827 		8.815
v 64.778 		-5.856 		8.785
v 64.796 		-5.848 		8.785
v 59.159 		-59.208 		8.951
v 59.154 		-59.218 		8.951
v 64.814 		-5.838 		8.785
v 64.876 		-59.127 		8.815
v 59.15 		-59.228 		8.951
v 59.148 		-59.238 		8.951
v 64.865 		-59.112 		8.815
v 64.852 		-59.098 		8.815
v 64.83 		-5.827 		8.785
v 59.145 		-59.249 		8.951
v 64.838 		-59.085 		8.815
v 64.887 		-59.12 		8.785
v 59.144 		-59.259 		8.951
v 64.875 		-59.104 		8.785
v 59.273 		-64.692 		8.999
v 59.275 		-64.693 		8.999
v 64.861 		-59.089 		8.785
v 59.278 		-64.693 		8.999
v 59.28 		-64.694 		8.999
v 64.854 		-5.823 		8.754
v 64.846 		-59.075 		8.785
v 64.869 		-5.809 		8.754
v 59.276 		-64.693 		8.999
v 64.823 		-59.074 		8.815
v 64.883 		-5.794 		8.754
v 64.876 		-5.816 		8.722
v 59.144 		-59.27 		8.951
v 64.854 		-59.067 		8.754
v 64.837 		-59.054 		8.754
v 64.891 		-5.8 		8.722
v 59.13 		-59.178 		8.914
v 64.86 		-59.059 		8.722
v 64.843 		-59.046 		8.722
v 59.123 		-59.19 		8.914
v 64.82 		-59.042 		8.754
v 59.135 		-59.21 		8.934
v 64.801 		-59.032 		8.754
v 59.131 		-59.222 		8.934
v 64.782 		-59.023 		8.754
v 59.128 		-59.233 		8.934
v 59.125 		-59.245 		8.934
v 64.825 		-59.034 		8.722
v 64.806 		-59.023 		8.722
v 64.786 		-59.014 		8.722
v 59.124 		-59.258 		8.934
v 59.117 		-59.203 		8.914
v 59.112 		-59.216 		8.914
v 59.109 		-59.229 		8.914
v 64.883 		-59.096 		8.754
v 64.869 		-59.081 		8.754
v 64.891 		-59.09 		8.722
v 59.106 		-59.242 		8.914
v 64.876 		-59.074 		8.722
v 59.104 		-59.256 		8.914
v 64.837 		-5.836 		8.754
v 64.772 		-59.263 		8.978
v 64.772 		-59.255 		8.978
v 64.843 		-5.844 		8.722
v 64.86 		-5.831 		8.722
v 64.77 		-59.248 		8.978
v 62.616 		-2.044 		9
v 64.782 		-5.867 		8.754
v 64.801 		-5.858 		8.754
v 64.82 		-5.848 		8.754
v 64.786 		-5.876 		8.722
v 64.806 		-5.867 		8.722
v 64.825 		-5.856 		8.722
v 64.705 		-5.66 		8.994
v 64.708 		-5.658 		8.994
v 64.713 		-5.653 		8.994
v 64.716 		-5.65 		8.994
v 59.266 		-64.715 		8.994
v 61.66 		-4.353 		9
v 61.594 		-4.351 		9
v 61.527 		-4.346 		9
v 59.269 		-64.716 		8.994
v 61.462 		-4.338 		9
v 61.924 		-4.327 		9
v 59.28 		-64.717 		8.994
v 61.858 		-4.338 		9
v 61.793 		-4.346 		9
v 61.726 		-4.351 		9
v 59.276 		-64.717 		8.994
v 62.411 		-4.125 		9
v 59.273 		-64.716 		8.994
v 62.355 		-4.16 		9
v 62.298 		-4.193 		9
v 62.238 		-4.223 		9
v 62.178 		-4.25 		9
v 62.116 		-4.273 		9
v 62.053 		-4.294 		9
v 61.989 		-4.312 		9
v 60.704 		-2.044 		9
v 60.752 		-1.998 		9
v 60.802 		-1.955 		9
v 60.854 		-1.914 		9
v 60.909 		-1.875 		9
v 59.264 		-64.738 		8.988
v 60.965 		-1.84 		9
v 61.022 		-1.807 		9
v 59.269 		-64.739 		8.988
v 61.082 		-1.777 		9
v 59.275 		-64.74 		8.988
v 61.142 		-1.75 		9
v 61.204 		-1.727 		9
v 61.267 		-1.706 		9
v 61.331 		-1.688 		9
v 61.396 		-1.673 		9
v 59.266 		-64.762 		8.978
v 59.28 		-0.22 		9
v 59.273 		-64.762 		8.978
v 59.28 		-64.763 		8.978
v 59.257 		-64.672 		8.999
v 59.257 		-64.675 		8.999
v 59.258 		-64.677 		8.999
v 59.258 		-64.679 		8.999
v 59.259 		-64.681 		8.999
v 59.26 		-64.682 		8.999
v 59.261 		-64.684 		8.999
v 59.262 		-64.685 		8.999
v 59.28 		-5.62 		9
v 59.257 		-5.622 		8.999
v 59.257 		-5.625 		8.999
v 59.258 		-5.627 		8.999
v 59.258 		-5.629 		8.999
v 59.259 		-5.631 		8.999
v 59.26 		-5.632 		8.999
v 59.256 		-5.62 		8.999
v 59.233 		-5.624 		8.994
v 59.234 		-5.627 		8.994
v 59.234 		-5.631 		8.994
v 59.21 		-5.62 		8.988
v 59.21 		-5.625 		8.988
v 59.211 		-5.631 		8.988
v 59.263 		-64.687 		8.999
v 64.773 		0.004 		8.815
v 64.796 		0.008 		8.785
v 59.256 		-64.67 		8.999
v 59.233 		-64.674 		8.994
v 59.234 		-64.677 		8.994
v 64.778 		0.016 		8.785
v 59.234 		-64.681 		8.994
v 59.238 		-64.691 		8.994
v 59.24 		-64.695 		8.994
v 59.235 		-64.685 		8.994
v 59.237 		-64.688 		8.994
v 64.82 		0.008 		8.754
v 64.71 		-5.656 		8.994
v 64.718 		-5.648 		8.994
v 64.72 		-5.645 		8.994
v 64.801 		0.018 		8.754
v 64.782 		0.027 		8.754
v 64.843 		0.004 		8.722
v 64.825 		0.016 		8.722
v 64.722 		-5.641 		8.994
v 64.806 		0.027 		8.722
v 64.786 		0.036 		8.722
v 64.725 		-5.635 		8.994
v 64.723 		-5.638 		8.994
v 64.733 		0.002 		8.842
v 64.716 		0.005 		8.842
v 64.698 		0.007 		8.842
v 59.187 		-5.62 		8.978
v 59.188 		-5.627 		8.978
v 64.68 		0.008 		8.842
v 59.166 		-5.629 		8.966
v 59.165 		-5.62 		8.966
v 59.144 		-5.631 		8.951
v 59.144 		-5.62 		8.951
v 59.123 		-5.62 		8.934
v 59.124 		-5.632 		8.934
v 59.104 		-5.62 		8.914
v 59.085 		-5.62 		8.892
v 59.132 		-59.143 		8.892
v 59.122 		-59.155 		8.892
v 59.114 		-59.168 		8.892
v 59.106 		-59.182 		8.892
v 59.1 		-59.195 		8.892
v 59.108 		-59.145 		8.868
v 59.099 		-59.159 		8.868
v 59.242 		-64.698 		8.994
v 59.091 		-59.174 		8.868
v 59.084 		-59.189 		8.868
v 64.707 		-5.685 		8.988
v 59.085 		-59.151 		8.842
v 64.712 		-5.682 		8.988
v 59.077 		-59.166 		8.842
v 64.717 		-5.68 		8.988
v 64.721 		-5.677 		8.988
v 64.73 		-5.67 		8.988
v 64.725 		-5.673 		8.988
v 59.069 		-59.183 		8.842
v 59.063 		-59.2 		8.842
v 59.095 		-59.21 		8.892
v 59.091 		-59.225 		8.892
v 59.088 		-59.24 		8.892
v 64.733 		-5.665 		8.988
v 64.737 		-5.661 		8.988
v 59.086 		-59.255 		8.892
v 64.74 		-5.657 		8.988
v 59.078 		-59.204 		8.868
v 64.745 		-5.647 		8.988
v 64.747 		-5.642 		8.988
v 59.074 		-59.22 		8.868
v 64.742 		-5.652 		8.988
v 59.07 		-59.237 		8.868
v 64.748 		-5.636 		8.988
v 59.069 		-59.253 		8.868
v 59.058 		-59.217 		8.842
v 59.055 		-59.234 		8.842
v 59.053 		-59.252 		8.842
v 64.734 		-5.695 		8.978
v 64.74 		-5.69 		8.978
v 64.746 		-5.686 		8.978
v 59.123 		-59.27 		8.934
v 59.104 		-59.27 		8.914
v 59.247 		-64.703 		8.994
v 59.085 		-59.27 		8.892
v 59.068 		-59.27 		8.868
v 59.244 		-64.7 		8.994
v 59.052 		-59.27 		8.842
v 59.068 		-5.62 		8.868
v 59.052 		-5.62 		8.842
v 59.037 		-5.62 		8.815
v 59.024 		-5.62 		8.785
v 59.013 		-5.62 		8.754
v 59.003 		-5.62 		8.722
v 59.21 		-64.675 		8.988
v 59.21 		-64.67 		8.988
v 59.211 		-64.681 		8.988
v 59.212 		-64.686 		8.988
v 59.213 		-64.692 		8.988
v 59.265 		-5.638 		8.999
v 59.215 		-64.697 		8.988
v 59.218 		-64.702 		8.988
v 59.266 		-5.639 		8.999
v 59.268 		-5.64 		8.999
v 59.269 		-5.641 		8.999
v 59.271 		-5.642 		8.999
v 59.273 		-5.642 		8.999
v 59.275 		-5.643 		8.999
v 59.278 		-5.643 		8.999
v 59.28 		-5.644 		8.999
v 59.276 		-5.643 		8.999
v 59.266 		-5.665 		8.994
v 59.269 		-5.666 		8.994
v 59.187 		-64.67 		8.978
v 59.188 		-64.677 		8.978
v 59.28 		-5.667 		8.994
v 59.188 		-64.685 		8.978
v 59.19 		-64.692 		8.978
v 59.192 		-64.699 		8.978
v 64.755 		0.011 		8.815
v 64.737 		0.016 		8.815
v 64.718 		0.02 		8.815
v 59.166 		-64.679 		8.966
v 59.167 		-64.688 		8.966
v 59.168 		-64.697 		8.966
v 64.759 		0.023 		8.785
v 64.74 		0.029 		8.785
v 59.165 		-64.67 		8.966
v 64.72 		0.033 		8.785
v 64.75 		-5.68 		8.978
v 64.755 		-5.674 		8.978
v 64.699 		0.022 		8.815
v 64.68 		0.023 		8.815
v 64.7 		0.035 		8.785
v 64.68 		0.036 		8.785
v 64.763 		0.034 		8.754
v 64.742 		0.04 		8.754
v 64.722 		0.044 		8.754
v 64.768 		-59.241 		8.978
v 64.794 		-59.261 		8.966
v 64.793 		-59.252 		8.966
v 59.276 		-5.667 		8.994
v 59.273 		-5.666 		8.994
v 64.792 		-59.243 		8.966
v 59.264 		-5.688 		8.988
v 59.269 		-5.689 		8.988
v 59.275 		-5.69 		8.988
v 64.789 		-59.235 		8.966
v 64.786 		-59.226 		8.966
v 64.766 		0.044 		8.722
v 64.745 		0.05 		8.722
v 64.782 		-59.218 		8.966
v 64.723 		0.054 		8.722
v 64.778 		-59.21 		8.966
v 64.773 		-59.203 		8.966
v 64.701 		0.046 		8.754
v 64.68 		0.047 		8.754
v 64.702 		0.056 		8.722
v 64.68 		0.057 		8.722
v 64.759 		-5.668 		8.978
v 64.763 		-5.662 		8.978
v 64.766 		-5.655 		8.978
v 64.773 		-59.27 		8.978
v 64.795 		-59.27 		8.966
v 59.266 		-5.712 		8.978
v 64.907 		-59.252 		8.842
v 59.273 		-5.712 		8.978
v 64.905 		-59.234 		8.842
v 59.28 		-5.713 		8.978
v 64.902 		-59.217 		8.842
v 59.271 		-5.734 		8.966
v 59.28 		-5.735 		8.966
v 64.897 		-59.2 		8.842
v 59.261 		-5.634 		8.999
v 59.262 		-5.635 		8.999
v 64.837 		-59.19 		8.914
v 59.263 		-5.637 		8.999
v 59.238 		-5.641 		8.994
v 59.24 		-5.645 		8.994
v 59.235 		-5.635 		8.994
v 64.796 		-59.199 		8.951
v 59.237 		-5.638 		8.994
v 64.79 		-59.19 		8.951
v 64.784 		-59.182 		8.951
v 59.242 		-5.648 		8.994
v 59.247 		-5.653 		8.994
v 59.25 		-5.656 		8.994
v 59.244 		-5.65 		8.994
v 59.252 		-5.658 		8.994
v 59.259 		-5.662 		8.994
v 59.255 		-5.66 		8.994
v 59.262 		-5.663 		8.994
v 59.212 		-5.636 		8.988
v 59.213 		-5.642 		8.988
v 59.215 		-5.647 		8.988
v 59.218 		-5.652 		8.988
v 59.22 		-5.657 		8.988
v 59.223 		-5.661 		8.988
v 59.23 		-5.67 		8.988
v 59.227 		-5.665 		8.988
v 64.848 		0.011 		8.689
v 64.869 		0.002 		8.655
v 64.851 		0.016 		8.655
v 59.073 		-59.143 		8.815
v 64.832 		0.029 		8.655
v 59.064 		-59.16 		8.815
v 59.056 		-59.177 		8.815
v 64.829 		0.023 		8.689
v 59.049 		-59.195 		8.815
v 64.81 		0.034 		8.689
v 64.789 		0.044 		8.689
v 64.768 		0.051 		8.689
v 64.792 		0.05 		8.655
v 59.25 		-64.706 		8.994
v 59.252 		-64.708 		8.994
v 59.259 		-64.712 		8.994
v 59.255 		-64.71 		8.994
v 59.262 		-64.713 		8.994
v 64.812 		0.04 		8.655
v 64.77 		0.057 		8.655
v 59.052 		-59.154 		8.785
v 64.872 		0.005 		8.62
v 64.854 		0.02 		8.62
v 59.044 		-59.172 		8.785
v 64.835 		0.033 		8.62
v 64.856 		0.022 		8.585
v 64.874 		0.007 		8.585
v 59.037 		-59.191 		8.785
v 64.836 		0.035 		8.585
v 64.815 		0.044 		8.62
v 64.793 		0.054 		8.62
v 59.044 		-59.213 		8.815
v 64.772 		0.062 		8.62
v 59.04 		-59.232 		8.815
v 64.816 		0.046 		8.585
v 64.794 		0.056 		8.585
v 59.038 		-59.251 		8.815
v 64.772 		0.064 		8.585
v 59.235 		-5.673 		8.988
v 64.875 		0.008 		8.55
v 64.856 		0.023 		8.55
v 59.239 		-5.677 		8.988
v 64.776 		-59.174 		8.951
v 64.768 		-59.166 		8.951
v 64.837 		0.036 		8.55
v 59.243 		-5.68 		8.988
v 64.82 		-59.199 		8.934
v 64.814 		-59.188 		8.934
v 59.253 		-5.685 		8.988
v 59.258 		-5.687 		8.988
v 64.807 		-59.178 		8.934
v 59.248 		-5.682 		8.988
v 64.799 		-59.168 		8.934
v 64.767 		-5.695 		8.966
v 59.201 		-5.668 		8.978
v 59.205 		-5.674 		8.978
v 59.21 		-5.68 		8.978
v 59.214 		-5.686 		8.978
v 59.22 		-5.69 		8.978
v 64.68 		-5.644 		8.999
v 64.682 		-5.643 		8.999
v 64.685 		-5.643 		8.999
v 64.687 		-5.642 		8.999
v 64.689 		-5.642 		8.999
v 64.691 		-5.641 		8.999
v 64.692 		-5.64 		8.999
v 64.694 		-5.639 		8.999
v 64.695 		-5.638 		8.999
v 59.226 		-5.695 		8.978
v 64.697 		-5.637 		8.999
v 64.698 		-5.635 		8.999
v 64.699 		-5.634 		8.999
v 64.684 		-5.667 		8.994
v 64.687 		-5.666 		8.994
v 64.691 		-5.666 		8.994
v 64.701 		-5.662 		8.994
v 64.695 		-5.665 		8.994
v 64.698 		-5.663 		8.994
v 64.816 		0.047 		8.55
v 64.795 		0.057 		8.55
v 64.773 		0.065 		8.55
v 64.747 		0.057 		8.689
v 64.725 		0.062 		8.689
v 64.702 		0.064 		8.689
v 64.68 		0.065 		8.689
v 64.748 		0.064 		8.655
v 64.726 		0.068 		8.655
v 64.703 		0.071 		8.655
v 64.68 		0.072 		8.655
v 59.22 		-64.707 		8.988
v 64.749 		0.068 		8.62
v 59.223 		-64.711 		8.988
v 64.726 		0.073 		8.62
v 64.703 		0.075 		8.62
v 59.23 		-64.72 		8.988
v 59.227 		-64.715 		8.988
v 59.235 		-64.723 		8.988
v 64.68 		0.076 		8.62
v 64.75 		0.071 		8.585
v 64.727 		0.075 		8.585
v 59.239 		-64.727 		8.988
v 64.703 		0.078 		8.585
v 59.243 		-64.73 		8.988
v 64.68 		0.079 		8.585
v 59.253 		-64.735 		8.988
v 59.258 		-64.737 		8.988
v 59.248 		-64.732 		8.988
v 64.75 		0.072 		8.55
v 64.791 		-59.159 		8.934
v 64.782 		-59.151 		8.934
v 64.772 		-59.143 		8.934
v 64.83 		-59.178 		8.914
v 59.201 		-64.718 		8.978
v 64.823 		-59.166 		8.914
v 64.685 		-5.69 		8.988
v 59.205 		-64.724 		8.978
v 64.68 		-5.69 		8.988
v 64.691 		-5.689 		8.988
v 64.696 		-5.688 		8.988
v 64.814 		-59.155 		8.914
v 64.702 		-5.687 		8.988
v 59.21 		-64.73 		8.978
v 59.214 		-64.736 		8.978
v 59.22 		-64.74 		8.978
v 64.805 		-59.145 		8.914
v 59.031 		-59.21 		8.785
v 59.226 		-64.745 		8.978
v 59.027 		-59.23 		8.785
v 59.025 		-59.25 		8.785
v 59.232 		-64.749 		8.978
v 64.709 		-5.708 		8.978
v 64.715 		-5.706 		8.978
v 59.238 		-64.753 		8.978
v 59.245 		-64.756 		8.978
v 64.722 		-5.703 		8.978
v 64.728 		-5.699 		8.978
v 59.042 		-59.149 		8.754
v 59.033 		-59.168 		8.754
v 64.836 		-59.258 		8.934
v 59.026 		-59.187 		8.754
v 64.835 		-59.245 		8.934
v 59.033 		-59.144 		8.722
v 64.707 		-5.732 		8.966
v 64.832 		-59.233 		8.934
v 59.024 		-59.164 		8.722
v 64.727 		0.076 		8.55
v 64.704 		0.079 		8.55
v 64.856 		-59.256 		8.914
v 59.016 		-59.184 		8.722
v 59.251 		-64.758 		8.978
v 64.854 		-59.242 		8.914
v 64.848 		-59.216 		8.914
v 64.851 		-59.229 		8.914
v 59.258 		-64.76 		8.978
v 64.843 		-59.203 		8.914
v 59.188 		-5.635 		8.978
v 59.19 		-5.642 		8.978
v 59.192 		-5.649 		8.978
v 64.815 		-59.249 		8.951
v 64.816 		-59.259 		8.951
v 59.194 		-5.655 		8.978
v 59.28 		0.008 		8.842
v 64.812 		-59.238 		8.951
v 59.197 		-5.662 		8.978
v 59.262 		0.007 		8.842
v 59.244 		0.005 		8.842
v 64.81 		-59.228 		8.951
v 59.227 		0.002 		8.842
v 59.205 		-64.757 		8.966
v 59.213 		-64.763 		8.966
v 64.806 		-59.218 		8.951
v 59.22 		-64.768 		8.966
v 64.801 		-59.208 		8.951
v 59.28 		0.023 		8.815
v 59.28 		0.036 		8.785
v 59.28 		0.047 		8.754
v 59.28 		0.057 		8.722
v 59.261 		0.022 		8.815
v 59.242 		0.02 		8.815
v 64.829 		-59.222 		8.934
v 59.223 		0.016 		8.815
v 64.825 		-59.21 		8.934
v 59.205 		0.011 		8.815
v 59.26 		0.035 		8.785
v 59.24 		0.033 		8.785
v 59.22 		0.029 		8.785
v 64.86 		-59.195 		8.892
v 64.854 		-59.182 		8.892
v 59.201 		0.023 		8.785
v 64.846 		-59.168 		8.892
v 64.838 		-59.155 		8.892
v 59.02 		-59.208 		8.754
v 59.016 		-59.228 		8.754
v 59.194 		-64.705 		8.978
v 59.014 		-59.249 		8.754
v 64.876 		-59.189 		8.868
v 59.167 		-5.638 		8.966
v 64.715 		-5.729 		8.966
v 59.168 		-5.647 		8.966
v 59.171 		-5.655 		8.966
v 64.724 		-5.726 		8.966
v 64.869 		-59.174 		8.868
v 59.174 		-5.664 		8.966
v 59.178 		-5.672 		8.966
v 64.861 		-59.159 		8.868
v 59.182 		-5.68 		8.966
v 64.852 		-59.145 		8.868
v 59.187 		-5.687 		8.966
v 59.193 		-5.695 		8.966
v 64.891 		-59.183 		8.842
v 64.883 		-59.166 		8.842
v 64.875 		-59.151 		8.842
v 59.232 		-5.699 		8.978
v 59.238 		-5.703 		8.978
v 59.245 		-5.706 		8.978
v 64.828 		-59.143 		8.892
v 59.251 		-5.708 		8.978
v 64.874 		-59.255 		8.892
v 64.872 		-59.24 		8.892
v 59.258 		-5.71 		8.978
v 64.869 		-59.225 		8.892
v 64.865 		-59.21 		8.892
v 59.205 		-5.707 		8.966
v 59.213 		-5.713 		8.966
v 64.89 		-59.237 		8.868
v 64.891 		-59.253 		8.868
v 59.22 		-5.718 		8.966
v 64.886 		-59.22 		8.868
v 64.882 		-59.204 		8.868
v 59.228 		-5.722 		8.966
v 59.197 		-64.712 		8.978
v 59.171 		-64.705 		8.966
v 59.174 		-64.714 		8.966
v 59.178 		-64.722 		8.966
v 59.182 		-64.73 		8.966
v 59.187 		-64.737 		8.966
v 64.816 		-59.27 		8.951
v 64.837 		-59.27 		8.934
v 59.193 		-64.745 		8.966
v 64.856 		-59.27 		8.914
v 64.875 		-59.27 		8.892
v 59.236 		-5.726 		8.966
v 59.253 		-5.732 		8.966
v 59.245 		-5.729 		8.966
v 64.892 		-59.27 		8.868
v 64.908 		-59.27 		8.842
v 59.262 		-5.733 		8.966
v 64.911 		-59.195 		8.815
v 64.904 		-59.177 		8.815
v 64.896 		-59.16 		8.815
v 64.923 		-59.191 		8.785
v 64.916 		-59.172 		8.785
v 64.908 		-59.154 		8.785
v 59.187 		0.004 		8.815
v 64.732 		-5.722 		8.966
v 59.182 		0.016 		8.785
v 59.199 		-5.701 		8.966
v 59.164 		0.008 		8.785
v 64.74 		-5.718 		8.966
v 64.747 		-5.713 		8.966
v 59.269 		-5.756 		8.951
v 59.259 		0.046 		8.754
v 59.28 		-5.756 		8.951
v 64.755 		-5.707 		8.966
v 59.238 		0.044 		8.754
v 59.218 		0.04 		8.754
v 64.761 		-5.701 		8.966
v 59.145 		-5.641 		8.951
v 59.258 		0.056 		8.722
v 59.148 		-5.652 		8.951
v 64.68 		-5.713 		8.978
v 64.687 		-5.712 		8.978
v 64.695 		-5.712 		8.978
v 64.702 		-5.71 		8.978
v 64.68 		-5.735 		8.966
v 64.689 		-5.734 		8.966
v 64.698 		-5.733 		8.966
v 64.712 		-5.752 		8.951
v 64.722 		-5.75 		8.951
v 64.732 		-5.746 		8.951
v 64.742 		-5.741 		8.951
v 64.751 		-5.736 		8.951
v 64.76 		-5.73 		8.951
v 64.751 		-5.76 		8.934
v 64.762 		-5.754 		8.934
v 64.68 		-5.756 		8.951
v 64.691 		-5.756 		8.951
v 64.701 		-5.755 		8.951
v 64.705 		-5.775 		8.934
v 64.728 		-5.769 		8.934
v 64.717 		-5.772 		8.934
v 64.74 		-5.765 		8.934
v 64.708 		-5.794 		8.914
v 64.734 		-5.788 		8.914
v 64.721 		-5.791 		8.914
v 59.199 		-64.751 		8.966
v 59.145 		-64.691 		8.951
v 59.144 		-64.681 		8.951
v 59.144 		-64.67 		8.951
v 59.148 		-64.702 		8.951
v 59.15 		-64.712 		8.951
v 59.154 		-64.722 		8.951
v 59.159 		-64.732 		8.951
v 59.164 		-64.741 		8.951
v 59.17 		-64.75 		8.951
v 59.176 		-64.758 		8.951
v 59.184 		-64.766 		8.951
v 59.14 		-64.741 		8.934
v 59.146 		-64.752 		8.934
v 59.153 		-64.762 		8.934
v 59.123 		-64.67 		8.934
v 59.124 		-64.682 		8.934
v 59.125 		-64.695 		8.934
v 59.104 		-64.684 		8.914
v 59.104 		-64.67 		8.914
v 59.106 		-64.698 		8.914
v 59.131 		-64.718 		8.934
v 59.128 		-64.707 		8.934
v 59.135 		-64.73 		8.934
v 59.112 		-64.724 		8.914
v 59.109 		-64.711 		8.914
v 59.117 		-64.737 		8.914
v 59.123 		-64.75 		8.914
v 59.13 		-64.762 		8.914
v 59.085 		-64.67 		8.892
v 59.086 		-64.685 		8.892
v 59.088 		-64.7 		8.892
v 59.07 		-64.703 		8.868
v 59.069 		-64.687 		8.868
v 59.068 		-64.67 		8.868
v 59.053 		-64.688 		8.842
v 59.052 		-64.67 		8.842
v 59.091 		-64.715 		8.892
v 59.095 		-64.73 		8.892
v 59.1 		-64.745 		8.892
v 59.106 		-64.758 		8.892
v 59.074 		-64.72 		8.868
v 59.078 		-64.736 		8.868
v 59.084 		-64.751 		8.868
v 59.091 		-64.766 		8.868
v 59.15 		-5.662 		8.951
v 59.154 		-5.672 		8.951
v 59.159 		-5.682 		8.951
v 59.164 		-5.691 		8.951
v 59.14 		-5.691 		8.934
v 59.2 		-5.73 		8.951
v 59.209 		-5.736 		8.951
v 59.218 		-5.741 		8.951
v 59.228 		-5.746 		8.951
v 59.238 		-5.75 		8.951
v 59.248 		-5.752 		8.951
v 59.259 		-5.755 		8.951
v 59.209 		-5.76 		8.934
v 59.17 		-5.7 		8.951
v 59.176 		-5.708 		8.951
v 59.184 		-5.716 		8.951
v 59.192 		-5.724 		8.951
v 59.01 		-59.205 		8.722
v 59.006 		-59.227 		8.722
v 59.004 		-59.248 		8.722
v 59.037 		-59.27 		8.815
v 59.024 		-59.27 		8.785
v 59.013 		-59.27 		8.754
v 59.003 		-59.27 		8.722
v 59.28 		-58.985 		8.689
v 59.28 		-58.978 		8.655
v 59.237 		0.054 		8.722
v 59.215 		0.05 		8.722
v 64.747 		-5.783 		8.914
v 59.197 		0.034 		8.754
v 59.28 		-58.974 		8.62
v 59.28 		-58.971 		8.585
v 64.922 		-59.251 		8.815
v 59.178 		0.027 		8.754
v 64.92 		-59.232 		8.815
v 59.159 		0.018 		8.754
v 64.916 		-59.213 		8.815
v 59.14 		0.008 		8.754
v 59.194 		0.044 		8.722
v 59.174 		0.036 		8.722
v 64.935 		-59.25 		8.785
v 64.933 		-59.23 		8.785
v 64.929 		-59.21 		8.785
v 59.258 		-58.986 		8.689
v 59.235 		-58.988 		8.689
v 59.213 		-58.993 		8.689
v 59.154 		0.027 		8.722
v 64.934 		-59.187 		8.754
v 64.927 		-59.168 		8.754
v 64.918 		-59.149 		8.754
v 59.135 		0.016 		8.722
v 64.944 		-59.184 		8.722
v 59.117 		0.004 		8.722
v 64.936 		-59.164 		8.722
v 64.927 		-59.144 		8.722
v 59.28 		0.065 		8.689
v 59.28 		0.072 		8.655
v 59.28 		0.076 		8.62
v 59.28 		0.079 		8.585
v 64.76 		-5.777 		8.914
v 59.258 		0.064 		8.689
v 59.235 		0.062 		8.689
v 64.946 		-59.249 		8.754
v 64.944 		-59.228 		8.754
v 59.213 		0.057 		8.689
v 64.94 		-59.208 		8.754
v 59.257 		0.071 		8.655
v 64.956 		-59.248 		8.722
v 59.234 		0.068 		8.655
v 64.954 		-59.227 		8.722
v 64.95 		-59.205 		8.722
v 59.212 		0.064 		8.655
v 59.192 		0.051 		8.689
v 59.257 		-58.979 		8.655
v 59.234 		-58.982 		8.655
v 59.212 		-58.986 		8.655
v 59.192 		-58.999 		8.689
v 59.171 		-59.006 		8.689
v 59.19 		-58.993 		8.655
v 59.168 		-59 		8.655
v 59.257 		-58.975 		8.62
v 59.234 		-58.977 		8.62
v 59.211 		-58.982 		8.62
v 59.257 		-58.972 		8.585
v 59.233 		-58.975 		8.585
v 59.21 		-58.979 		8.585
v 59.171 		0.044 		8.689
v 59.15 		0.034 		8.689
v 59.188 		-58.988 		8.62
v 59.167 		-58.996 		8.62
v 59.19 		0.057 		8.655
v 59.145 		-59.006 		8.62
v 59.168 		0.05 		8.655
v 59.188 		-58.986 		8.585
v 59.148 		0.04 		8.655
v 59.166 		-58.994 		8.585
v 59.144 		-59.004 		8.585
v 59.257 		0.075 		8.62
v 59.234 		0.073 		8.62
v 59.15 		-59.016 		8.689
v 59.211 		0.068 		8.62
v 59.148 		-59.01 		8.655
v 59.257 		0.078 		8.585
v 59.233 		0.075 		8.585
v 59.256 		-58.971 		8.55
v 59.233 		-58.974 		8.55
v 59.21 		-58.978 		8.55
v 59.187 		-58.985 		8.55
v 59.165 		-58.993 		8.55
v 59.144 		-59.003 		8.55
v 59.131 		-59.027 		8.689
v 59.112 		-59.039 		8.689
v 59.095 		-59.053 		8.689
v 59.078 		-59.068 		8.689
v 59.128 		-59.021 		8.655
v 59.109 		-59.034 		8.655
v 59.091 		-59.048 		8.655
v 64.68 		-5.777 		8.934
v 59.074 		-59.064 		8.655
v 64.692 		-5.776 		8.934
v 64.694 		-5.796 		8.914
v 64.68 		-5.796 		8.914
v 64.71 		-5.812 		8.892
v 64.725 		-5.809 		8.892
v 64.74 		-5.805 		8.892
v 64.755 		-5.8 		8.892
v 59.21 		0.071 		8.585
v 64.746 		-5.822 		8.868
v 64.761 		-5.816 		8.868
v 59.188 		0.062 		8.62
v 59.167 		0.054 		8.62
v 59.145 		0.044 		8.62
v 59.188 		0.064 		8.585
v 59.166 		0.056 		8.585
v 59.144 		0.046 		8.585
v 64.68 		-5.815 		8.892
v 64.695 		-5.814 		8.892
v 59.256 		0.079 		8.55
v 59.233 		0.076 		8.55
v 64.713 		-5.83 		8.868
v 59.21 		0.072 		8.55
v 59.187 		0.065 		8.55
v 64.73 		-5.826 		8.868
v 59.165 		0.057 		8.55
v 59.144 		0.047 		8.55
v 64.716 		-5.845 		8.842
v 64.733 		-5.842 		8.842
v 64.75 		-5.837 		8.842
v 59.131 		0.023 		8.689
v 59.112 		0.011 		8.689
v 64.767 		-5.831 		8.842
v 64.68 		-5.832 		8.868
v 64.697 		-5.831 		8.868
v 64.68 		-5.848 		8.842
v 64.698 		-5.847 		8.842
v 59.128 		0.029 		8.655
v 59.109 		0.016 		8.655
v 59.091 		0.002 		8.655
v 59.125 		0.033 		8.62
v 59.106 		0.02 		8.62
v 64.718 		-5.86 		8.815
v 64.737 		-5.856 		8.815
v 64.755 		-5.851 		8.815
v 64.72 		-5.873 		8.785
v 64.74 		-5.869 		8.785
v 64.759 		-5.863 		8.785
v 64.68 		-5.863 		8.815
v 64.699 		-5.862 		8.815
v 64.68 		-5.876 		8.785
v 64.7 		-5.875 		8.785
v 64.68 		-5.887 		8.754
v 64.701 		-5.886 		8.754
v 64.722 		-5.884 		8.754
v 64.742 		-5.88 		8.754
v 64.763 		-5.874 		8.754
v 59.088 		0.005 		8.62
v 59.124 		0.035 		8.585
v 59.104 		0.022 		8.585
v 64.766 		-5.884 		8.722
v 59.086 		0.007 		8.585
v 59.055 		-64.706 		8.842
v 59.058 		-64.723 		8.842
v 59.123 		0.036 		8.55
v 59.104 		0.023 		8.55
v 59.063 		-64.74 		8.842
v 59.085 		0.008 		8.55
v 59.069 		-64.757 		8.842
v 64.768 		-0.191 		8.978
v 64.789 		-0.185 		8.966
v 64.68 		-5.897 		8.722
v 64.702 		-5.896 		8.722
v 64.786 		-0.176 		8.966
v 64.723 		-5.894 		8.722
v 59.038 		-64.689 		8.815
v 64.745 		-5.89 		8.722
v 64.782 		-0.168 		8.966
v 59.037 		-64.67 		8.815
v 64.778 		-0.16 		8.966
v 59.025 		-64.69 		8.785
v 59.024 		-64.67 		8.785
v 64.773 		-0.153 		8.966
v 64.965 		-5.62 		8.689
v 64.972 		-5.62 		8.655
v 59.04 		-64.708 		8.815
v 64.976 		-5.62 		8.62
v 59.044 		-64.727 		8.815
v 64.979 		-5.62 		8.585
v 59.049 		-64.745 		8.815
v 64.957 		-5.687 		8.689
v 64.962 		-5.665 		8.689
v 59.056 		-64.763 		8.815
v 64.964 		-5.642 		8.689
v 59.027 		-64.71 		8.785
v 64.773 		-0.22 		8.978
v 59.031 		-64.73 		8.785
v 64.772 		-0.213 		8.978
v 64.964 		-5.688 		8.655
v 64.968 		-5.666 		8.655
v 59.037 		-64.749 		8.785
v 64.772 		-0.205 		8.978
v 64.77 		-0.198 		8.978
v 59.044 		-64.768 		8.785
v 64.971 		-5.643 		8.655
v 64.795 		-0.22 		8.966
v 64.794 		-0.211 		8.966
v 64.793 		-0.202 		8.966
v 64.792 		-0.193 		8.966
v 59.014 		-64.691 		8.754
v 59.013 		-64.67 		8.754
v 59.016 		-64.712 		8.754
v 59.02 		-64.732 		8.754
v 64.934 		-5.75 		8.689
v 59.026 		-64.753 		8.754
v 64.944 		-5.729 		8.689
v 64.951 		-5.708 		8.689
v 64.95 		-5.732 		8.655
v 59.01 		-64.735 		8.722
v 59.016 		-64.756 		8.722
v 64.94 		-5.752 		8.655
v 64.957 		-5.71 		8.655
v 59.004 		-64.692 		8.722
v 59.003 		-64.67 		8.722
v 59.006 		-64.713 		8.722
v 64.776 		-0.124 		8.951
v 64.768 		-0.116 		8.951
v 64.807 		-0.128 		8.934
v 64.799 		-0.118 		8.934
v 59.271 		-64.784 		8.966
v 59.28 		-64.785 		8.966
v 64.968 		-5.689 		8.62
v 64.973 		-5.666 		8.62
v 64.791 		-0.109 		8.934
v 64.782 		-0.101 		8.934
v 64.975 		-5.643 		8.62
v 64.772 		-0.093 		8.934
v 64.971 		-5.69 		8.585
v 59.228 		-64.772 		8.966
v 64.823 		-0.116 		8.914
v 64.975 		-5.667 		8.585
v 64.83 		-0.128 		8.914
v 64.814 		-0.105 		8.914
v 59.236 		-64.776 		8.966
v 64.978 		-5.643 		8.585
v 64.805 		-0.095 		8.914
v 59.253 		-64.782 		8.966
v 59.245 		-64.779 		8.966
v 64.795 		-0.086 		8.914
v 64.944 		-5.755 		8.62
v 64.784 		-0.077 		8.914
v 64.954 		-5.733 		8.62
v 64.772 		-0.07 		8.914
v 64.962 		-5.712 		8.62
v 59.262 		-64.783 		8.966
v 64.946 		-5.756 		8.585
v 64.956 		-5.734 		8.585
v 64.964 		-5.712 		8.585
v 59.063 		-59.085 		8.689
v 64.897 		-5.805 		8.689
v 59.049 		-59.102 		8.689
v 64.911 		-5.788 		8.689
v 59.037 		-59.121 		8.689
v 59.058 		-59.081 		8.655
v 64.923 		-5.769 		8.689
v 59.269 		-64.806 		8.951
v 59.044 		-59.099 		8.655
v 59.28 		-64.806 		8.951
v 59.031 		-59.118 		8.655
v 59.268 		-64.826 		8.934
v 59.28 		-64.827 		8.934
v 59.125 		-59.017 		8.62
v 59.106 		-59.03 		8.62
v 59.088 		-59.045 		8.62
v 59.07 		-59.06 		8.62
v 59.124 		-59.015 		8.585
v 59.104 		-59.028 		8.585
v 59.086 		-59.043 		8.585
v 59.069 		-59.059 		8.585
v 59.055 		-59.078 		8.62
v 59.04 		-59.096 		8.62
v 59.027 		-59.115 		8.62
v 59.016 		-59.135 		8.62
v 59.038 		-59.094 		8.585
v 59.053 		-59.076 		8.585
v 59.025 		-59.114 		8.585
v 59.014 		-59.134 		8.585
v 59.123 		-59.014 		8.55
v 59.104 		-59.027 		8.55
v 59.085 		-59.042 		8.55
v 59.068 		-59.058 		8.55
v 59.052 		-59.075 		8.55
v 59.037 		-59.094 		8.55
v 59.024 		-59.113 		8.55
v 59.013 		-59.134 		8.55
v 64.887 		-59.143 		8.815
v 64.923 		-59.27 		8.815
v 64.936 		-59.27 		8.785
v 64.947 		-59.27 		8.754
v 64.902 		-5.809 		8.655
v 64.916 		-5.791 		8.655
v 64.929 		-5.772 		8.655
v 64.905 		-5.812 		8.62
v 64.92 		-5.794 		8.62
v 64.933 		-5.775 		8.62
v 64.922 		-5.796 		8.585
v 64.907 		-5.814 		8.585
v 64.935 		-5.776 		8.585
v 64.882 		-5.822 		8.689
v 64.848 		-5.851 		8.689
v 64.865 		-5.837 		8.689
v 64.832 		-5.869 		8.655
v 64.851 		-5.856 		8.655
v 64.869 		-5.842 		8.655
v 64.886 		-5.826 		8.655
v 64.789 		-5.884 		8.689
v 64.957 		-59.27 		8.722
v 64.81 		-5.874 		8.689
v 64.762 		-59.136 		8.934
v 64.751 		-59.13 		8.934
v 64.829 		-5.863 		8.689
v 64.74 		-59.125 		8.934
v 64.812 		-5.88 		8.655
v 64.728 		-59.121 		8.934
v 64.717 		-59.118 		8.934
v 64.705 		-59.115 		8.934
v 59.266 		-64.846 		8.914
v 59.28 		-64.846 		8.914
v 59.265 		-64.864 		8.892
v 59.28 		-64.865 		8.892
v 59.28 		-64.882 		8.868
v 59.28 		-64.898 		8.842
v 59.2 		-64.78 		8.951
v 59.209 		-64.786 		8.951
v 59.218 		-64.791 		8.951
v 59.228 		-64.796 		8.951
v 59.238 		-64.8 		8.951
v 59.248 		-64.802 		8.951
v 59.146 		-5.702 		8.934
v 59.153 		-5.712 		8.934
v 59.259 		-64.805 		8.951
v 59.161 		-5.722 		8.934
v 59.209 		-64.81 		8.934
v 59.169 		-5.731 		8.934
v 59.178 		-5.739 		8.934
v 59.22 		-64.815 		8.934
v 59.232 		-64.819 		8.934
v 59.243 		-64.822 		8.934
v 59.255 		-64.825 		8.934
v 64.76 		-59.113 		8.914
v 64.747 		-59.107 		8.914
v 64.734 		-59.102 		8.914
v 64.721 		-59.099 		8.914
v 59.2 		-64.827 		8.914
v 64.708 		-59.096 		8.914
v 64.701 		-59.135 		8.951
v 59.192 		-64.774 		8.951
v 64.691 		-59.134 		8.951
v 59.161 		-64.772 		8.934
v 64.68 		-59.134 		8.951
v 59.169 		-64.781 		8.934
v 59.178 		-64.789 		8.934
v 64.692 		-59.114 		8.934
v 64.68 		-59.113 		8.934
v 59.188 		-64.797 		8.934
v 59.198 		-64.804 		8.934
v 64.694 		-59.094 		8.914
v 64.68 		-59.094 		8.914
v 59.137 		-64.774 		8.914
v 64.746 		-59.068 		8.868
v 59.146 		-64.785 		8.914
v 64.73 		-59.064 		8.868
v 64.713 		-59.06 		8.868
v 59.155 		-64.795 		8.914
v 64.767 		-59.059 		8.842
v 64.75 		-59.053 		8.842
v 59.165 		-64.804 		8.914
v 64.733 		-59.048 		8.842
v 64.716 		-59.045 		8.842
v 59.176 		-64.813 		8.914
v 64.697 		-59.059 		8.868
v 64.841 		-0.059 		8.842
v 64.68 		-59.058 		8.868
v 64.698 		-59.043 		8.842
v 64.795 		-0.062 		8.892
v 64.782 		-0.054 		8.892
v 64.68 		-59.042 		8.842
v 64.768 		-0.046 		8.892
v 64.818 		-0.059 		8.868
v 64.805 		-0.048 		8.868
v 64.755 		-59.09 		8.892
v 64.74 		-59.085 		8.892
v 64.791 		-0.039 		8.868
v 64.725 		-59.081 		8.892
v 64.776 		-0.031 		8.868
v 64.71 		-59.078 		8.892
v 64.828 		-0.047 		8.842
v 64.814 		-0.035 		8.842
v 64.761 		-59.074 		8.868
v 64.799 		-0.025 		8.842
v 64.784 		-0.017 		8.842
v 64.695 		-59.076 		8.892
v 64.835 		-5.873 		8.62
v 64.846 		-0.118 		8.892
v 59.188 		-64.82 		8.914
v 64.854 		-5.86 		8.62
v 64.838 		-0.105 		8.892
v 64.872 		-5.845 		8.62
v 64.89 		-5.83 		8.62
v 64.869 		-0.124 		8.868
v 64.836 		-5.875 		8.585
v 64.856 		-5.862 		8.585
v 64.861 		-0.109 		8.868
v 64.874 		-5.847 		8.585
v 64.891 		-5.831 		8.585
v 64.852 		-0.095 		8.868
v 64.841 		-0.082 		8.868
v 64.815 		-5.884 		8.62
v 64.816 		-5.886 		8.585
v 64.947 		-5.756 		8.55
v 64.957 		-5.735 		8.55
v 64.965 		-5.713 		8.55
v 64.972 		-5.69 		8.55
v 64.976 		-5.667 		8.55
v 59.213 		-64.833 		8.914
v 59.226 		-64.838 		8.914
v 59.239 		-64.841 		8.914
v 59.252 		-64.844 		8.914
v 59.142 		-64.808 		8.892
v 59.153 		-64.818 		8.892
v 59.165 		-64.828 		8.892
v 59.142 		-64.831 		8.868
v 59.205 		-64.85 		8.892
v 59.22 		-64.855 		8.892
v 59.235 		-64.859 		8.892
v 59.25 		-64.862 		8.892
v 59.214 		-64.872 		8.868
v 59.23 		-64.876 		8.868
v 59.247 		-64.88 		8.868
v 59.263 		-64.881 		8.868
v 59.21 		-64.887 		8.842
v 59.227 		-64.892 		8.842
v 59.244 		-64.895 		8.842
v 59.178 		-64.836 		8.892
v 59.192 		-64.844 		8.892
v 59.155 		-64.842 		8.868
v 59.169 		-64.851 		8.868
v 59.184 		-64.859 		8.868
v 59.199 		-64.866 		8.868
v 59.146 		-64.855 		8.842
v 59.161 		-64.865 		8.842
v 59.176 		-64.873 		8.842
v 59.193 		-64.881 		8.842
v 64.979 		-5.644 		8.55
v 59.026 		-59.14 		8.689
v 59.016 		-59.161 		8.689
v 64.908 		-5.815 		8.55
v 64.923 		-5.796 		8.55
v 59.009 		-59.182 		8.689
v 59.01 		-59.158 		8.655
v 64.936 		-5.777 		8.55
v 59.02 		-59.138 		8.655
v 64.816 		-5.887 		8.55
v 64.837 		-5.876 		8.55
v 64.856 		-5.863 		8.55
v 64.875 		-5.848 		8.55
v 64.892 		-5.832 		8.55
v 64.68 		-59.075 		8.892
v 59.003 		-59.203 		8.689
v 58.998 		-59.225 		8.689
v 58.996 		-59.248 		8.689
v 59.003 		-59.18 		8.655
v 64.722 		-59.006 		8.754
v 59.188 		-5.747 		8.934
v 59.198 		-5.754 		8.934
v 64.768 		-5.891 		8.689
v 64.77 		-5.897 		8.655
v 64.792 		-5.89 		8.655
v 64.772 		-5.902 		8.62
v 59.137 		-5.724 		8.914
v 64.793 		-5.894 		8.62
v 59.146 		-5.735 		8.914
v 64.772 		-5.904 		8.585
v 64.794 		-5.896 		8.585
v 59.155 		-5.745 		8.914
v 64.773 		-5.905 		8.55
v 64.795 		-5.897 		8.55
v 59.165 		-5.754 		8.914
v 64.701 		-59.004 		8.754
v 64.68 		-59.003 		8.754
v 64.766 		-59.006 		8.722
v 64.745 		-59 		8.722
v 64.723 		-58.996 		8.722
v 64.68 		-5.905 		8.689
v 64.702 		-5.904 		8.689
v 64.725 		-5.902 		8.689
v 64.747 		-5.897 		8.689
v 64.68 		-5.912 		8.655
v 64.703 		-5.911 		8.655
v 64.726 		-5.908 		8.655
v 64.748 		-5.904 		8.655
v 64.883 		-0.116 		8.842
v 64.875 		-0.101 		8.842
v 64.865 		-0.086 		8.842
v 64.68 		-5.916 		8.62
v 64.703 		-5.915 		8.62
v 64.726 		-5.913 		8.62
v 64.853 		-0.072 		8.842
v 64.749 		-5.908 		8.62
v 64.68 		-5.919 		8.585
v 64.703 		-5.918 		8.585
v 64.727 		-5.915 		8.585
v 64.75 		-5.911 		8.585
v 64.828 		-0.093 		8.892
v 64.818 		-0.082 		8.892
v 64.704 		-5.919 		8.55
v 64.807 		-0.072 		8.892
v 64.727 		-5.916 		8.55
v 64.83 		-0.07 		8.868
v 64.908 		-0.22 		8.842
v 64.907 		-0.202 		8.842
v 64.905 		-0.184 		8.842
v 64.902 		-0.167 		8.842
v 64.897 		-0.15 		8.842
v 59.142 		-5.758 		8.892
v 59.268 		-5.776 		8.934
v 59.28 		-5.777 		8.934
v 64.832 		-0.183 		8.934
v 64.848 		-0.166 		8.914
v 64.851 		-0.179 		8.914
v 59.266 		-5.796 		8.914
v 59.28 		-5.796 		8.914
v 64.854 		-0.192 		8.914
v 59.265 		-5.814 		8.892
v 64.843 		-0.153 		8.914
v 59.28 		-5.815 		8.892
v 59.28 		-5.832 		8.868
v 64.837 		-0.14 		8.914
v 59.28 		-5.848 		8.842
v 59.22 		-5.765 		8.934
v 59.232 		-5.769 		8.934
v 64.812 		-0.188 		8.951
v 59.243 		-5.772 		8.934
v 59.255 		-5.775 		8.934
v 64.81 		-0.178 		8.951
v 64.806 		-0.168 		8.951
v 64.801 		-0.158 		8.951
v 64.796 		-0.149 		8.951
v 59.2 		-5.777 		8.914
v 59.213 		-5.783 		8.914
v 59.226 		-5.788 		8.914
v 64.79 		-0.14 		8.951
v 59.239 		-5.791 		8.914
v 64.784 		-0.132 		8.951
v 59.252 		-5.794 		8.914
v 64.829 		-0.172 		8.934
v 64.825 		-0.16 		8.934
v 64.82 		-0.149 		8.934
v 64.814 		-0.138 		8.934
v 59.176 		-5.763 		8.914
v 59.188 		-5.77 		8.914
v 59.205 		-5.8 		8.892
v 59.22 		-5.805 		8.892
v 64.816 		-0.22 		8.951
v 64.816 		-0.209 		8.951
v 64.815 		-0.199 		8.951
v 59.235 		-5.809 		8.892
v 59.25 		-5.812 		8.892
v 59.214 		-5.822 		8.868
v 64.837 		-0.22 		8.934
v 64.836 		-0.208 		8.934
v 64.835 		-0.195 		8.934
v 64.856 		-0.206 		8.914
v 64.856 		-0.22 		8.914
v 59.153 		-5.768 		8.892
v 59.165 		-5.778 		8.892
v 59.178 		-5.786 		8.892
v 59.192 		-5.794 		8.892
v 59.142 		-5.781 		8.868
v 59.155 		-5.792 		8.868
v 59.169 		-5.801 		8.868
v 64.872 		-0.19 		8.892
v 64.702 		-58.994 		8.722
v 64.68 		-58.993 		8.722
v 64.869 		-0.175 		8.892
v 64.865 		-0.16 		8.892
v 64.755 		-59.039 		8.815
v 64.86 		-0.145 		8.892
v 64.737 		-59.034 		8.815
v 64.854 		-0.132 		8.892
v 64.718 		-59.03 		8.815
v 64.89 		-0.187 		8.868
v 64.886 		-0.17 		8.868
v 64.759 		-59.027 		8.785
v 64.74 		-59.021 		8.785
v 64.882 		-0.154 		8.868
v 64.72 		-59.017 		8.785
v 64.876 		-0.139 		8.868
v 64.699 		-59.028 		8.815
v 64.68 		-59.027 		8.815
v 59.262 		-64.897 		8.842
v 58.996 		-59.202 		8.655
v 58.992 		-59.224 		8.655
v 58.989 		-59.247 		8.655
v 59.28 		-64.913 		8.815
v 59.28 		-64.926 		8.785
v 59.28 		-64.937 		8.754
v 59.28 		-64.947 		8.722
v 59.137 		-64.866 		8.815
v 59.153 		-64.877 		8.815
v 59.17 		-64.886 		8.815
v 59.187 		-64.894 		8.815
v 59.146 		-64.888 		8.785
v 59.205 		-64.901 		8.815
v 59.223 		-64.906 		8.815
v 59.242 		-64.91 		8.815
v 59.006 		-59.157 		8.62
v 58.998 		-59.178 		8.62
v 59.004 		-59.156 		8.585
v 58.996 		-59.178 		8.585
v 58.989 		-59.2 		8.585
v 58.992 		-59.201 		8.62
v 58.987 		-59.224 		8.62
v 58.985 		-59.247 		8.62
v 58.985 		-59.223 		8.585
v 58.982 		-59.247 		8.585
v 58.995 		-59.27 		8.689
v 58.988 		-59.27 		8.655
v 58.984 		-59.27 		8.62
v 58.981 		-59.27 		8.585
v 59.003 		-59.155 		8.55
v 58.995 		-59.177 		8.55
v 58.988 		-59.2 		8.55
v 58.984 		-59.223 		8.55
v 58.981 		-59.246 		8.55
v 64.7 		-59.015 		8.785
v 64.68 		-59.014 		8.785
v 64.75 		-5.912 		8.55
v 64.763 		-59.016 		8.754
v 64.742 		-59.01 		8.754
v 64.891 		-0.133 		8.842
v 64.875 		-0.22 		8.892
v 64.874 		-0.205 		8.892
v 64.892 		-0.22 		8.868
v 64.891 		-0.203 		8.868
v 64.74 		-59.2 		8.978
v 64.734 		-59.195 		8.978
v 64.728 		-59.191 		8.978
v 64.904 		-0.127 		8.815
v 64.722 		-59.187 		8.978
v 64.715 		-59.184 		8.978
v 64.896 		-0.11 		8.815
v 64.916 		-0.122 		8.785
v 64.908 		-0.104 		8.785
v 64.898 		-0.086 		8.785
v 64.709 		-59.182 		8.978
v 64.927 		-0.118 		8.754
v 64.918 		-0.099 		8.754
v 64.908 		-0.08 		8.754
v 64.896 		-0.063 		8.754
v 64.936 		-0.114 		8.722
v 64.927 		-0.094 		8.722
v 64.916 		-0.075 		8.722
v 64.904 		-0.057 		8.722
v 64.865 		-0.062 		8.815
v 64.852 		-0.048 		8.815
v 59.261 		-64.912 		8.815
v 59.201 		-64.913 		8.785
v 59.22 		-64.919 		8.785
v 59.24 		-64.923 		8.785
v 59.26 		-64.925 		8.785
v 64.767 		-59.195 		8.966
v 64.761 		-59.189 		8.966
v 64.755 		-59.183 		8.966
v 64.747 		-59.177 		8.966
v 64.74 		-59.172 		8.966
v 64.732 		-59.168 		8.966
v 64.724 		-59.164 		8.966
v 64.838 		-0.035 		8.815
v 64.875 		-0.054 		8.785
v 64.707 		-59.158 		8.966
v 64.715 		-59.161 		8.966
v 64.861 		-0.039 		8.785
v 64.846 		-0.025 		8.785
v 64.823 		-0.024 		8.815
v 64.807 		-0.013 		8.815
v 64.79 		-0.004 		8.815
v 64.695 		-59.178 		8.978
v 64.702 		-59.18 		8.978
v 64.83 		-0.013 		8.785
v 64.814 		-0.002 		8.785
v 64.685 		-59.2 		8.988
v 64.687 		-59.178 		8.978
v 64.68 		-59.177 		8.978
v 64.887 		-0.093 		8.815
v 64.698 		-59.157 		8.966
v 64.689 		-59.156 		8.966
v 64.68 		-59.155 		8.966
v 64.876 		-0.077 		8.815
v 64.726 		-59.263 		8.994
v 64.726 		-59.259 		8.994
v 64.887 		-0.07 		8.785
v 64.72 		-59.245 		8.994
v 64.722 		-59.249 		8.994
v 64.725 		-59.255 		8.994
v 64.723 		-59.252 		8.994
v 64.749 		-59.259 		8.988
v 64.883 		-0.046 		8.754
v 64.869 		-0.031 		8.754
v 64.854 		-0.017 		8.754
v 64.837 		-0.004 		8.754
v 64.891 		-0.04 		8.722
v 64.876 		-0.024 		8.722
v 64.718 		-59.242 		8.994
v 64.86 		-0.009 		8.722
v 64.713 		-59.237 		8.994
v 64.71 		-59.234 		8.994
v 64.716 		-59.24 		8.994
v 64.708 		-59.232 		8.994
v 64.705 		-59.23 		8.994
v 64.92 		-0.182 		8.815
v 64.748 		-59.254 		8.988
v 64.916 		-0.163 		8.815
v 64.911 		-0.145 		8.815
v 64.747 		-59.248 		8.988
v 64.745 		-59.243 		8.988
v 64.742 		-59.238 		8.988
v 64.933 		-0.18 		8.785
v 64.929 		-0.16 		8.785
v 64.74 		-59.233 		8.988
v 64.923 		-0.141 		8.785
v 64.737 		-59.229 		8.988
v 64.73 		-59.22 		8.988
v 64.733 		-59.225 		8.988
v 64.923 		-0.22 		8.815
v 64.922 		-0.201 		8.815
v 64.936 		-0.22 		8.785
v 64.935 		-0.2 		8.785
v 64.944 		-0.178 		8.754
v 64.94 		-0.158 		8.754
v 64.934 		-0.137 		8.754
v 64.725 		-59.217 		8.988
v 64.954 		-0.177 		8.722
v 64.95 		-0.155 		8.722
v 64.944 		-0.134 		8.722
v 64.721 		-59.213 		8.988
v 64.717 		-59.21 		8.988
v 64.707 		-59.205 		8.988
v 64.712 		-59.208 		8.988
v 64.947 		-0.22 		8.754
v 64.946 		-0.199 		8.754
v 64.957 		-0.22 		8.722
v 64.956 		-0.198 		8.722
v 64.747 		-0.127 		8.966
v 64.74 		-0.122 		8.966
v 64.732 		-0.118 		8.966
v 64.766 		-59.235 		8.978
v 64.724 		-0.114 		8.966
v 64.763 		-59.228 		8.978
v 64.707 		-0.108 		8.966
v 64.715 		-0.111 		8.966
v 64.759 		-59.222 		8.978
v 64.755 		-59.216 		8.978
v 64.75 		-59.21 		8.978
v 64.746 		-59.204 		8.978
v 59.164 		-64.898 		8.785
v 59.182 		-64.906 		8.785
v 59.218 		-64.93 		8.754
v 59.238 		-64.934 		8.754
v 59.259 		-64.936 		8.754
v 59.215 		-64.94 		8.722
v 59.237 		-64.944 		8.722
v 59.258 		-64.946 		8.722
v 59.14 		-64.898 		8.754
v 59.159 		-64.908 		8.754
v 59.178 		-64.917 		8.754
v 59.197 		-64.924 		8.754
v 59.154 		-64.917 		8.722
v 59.174 		-64.926 		8.722
v 59.194 		-64.934 		8.722
v 64.68 		-0.127 		8.978
v 64.695 		-0.128 		8.978
v 64.687 		-0.128 		8.978
v 64.698 		-0.107 		8.966
v 64.689 		-0.106 		8.966
v 64.68 		-0.105 		8.966
v 64.713 		-0.187 		8.994
v 64.71 		-0.184 		8.994
v 64.718 		-0.192 		8.994
v 64.716 		-0.19 		8.994
v 64.708 		-0.182 		8.994
v 64.705 		-0.18 		8.994
v 64.742 		-0.188 		8.988
v 64.74 		-0.183 		8.988
v 59.184 		-5.809 		8.868
v 64.737 		-0.179 		8.988
v 59.199 		-5.816 		8.868
v 59.146 		-5.805 		8.842
v 64.73 		-0.17 		8.988
v 64.733 		-0.175 		8.988
v 64.725 		-0.167 		8.988
v 59.161 		-5.815 		8.842
v 59.176 		-5.823 		8.842
v 64.721 		-0.163 		8.988
v 64.717 		-0.16 		8.988
v 64.707 		-0.155 		8.988
v 64.712 		-0.158 		8.988
v 59.23 		-5.826 		8.868
v 59.247 		-5.83 		8.868
v 59.263 		-5.831 		8.868
v 64.766 		-0.185 		8.978
v 59.21 		-5.837 		8.842
v 59.227 		-5.842 		8.842
v 64.763 		-0.178 		8.978
v 64.759 		-0.172 		8.978
v 59.244 		-5.845 		8.842
v 59.262 		-5.847 		8.842
v 64.755 		-0.166 		8.978
v 64.75 		-0.16 		8.978
v 64.746 		-0.154 		8.978
v 64.74 		-0.15 		8.978
v 64.734 		-0.145 		8.978
v 64.728 		-0.141 		8.978
v 64.722 		-0.137 		8.978
v 64.715 		-0.134 		8.978
v 64.709 		-0.132 		8.978
v 59.114 		-64.772 		8.892
v 59.122 		-64.785 		8.892
v 59.132 		-64.797 		8.892
v 59.099 		-64.781 		8.868
v 64.767 		-0.145 		8.966
v 64.761 		-0.139 		8.966
v 59.108 		-64.795 		8.868
v 64.755 		-0.133 		8.966
v 59.119 		-64.808 		8.868
v 59.13 		-64.82 		8.868
v 59.077 		-64.774 		8.842
v 59.085 		-64.789 		8.842
v 59.095 		-64.804 		8.842
v 59.107 		-64.818 		8.842
v 59.119 		-64.831 		8.842
v 64.701 		-0.178 		8.994
v 64.695 		-0.175 		8.994
v 64.698 		-0.177 		8.994
v 64.691 		-0.174 		8.994
v 59.193 		-5.831 		8.842
v 64.68 		-0.173 		8.994
v 64.684 		-0.173 		8.994
v 64.687 		-0.174 		8.994
v 59.28 		-5.863 		8.815
v 64.702 		-0.153 		8.988
v 59.28 		-5.876 		8.785
v 59.28 		-5.887 		8.754
v 59.137 		-5.816 		8.815
v 64.696 		-0.152 		8.988
v 64.691 		-0.151 		8.988
v 64.685 		-0.15 		8.988
v 59.205 		-5.851 		8.815
v 59.223 		-5.856 		8.815
v 64.702 		-0.13 		8.978
v 59.242 		-5.86 		8.815
v 59.261 		-5.862 		8.815
v 59.201 		-5.863 		8.785
v 59.22 		-5.869 		8.785
v 59.24 		-5.873 		8.785
v 64.727 		-0.216 		8.994
v 64.704 		-0.22 		8.999
v 64.726 		-0.213 		8.994
v 59.26 		-5.875 		8.785
v 64.726 		-0.209 		8.994
v 64.72 		-0.195 		8.994
v 64.722 		-0.199 		8.994
v 64.725 		-0.205 		8.994
v 64.723 		-0.202 		8.994
v 59.153 		-5.827 		8.815
v 59.17 		-5.836 		8.815
v 64.75 		-0.215 		8.988
v 64.75 		-0.22 		8.988
v 64.749 		-0.209 		8.988
v 64.748 		-0.204 		8.988
v 64.747 		-0.198 		8.988
v 64.745 		-0.193 		8.988
v 59.28 		-0.127 		8.978
v 59.266 		-0.128 		8.978
v 59.273 		-0.128 		8.978
v 59.28 		-0.105 		8.966
v 59.271 		-0.106 		8.966
v 59.262 		-0.107 		8.966
v 59.253 		-0.108 		8.966
v 59.132 		-64.843 		8.842
v 59.064 		-64.78 		8.815
v 59.073 		-64.797 		8.815
v 59.084 		-64.813 		8.815
v 59.095 		-64.828 		8.815
v 59.052 		-64.786 		8.785
v 59.062 		-64.804 		8.785
v 59.073 		-64.82 		8.785
v 59.108 		-64.842 		8.815
v 64.703 		-0.218 		8.999
v 64.703 		-0.215 		8.999
v 64.702 		-0.213 		8.999
v 64.702 		-0.211 		8.999
v 64.701 		-0.209 		8.999
v 64.7 		-0.208 		8.999
v 64.699 		-0.206 		8.999
v 64.698 		-0.205 		8.999
v 64.697 		-0.203 		8.999
v 64.695 		-0.202 		8.999
v 64.694 		-0.201 		8.999
v 64.692 		-0.2 		8.999
v 64.691 		-0.199 		8.999
v 64.689 		-0.198 		8.999
v 64.687 		-0.198 		8.999
v 64.685 		-0.197 		8.999
v 64.682 		-0.197 		8.999
v 64.68 		-0.196 		8.999
v 64.684 		-0.197 		8.999
v 64.76 		-0.063 		8.914
v 64.747 		-0.057 		8.914
v 64.734 		-0.052 		8.914
v 64.721 		-0.049 		8.914
v 64.708 		-0.046 		8.914
v 64.68 		-0.063 		8.934
v 64.692 		-0.064 		8.934
v 64.694 		-0.044 		8.914
v 64.68 		-0.044 		8.914
v 64.76 		-0.11 		8.951
v 64.751 		-0.104 		8.951
v 64.742 		-0.099 		8.951
v 64.732 		-0.094 		8.951
v 64.722 		-0.09 		8.951
v 64.712 		-0.088 		8.951
v 64.762 		-0.086 		8.934
v 64.751 		-0.08 		8.934
v 64.74 		-0.075 		8.934
v 64.728 		-0.071 		8.934
v 64.717 		-0.068 		8.934
v 64.705 		-0.065 		8.934
v 64.772 		-64.685 		8.978
v 64.77 		-64.692 		8.978
v 64.768 		-64.699 		8.978
v 64.772 		-64.677 		8.978
v 64.773 		-64.67 		8.978
v 64.792 		-64.697 		8.966
v 64.701 		-0.085 		8.951
v 64.691 		-0.084 		8.951
v 64.702 		-59.263 		8.999
v 64.702 		-59.261 		8.999
v 64.701 		-59.259 		8.999
v 64.7 		-59.258 		8.999
v 64.699 		-59.256 		8.999
v 64.698 		-59.255 		8.999
v 64.697 		-59.253 		8.999
v 64.695 		-59.252 		8.999
v 64.694 		-59.251 		8.999
v 64.692 		-59.25 		8.999
v 64.691 		-59.249 		8.999
v 64.689 		-59.248 		8.999
v 64.687 		-59.248 		8.999
v 64.685 		-59.247 		8.999
v 64.682 		-59.247 		8.999
v 64.68 		-59.246 		8.999
v 64.684 		-59.247 		8.999
v 59.122 		-64.855 		8.815
v 59.085 		-64.836 		8.785
v 59.245 		-0.111 		8.966
v 59.099 		-64.851 		8.785
v 59.236 		-0.114 		8.966
v 59.114 		-64.865 		8.785
v 59.13 		-64.877 		8.785
v 59.228 		-0.118 		8.966
v 59.22 		-0.122 		8.966
v 59.213 		-0.127 		8.966
v 59.033 		-64.772 		8.754
v 59.042 		-64.791 		8.754
v 59.052 		-64.81 		8.754
v 59.064 		-64.827 		8.754
v 64.701 		-59.228 		8.994
v 59.024 		-64.776 		8.722
v 64.695 		-59.225 		8.994
v 59.033 		-64.796 		8.722
v 59.044 		-64.815 		8.722
v 64.698 		-59.227 		8.994
v 59.077 		-64.844 		8.754
v 59.187 		-5.844 		8.815
v 59.091 		-64.859 		8.754
v 59.106 		-64.873 		8.754
v 59.123 		-64.886 		8.754
v 59.146 		-5.838 		8.785
v 59.164 		-5.848 		8.785
v 59.084 		-64.866 		8.722
v 59.182 		-5.856 		8.785
v 59.1 		-64.881 		8.722
v 59.117 		-64.894 		8.722
v 59.218 		-5.88 		8.754
v 59.056 		-64.833 		8.722
v 59.238 		-5.884 		8.754
v 59.069 		-64.85 		8.722
v 59.259 		-5.886 		8.754
v 59.135 		-64.906 		8.722
v 59.14 		-5.848 		8.754
v 59.159 		-5.858 		8.754
v 59.178 		-5.867 		8.754
v 59.009 		-64.758 		8.689
v 59.197 		-5.874 		8.754
v 58.995 		-64.67 		8.689
v 58.996 		-64.692 		8.689
v 58.989 		-64.693 		8.655
v 58.988 		-64.67 		8.655
v 64.691 		-59.224 		8.994
v 64.68 		-59.223 		8.994
v 64.684 		-59.223 		8.994
v 64.687 		-59.224 		8.994
v 58.998 		-64.715 		8.689
v 59.003 		-64.737 		8.689
v 64.702 		-59.203 		8.988
v 58.992 		-64.716 		8.655
v 58.996 		-64.738 		8.655
v 59.003 		-64.76 		8.655
v 64.696 		-59.202 		8.988
v 58.984 		-64.67 		8.62
v 58.985 		-64.693 		8.62
v 64.691 		-59.201 		8.988
v 58.982 		-64.693 		8.585
v 58.981 		-64.67 		8.585
v 58.987 		-64.716 		8.62
v 58.992 		-64.739 		8.62
v 58.998 		-64.762 		8.62
v 58.985 		-64.717 		8.585
v 64.727 		-59.266 		8.994
v 64.704 		-59.27 		8.999
v 58.989 		-64.74 		8.585
v 58.996 		-64.762 		8.585
v 64.75 		-59.27 		8.988
v 64.75 		-59.265 		8.988
v 64.703 		-59.268 		8.999
v 64.703 		-59.265 		8.999
v 58.981 		-64.694 		8.55
v 58.984 		-64.717 		8.55
v 58.988 		-64.74 		8.55
v 58.995 		-64.763 		8.55
v 59.28 		-64.955 		8.689
v 59.28 		-64.962 		8.655
v 59.28 		-64.966 		8.62
v 59.28 		-64.969 		8.585
v 59.213 		-64.947 		8.689
v 59.235 		-64.952 		8.689
v 59.258 		-64.954 		8.689
v 59.212 		-64.954 		8.655
v 59.234 		-64.958 		8.655
v 59.257 		-64.961 		8.655
v 59.276 		-0.173 		8.994
v 59.273 		-0.174 		8.994
v 59.269 		-0.174 		8.994
v 59.266 		-0.175 		8.994
v 59.15 		-64.924 		8.689
v 59.171 		-64.934 		8.689
v 59.192 		-64.941 		8.689
v 59.168 		-64.94 		8.655
v 59.28 		-0.15 		8.988
v 59.275 		-0.15 		8.988
v 59.269 		-0.151 		8.988
v 59.264 		-0.152 		8.988
v 59.148 		-64.93 		8.655
v 59.154 		-5.867 		8.722
v 59.19 		-64.947 		8.655
v 59.174 		-5.876 		8.722
v 59.194 		-5.884 		8.722
v 59.211 		-64.958 		8.62
v 59.234 		-64.963 		8.62
v 59.215 		-5.89 		8.722
v 59.257 		-64.965 		8.62
v 59.237 		-5.894 		8.722
v 59.258 		-5.896 		8.722
v 59.21 		-64.961 		8.585
v 59.28 		-5.897 		8.722
v 59.233 		-64.965 		8.585
v 59.257 		-64.968 		8.585
v 59.125 		-5.645 		8.934
v 64.68 		-0.084 		8.951
v 59.131 		-5.668 		8.934
v 59.128 		-5.657 		8.934
v 59.135 		-5.68 		8.934
v 59.104 		-5.634 		8.914
v 64.755 		-0.04 		8.892
v 59.106 		-5.648 		8.914
v 64.74 		-0.035 		8.892
v 59.112 		-5.674 		8.914
v 59.109 		-5.661 		8.914
v 64.725 		-0.031 		8.892
v 64.71 		-0.028 		8.892
v 59.117 		-5.687 		8.914
v 64.761 		-0.024 		8.868
v 64.746 		-0.018 		8.868
v 64.73 		-0.014 		8.868
v 64.713 		-0.01 		8.868
v 64.767 		-0.009 		8.842
v 64.75 		-0.003 		8.842
v 59.123 		-5.7 		8.914
v 59.13 		-5.712 		8.914
v 59.28 		-0.196 		8.999
v 64.695 		-0.026 		8.892
v 64.68 		-0.025 		8.892
v 64.697 		-0.009 		8.868
v 64.68 		-0.008 		8.868
v 59.278 		-0.197 		8.999
v 59.275 		-0.197 		8.999
v 59.273 		-0.198 		8.999
v 59.271 		-0.198 		8.999
v 59.269 		-0.199 		8.999
v 59.268 		-0.2 		8.999
v 59.266 		-0.201 		8.999
v 59.265 		-0.202 		8.999
v 64.911 		-0.052 		8.689
v 64.897 		-0.035 		8.689
v 64.916 		-0.049 		8.655
v 64.902 		-0.031 		8.655
v 59.262 		-0.177 		8.994
v 59.259 		-0.178 		8.994
v 59.255 		-0.18 		8.994
v 64.944 		-0.111 		8.689
v 59.252 		-0.182 		8.994
v 64.934 		-0.09 		8.689
v 64.923 		-0.071 		8.689
v 64.95 		-0.108 		8.655
v 64.94 		-0.088 		8.655
v 64.929 		-0.068 		8.655
v 64.92 		-0.046 		8.62
v 64.905 		-0.028 		8.62
v 64.922 		-0.044 		8.585
v 64.935 		-0.064 		8.585
v 64.907 		-0.026 		8.585
v 64.962 		-0.128 		8.62
v 64.954 		-0.107 		8.62
v 64.944 		-0.085 		8.62
v 64.933 		-0.065 		8.62
v 64.956 		-0.106 		8.585
v 64.964 		-0.128 		8.585
v 64.946 		-0.084 		8.585
v 64.882 		-0.018 		8.689
v 64.865 		-0.003 		8.689
v 64.886 		-0.014 		8.655
v 64.89 		-0.01 		8.62
v 64.891 		-0.009 		8.585
v 64.962 		-0.175 		8.689
v 64.957 		-0.153 		8.689
v 64.951 		-0.132 		8.689
v 64.968 		-0.174 		8.655
v 64.964 		-0.152 		8.655
v 64.957 		-0.13 		8.655
v 64.965 		-0.22 		8.689
v 64.964 		-0.198 		8.689
v 64.972 		-0.22 		8.655
v 64.971 		-0.197 		8.655
v 64.976 		-0.22 		8.62
v 64.975 		-0.197 		8.62
v 64.973 		-0.174 		8.62
v 64.968 		-0.151 		8.62
v 64.76 		-59.16 		8.951
v 64.751 		-59.154 		8.951
v 64.979 		-0.22 		8.585
v 64.978 		-0.197 		8.585
v 64.742 		-59.149 		8.951
v 64.732 		-59.144 		8.951
v 64.975 		-0.173 		8.585
v 64.722 		-59.14 		8.951
v 64.712 		-59.138 		8.951
v 64.971 		-0.15 		8.585
v 64.965 		-0.127 		8.55
v 64.957 		-0.105 		8.55
v 64.947 		-0.084 		8.55
v 64.936 		-0.063 		8.55
v 64.923 		-59.121 		8.689
v 64.911 		-59.102 		8.689
v 64.923 		-0.044 		8.55
v 59.247 		-0.187 		8.994
v 59.244 		-0.19 		8.994
v 64.908 		-0.025 		8.55
v 59.25 		-0.184 		8.994
v 59.242 		-0.192 		8.994
v 59.258 		-0.153 		8.988
v 64.892 		-0.008 		8.55
v 59.243 		-0.16 		8.988
v 59.253 		-0.155 		8.988
v 64.979 		-0.196 		8.55
v 59.248 		-0.158 		8.988
v 64.976 		-0.173 		8.55
v 64.972 		-0.15 		8.55
v 59.239 		-0.163 		8.988
v 59.23 		-0.17 		8.988
v 59.235 		-0.167 		8.988
v 59.227 		-0.175 		8.988
v 64.897 		-59.085 		8.689
v 64.929 		-59.118 		8.655
v 59.223 		-0.179 		8.988
v 59.22 		-0.183 		8.988
v 64.916 		-59.099 		8.655
v 59.218 		-0.188 		8.988
v 64.902 		-59.081 		8.655
v 59.258 		-0.13 		8.978
v 64.944 		-59.135 		8.62
v 59.251 		-0.132 		8.978
v 64.933 		-59.115 		8.62
v 64.92 		-59.096 		8.62
v 64.905 		-59.078 		8.62
v 59.245 		-0.134 		8.978
v 64.946 		-59.134 		8.585
v 64.935 		-59.114 		8.585
v 64.922 		-59.094 		8.585
v 64.907 		-59.076 		8.585
v 59.145 		-64.934 		8.62
v 59.167 		-64.944 		8.62
v 59.086 		-5.635 		8.892
v 59.188 		-64.952 		8.62
v 59.088 		-5.65 		8.892
v 59.144 		-64.936 		8.585
v 59.166 		-64.946 		8.585
v 64.793 		-64.688 		8.966
v 59.188 		-64.954 		8.585
v 64.794 		-64.679 		8.966
v 64.795 		-64.67 		8.966
v 59.091 		-5.665 		8.892
v 59.095 		-5.68 		8.892
v 59.1 		-5.695 		8.892
v 59.144 		-64.937 		8.55
v 59.165 		-64.947 		8.55
v 59.187 		-64.955 		8.55
v 59.21 		-64.962 		8.55
v 59.233 		-64.966 		8.55
v 59.256 		-64.969 		8.55
v 59.016 		-64.779 		8.689
v 59.026 		-64.8 		8.689
v 59.037 		-64.819 		8.689
v 59.01 		-64.782 		8.655
v 59.02 		-64.802 		8.655
v 59.031 		-64.822 		8.655
v 59.049 		-64.838 		8.689
v 59.063 		-64.855 		8.689
v 59.078 		-64.872 		8.689
v 59.095 		-64.887 		8.689
v 59.044 		-64.841 		8.655
v 59.058 		-64.859 		8.655
v 59.074 		-64.876 		8.655
v 59.091 		-64.892 		8.655
v 59.016 		-64.805 		8.62
v 59.027 		-64.825 		8.62
v 59.014 		-64.806 		8.585
v 59.025 		-64.826 		8.585
v 59.04 		-64.844 		8.62
v 59.055 		-64.862 		8.62
v 59.07 		-64.88 		8.62
v 59.088 		-64.895 		8.62
v 59.038 		-64.846 		8.585
v 59.053 		-64.864 		8.585
v 59.069 		-64.881 		8.585
v 59.006 		-64.783 		8.62
v 59.004 		-64.784 		8.585
v 59.112 		-64.901 		8.689
v 59.131 		-64.913 		8.689
v 59.109 		-64.906 		8.655
v 59.238 		-0.137 		8.978
v 59.232 		-0.141 		8.978
v 59.074 		-5.67 		8.868
v 59.078 		-5.686 		8.868
v 59.226 		-0.145 		8.978
v 59.22 		-0.15 		8.978
v 59.214 		-0.154 		8.978
v 64.773 		-64.737 		8.966
v 59.21 		-0.16 		8.978
v 64.778 		-64.73 		8.966
v 64.782 		-64.722 		8.966
v 59.205 		-0.166 		8.978
v 64.786 		-64.714 		8.966
v 64.789 		-64.705 		8.966
v 59.201 		-0.172 		8.978
v 64.789 		-59.006 		8.689
v 64.768 		-58.999 		8.689
v 64.792 		-59 		8.655
v 59.07 		-5.653 		8.868
v 59.069 		-5.637 		8.868
v 59.205 		-0.133 		8.966
v 59.053 		-5.638 		8.842
v 59.055 		-5.656 		8.842
v 59.058 		-5.673 		8.842
v 64.77 		-58.993 		8.655
v 59.197 		-0.178 		8.978
v 59.194 		-0.185 		8.978
v 64.815 		-59.006 		8.62
v 64.793 		-58.996 		8.62
v 64.772 		-58.988 		8.62
v 59.192 		-0.191 		8.978
v 64.816 		-59.004 		8.585
v 64.794 		-58.994 		8.585
v 64.772 		-58.986 		8.585
v 59.199 		-0.139 		8.966
v 59.193 		-0.145 		8.966
v 59.187 		-0.153 		8.966
v 59.182 		-0.16 		8.966
v 64.882 		-59.068 		8.689
v 64.865 		-59.053 		8.689
v 64.848 		-59.039 		8.689
v 59.178 		-0.168 		8.966
v 64.886 		-59.064 		8.655
v 64.869 		-59.048 		8.655
v 59.174 		-0.176 		8.966
v 64.851 		-59.034 		8.655
v 64.832 		-59.021 		8.655
v 59.171 		-0.185 		8.966
v 64.829 		-59.027 		8.689
v 64.81 		-59.016 		8.689
v 64.812 		-59.01 		8.655
v 59.263 		-0.203 		8.999
v 59.262 		-0.205 		8.999
v 59.261 		-0.206 		8.999
v 59.26 		-0.208 		8.999
v 59.259 		-0.209 		8.999
v 59.258 		-0.211 		8.999
v 64.89 		-59.06 		8.62
v 59.258 		-0.213 		8.999
v 64.872 		-59.045 		8.62
v 64.854 		-59.03 		8.62
v 64.835 		-59.017 		8.62
v 64.891 		-59.059 		8.585
v 59.257 		-0.215 		8.999
v 64.856 		-59.028 		8.585
v 64.874 		-59.043 		8.585
v 59.257 		-0.218 		8.999
v 59.256 		-0.22 		8.999
v 64.836 		-59.015 		8.585
v 59.257 		-0.216 		8.999
v 59.24 		-0.195 		8.994
v 64.947 		-59.134 		8.55
v 64.936 		-59.113 		8.55
v 59.238 		-0.199 		8.994
v 64.923 		-59.094 		8.55
v 64.908 		-59.075 		8.55
v 59.235 		-0.205 		8.994
v 59.237 		-0.202 		8.994
v 64.892 		-59.058 		8.55
v 64.875 		-59.042 		8.55
v 64.856 		-59.027 		8.55
v 59.234 		-0.209 		8.994
v 59.233 		-0.22 		8.994
v 64.837 		-59.014 		8.55
v 59.233 		-0.216 		8.994
v 59.234 		-0.213 		8.994
v 64.816 		-59.003 		8.55
v 64.795 		-58.993 		8.55
v 64.773 		-58.985 		8.55
v 59.215 		-0.193 		8.988
v 59.213 		-0.198 		8.988
v 64.951 		-59.182 		8.689
v 64.944 		-59.161 		8.689
v 64.934 		-59.14 		8.689
v 59.212 		-0.204 		8.988
v 59.211 		-0.209 		8.988
v 59.21 		-0.215 		8.988
v 59.188 		-0.205 		8.978
v 59.19 		-0.198 		8.978
v 59.188 		-0.213 		8.978
v 59.187 		-0.22 		8.978
v 59.168 		-0.193 		8.966
v 59.167 		-0.202 		8.966
v 59.166 		-0.211 		8.966
v 59.165 		-0.22 		8.966
v 64.897 		-64.74 		8.842
v 64.902 		-64.723 		8.842
v 59.128 		-64.919 		8.655
v 64.905 		-64.706 		8.842
v 64.907 		-64.688 		8.842
v 64.908 		-64.67 		8.842
v 59.106 		-64.91 		8.62
v 59.125 		-64.923 		8.62
v 59.104 		-64.912 		8.585
v 64.835 		-64.695 		8.934
v 59.086 		-64.897 		8.585
v 64.836 		-64.682 		8.934
v 59.124 		-64.925 		8.585
v 64.837 		-64.67 		8.934
v 64.854 		-64.698 		8.914
v 64.856 		-64.684 		8.914
v 64.856 		-64.67 		8.914
v 59.003 		-64.785 		8.55
v 59.013 		-64.806 		8.55
v 59.024 		-64.827 		8.55
v 59.037 		-64.846 		8.55
v 59.052 		-64.865 		8.55
v 64.812 		-64.702 		8.951
v 59.068 		-64.882 		8.55
v 64.815 		-64.691 		8.951
v 64.816 		-64.681 		8.951
v 59.085 		-64.898 		8.55
v 59.104 		-64.913 		8.55
v 64.816 		-64.67 		8.951
v 59.123 		-64.926 		8.55
v 64.832 		-64.707 		8.934
v 64.837 		-64.75 		8.914
v 64.843 		-64.737 		8.914
v 64.848 		-64.724 		8.914
v 64.851 		-64.711 		8.914
v 64.784 		-64.758 		8.951
v 64.776 		-64.766 		8.951
v 64.79 		-64.75 		8.951
v 64.796 		-64.741 		8.951
v 64.801 		-64.732 		8.951
v 64.806 		-64.722 		8.951
v 64.81 		-64.712 		8.951
v 64.807 		-64.762 		8.934
v 64.814 		-64.752 		8.934
v 64.82 		-64.741 		8.934
v 59.28 		-0.084 		8.951
v 59.269 		-0.084 		8.951
v 59.28 		-0.063 		8.934
v 59.268 		-0.064 		8.934
v 59.266 		-0.044 		8.914
v 59.28 		-0.044 		8.914
v 59.28 		-0.025 		8.892
v 59.265 		-0.026 		8.892
v 59.28 		-0.008 		8.868
v 59.252 		-0.046 		8.914
v 59.063 		-5.69 		8.842
v 59.106 		-5.708 		8.892
v 59.114 		-5.722 		8.892
v 59.122 		-5.735 		8.892
v 59.132 		-5.747 		8.892
v 59.226 		-0.052 		8.914
v 59.239 		-0.049 		8.914
v 59.213 		-0.057 		8.914
v 59.2 		-0.063 		8.914
v 59.259 		-0.085 		8.951
v 59.248 		-0.088 		8.951
v 59.238 		-0.09 		8.951
v 59.084 		-5.701 		8.868
v 59.091 		-5.716 		8.868
v 59.099 		-5.731 		8.868
v 59.108 		-5.745 		8.868
v 64.957 		-59.18 		8.655
v 64.95 		-59.158 		8.655
v 59.119 		-5.758 		8.868
v 64.94 		-59.138 		8.655
v 64.964 		-59.248 		8.689
v 64.962 		-59.225 		8.689
v 59.077 		-5.724 		8.842
v 64.957 		-59.203 		8.689
v 59.085 		-5.739 		8.842
v 59.095 		-5.754 		8.842
v 64.971 		-59.247 		8.655
v 64.968 		-59.224 		8.655
v 64.964 		-59.202 		8.655
v 64.962 		-59.178 		8.62
v 64.954 		-59.157 		8.62
v 64.971 		-59.2 		8.585
v 64.964 		-59.178 		8.585
v 64.956 		-59.156 		8.585
v 64.975 		-59.247 		8.62
v 64.973 		-59.224 		8.62
v 64.968 		-59.201 		8.62
v 64.978 		-59.247 		8.585
v 64.975 		-59.223 		8.585
v 64.965 		-59.27 		8.689
v 64.972 		-59.27 		8.655
v 64.976 		-59.27 		8.62
v 64.979 		-59.27 		8.585
v 64.979 		-59.246 		8.55
v 64.976 		-59.223 		8.55
v 64.972 		-59.2 		8.55
v 64.965 		-59.177 		8.55
v 64.957 		-59.155 		8.55
v 64.747 		-58.993 		8.689
v 64.725 		-58.988 		8.689
v 64.702 		-58.986 		8.689
v 59.228 		-0.094 		8.951
v 64.68 		-58.985 		8.689
v 64.748 		-58.986 		8.655
v 59.218 		-0.099 		8.951
v 59.209 		-0.104 		8.951
v 64.726 		-58.982 		8.655
v 64.703 		-58.979 		8.655
v 59.2 		-0.11 		8.951
v 64.68 		-58.978 		8.655
v 59.255 		-0.065 		8.934
v 59.232 		-0.071 		8.934
v 59.243 		-0.068 		8.934
v 59.22 		-0.075 		8.934
v 59.209 		-0.08 		8.934
v 64.749 		-58.982 		8.62
v 64.726 		-58.977 		8.62
v 64.703 		-58.975 		8.62
v 64.68 		-58.974 		8.62
v 64.75 		-58.979 		8.585
v 64.727 		-58.975 		8.585
v 64.703 		-58.972 		8.585
v 64.68 		-58.971 		8.585
v 59.192 		-0.116 		8.951
v 59.069 		-5.707 		8.842
v 59.13 		-5.77 		8.868
v 59.107 		-5.768 		8.842
v 59.119 		-5.781 		8.842
v 59.132 		-5.793 		8.842
v 59.038 		-5.639 		8.815
v 59.04 		-5.658 		8.815
v 59.044 		-5.677 		8.815
v 59.049 		-5.695 		8.815
v 59.025 		-5.64 		8.785
v 59.027 		-5.66 		8.785
v 59.031 		-5.68 		8.785
v 59.056 		-5.713 		8.815
v 59.064 		-5.73 		8.815
v 59.073 		-5.747 		8.815
v 59.037 		-5.699 		8.785
v 59.044 		-5.718 		8.785
v 59.052 		-5.736 		8.785
v 59.062 		-5.754 		8.785
v 59.014 		-5.641 		8.754
v 59.016 		-5.662 		8.754
v 59.02 		-5.682 		8.754
v 59.01 		-5.685 		8.722
v 59.026 		-5.703 		8.754
v 59.033 		-5.722 		8.754
v 59.042 		-5.741 		8.754
v 59.052 		-5.76 		8.754
v 59.016 		-5.706 		8.722
v 59.024 		-5.726 		8.722
v 59.033 		-5.746 		8.722
v 59.004 		-5.642 		8.722
v 59.006 		-5.663 		8.722
v 59.084 		-5.763 		8.815
v 59.095 		-5.778 		8.815
v 59.108 		-5.792 		8.815
v 59.122 		-5.805 		8.815
v 59.073 		-5.77 		8.785
v 59.085 		-5.786 		8.785
v 59.099 		-5.801 		8.785
v 59.114 		-5.815 		8.785
v 59.13 		-5.827 		8.785
v 59.064 		-5.777 		8.754
v 59.077 		-5.794 		8.754
v 64.825 		-64.73 		8.934
v 64.829 		-64.718 		8.934
v 64.83 		-64.762 		8.914
v 59.184 		-0.124 		8.951
v 59.198 		-0.086 		8.934
v 59.188 		-0.093 		8.934
v 59.178 		-0.101 		8.934
v 59.169 		-0.109 		8.934
v 59.161 		-0.118 		8.934
v 59.153 		-0.128 		8.934
v 59.188 		-0.07 		8.914
v 59.176 		-0.077 		8.914
v 59.165 		-0.086 		8.914
v 59.155 		-0.095 		8.914
v 59.146 		-0.105 		8.914
v 59.137 		-0.116 		8.914
v 59.25 		-0.028 		8.892
v 59.235 		-0.031 		8.892
v 59.22 		-0.035 		8.892
v 59.205 		-0.04 		8.892
v 59.247 		-0.01 		8.868
v 59.263 		-0.009 		8.868
v 59.23 		-0.014 		8.868
v 59.214 		-0.018 		8.868
v 59.21 		-0.003 		8.842
v 59.192 		-0.046 		8.892
v 59.178 		-0.054 		8.892
v 59.165 		-0.062 		8.892
v 59.199 		-0.024 		8.868
v 59.184 		-0.031 		8.868
v 59.169 		-0.039 		8.868
v 59.155 		-0.048 		8.868
v 59.142 		-0.059 		8.868
v 59.193 		-0.009 		8.842
v 59.176 		-0.017 		8.842
v 59.161 		-0.025 		8.842
v 59.146 		-0.035 		8.842
v 59.153 		-0.072 		8.892
v 59.142 		-0.082 		8.892
v 64.872 		-64.7 		8.892
v 64.874 		-64.685 		8.892
v 64.875 		-64.67 		8.892
v 64.89 		-64.703 		8.868
v 64.891 		-64.687 		8.868
v 64.892 		-64.67 		8.868
v 64.854 		-64.758 		8.892
v 64.86 		-64.745 		8.892
v 64.865 		-64.73 		8.892
v 64.869 		-64.715 		8.892
v 64.869 		-64.766 		8.868
v 64.876 		-64.751 		8.868
v 64.882 		-64.736 		8.868
v 64.886 		-64.72 		8.868
v 64.891 		-64.757 		8.842
v 64.922 		-64.689 		8.815
v 64.923 		-64.67 		8.815
v 64.935 		-64.69 		8.785
v 64.936 		-64.67 		8.785
v 64.904 		-64.763 		8.815
v 64.911 		-64.745 		8.815
v 64.75 		-58.978 		8.55
v 64.727 		-58.974 		8.55
v 64.704 		-58.971 		8.55
v 59.091 		-5.809 		8.754
v 59.106 		-5.823 		8.754
v 64.916 		-64.727 		8.815
v 59.044 		-5.765 		8.722
v 59.056 		-5.783 		8.722
v 64.92 		-64.708 		8.815
v 64.916 		-64.768 		8.785
v 64.923 		-64.749 		8.785
v 64.929 		-64.73 		8.785
v 64.933 		-64.71 		8.785
v 64.946 		-64.691 		8.754
v 64.947 		-64.67 		8.754
v 64.956 		-64.692 		8.722
v 64.957 		-64.67 		8.722
v 64.934 		-64.753 		8.754
v 64.94 		-64.732 		8.754
v 64.944 		-64.712 		8.754
v 64.944 		-64.756 		8.722
v 64.95 		-64.735 		8.722
v 64.954 		-64.713 		8.722
v 64.768 		-64.774 		8.951
v 64.772 		-64.797 		8.934
v 64.782 		-64.789 		8.934
v 64.791 		-64.781 		8.934
v 64.799 		-64.772 		8.934
v 64.772 		-64.82 		8.914
v 64.784 		-64.813 		8.914
v 64.795 		-64.804 		8.914
v 64.805 		-64.795 		8.914
v 64.814 		-64.785 		8.914
v 64.823 		-64.774 		8.914
v 59.176 		-0.132 		8.951
v 59.17 		-0.14 		8.951
v 59.164 		-0.149 		8.951
v 59.159 		-0.158 		8.951
v 59.154 		-0.168 		8.951
v 64.838 		-64.785 		8.892
v 64.846 		-64.772 		8.892
v 64.841 		-64.808 		8.868
v 64.852 		-64.795 		8.868
v 64.861 		-64.781 		8.868
v 64.841 		-64.831 		8.842
v 64.853 		-64.818 		8.842
v 64.865 		-64.804 		8.842
v 64.875 		-64.789 		8.842
v 64.883 		-64.774 		8.842
v 59.069 		-5.8 		8.722
v 59.084 		-5.816 		8.722
v 59.15 		-0.178 		8.951
v 59.148 		-0.188 		8.951
v 59.123 		-5.836 		8.754
v 59.1 		-5.831 		8.722
v 59.117 		-5.844 		8.722
v 59.135 		-5.856 		8.722
v 64.795 		-64.828 		8.892
v 64.807 		-64.818 		8.892
v 64.818 		-64.808 		8.892
v 64.828 		-64.797 		8.892
v 64.818 		-64.831 		8.868
v 64.83 		-64.82 		8.868
v 64.782 		-64.836 		8.892
v 64.768 		-64.844 		8.892
v 64.776 		-64.859 		8.868
v 64.791 		-64.851 		8.868
v 64.805 		-64.842 		8.868
v 64.784 		-64.873 		8.842
v 64.799 		-64.865 		8.842
v 64.814 		-64.855 		8.842
v 64.828 		-64.843 		8.842
v 64.896 		-64.78 		8.815
v 64.898 		-64.804 		8.785
v 64.908 		-64.786 		8.785
v 64.908 		-64.81 		8.754
v 64.896 		-64.827 		8.754
v 64.918 		-64.791 		8.754
v 64.927 		-64.772 		8.754
v 64.904 		-64.833 		8.722
v 64.916 		-64.815 		8.722
v 64.927 		-64.796 		8.722
v 64.936 		-64.776 		8.722
v 64.865 		-64.828 		8.815
v 64.876 		-64.813 		8.815
v 64.887 		-64.797 		8.815
v 64.887 		-64.82 		8.785
v 58.995 		-5.62 		8.689
v 58.988 		-5.62 		8.655
v 58.984 		-5.62 		8.62
v 58.981 		-5.62 		8.585
v 59.15 		-5.874 		8.689
v 59.171 		-5.884 		8.689
v 59.148 		-5.88 		8.655
v 59.145 		-5.884 		8.62
v 59.144 		-5.886 		8.585
v 59.144 		-5.887 		8.55
v 59.28 		-5.905 		8.689
v 59.28 		-5.912 		8.655
v 59.28 		-5.916 		8.62
v 59.28 		-5.919 		8.585
v 59.213 		-5.897 		8.689
v 59.235 		-5.902 		8.689
v 59.258 		-5.904 		8.689
v 59.212 		-5.904 		8.655
v 59.234 		-5.908 		8.655
v 59.257 		-5.911 		8.655
v 59.192 		-5.891 		8.689
v 59.168 		-5.89 		8.655
v 59.19 		-5.897 		8.655
v 59.211 		-5.908 		8.62
v 59.234 		-5.913 		8.62
v 59.257 		-5.915 		8.62
v 59.21 		-5.911 		8.585
v 59.233 		-5.915 		8.585
v 59.257 		-5.918 		8.585
v 59.167 		-5.894 		8.62
v 59.188 		-5.902 		8.62
v 59.166 		-5.896 		8.585
v 59.188 		-5.904 		8.585
v 59.146 		-0.138 		8.934
v 59.14 		-0.149 		8.934
v 59.145 		-0.199 		8.951
v 59.144 		-0.209 		8.951
v 59.144 		-0.22 		8.951
v 59.17 		-0.004 		8.815
v 59.153 		-0.013 		8.815
v 59.137 		-0.024 		8.815
v 59.146 		-0.002 		8.785
v 59.13 		-0.128 		8.914
v 59.132 		-0.047 		8.842
v 59.119 		-0.059 		8.842
v 59.132 		-0.093 		8.892
v 59.122 		-0.105 		8.892
v 59.114 		-0.118 		8.892
v 59.13 		-0.07 		8.868
v 59.119 		-0.082 		8.868
v 64.838 		-64.855 		8.815
v 59.108 		-0.095 		8.868
v 59.099 		-0.109 		8.868
v 64.852 		-64.842 		8.815
v 59.091 		-0.124 		8.868
v 64.846 		-64.865 		8.785
v 59.107 		-0.072 		8.842
v 59.095 		-0.086 		8.842
v 64.861 		-64.851 		8.785
v 59.085 		-0.101 		8.842
v 64.875 		-64.836 		8.785
v 59.077 		-0.116 		8.842
v 64.773 		-64.894 		8.815
v 64.79 		-64.886 		8.815
v 64.807 		-64.877 		8.815
v 64.823 		-64.866 		8.815
v 59.135 		-0.16 		8.934
v 59.131 		-0.172 		8.934
v 59.128 		-0.183 		8.934
v 64.814 		-64.888 		8.785
v 64.83 		-64.877 		8.785
v 59.123 		-0.14 		8.914
v 59.117 		-0.153 		8.914
v 59.112 		-0.166 		8.914
v 59.109 		-0.179 		8.914
v 64.837 		-64.886 		8.754
v 59.106 		-0.192 		8.914
v 64.854 		-64.873 		8.754
v 64.869 		-64.859 		8.754
v 64.883 		-64.844 		8.754
v 64.843 		-64.894 		8.722
v 64.86 		-64.881 		8.722
v 64.876 		-64.866 		8.722
v 64.891 		-64.85 		8.722
v 59.125 		-0.195 		8.934
v 59.124 		-0.208 		8.934
v 59.123 		-0.22 		8.934
v 59.104 		-0.206 		8.914
v 64.778 		-64.906 		8.785
v 59.104 		-0.22 		8.914
v 64.796 		-64.898 		8.785
v 64.782 		-64.917 		8.754
v 64.801 		-64.908 		8.754
v 64.82 		-64.898 		8.754
v 59.106 		-0.132 		8.892
v 64.786 		-64.926 		8.722
v 59.1 		-0.145 		8.892
v 59.095 		-0.16 		8.892
v 64.806 		-64.917 		8.722
v 59.091 		-0.175 		8.892
v 64.825 		-64.906 		8.722
v 59.088 		-0.19 		8.892
v 59.165 		-5.897 		8.55
v 59.187 		-5.905 		8.55
v 59.21 		-5.912 		8.55
v 59.233 		-5.916 		8.55
v 59.256 		-5.919 		8.55
v 59.009 		-5.708 		8.689
v 59.016 		-5.729 		8.689
v 59.026 		-5.75 		8.689
v 59.084 		-0.139 		8.868
v 59.01 		-5.732 		8.655
v 59.078 		-0.154 		8.868
v 59.074 		-0.17 		8.868
v 59.02 		-5.752 		8.655
v 59.016 		-5.755 		8.62
v 59.014 		-5.756 		8.585
v 58.996 		-5.642 		8.689
v 58.998 		-5.665 		8.689
v 59.003 		-5.687 		8.689
v 59.07 		-0.187 		8.868
v 58.989 		-5.643 		8.655
v 58.992 		-5.666 		8.655
v 59.069 		-0.133 		8.842
v 59.063 		-0.15 		8.842
v 58.996 		-5.688 		8.655
v 59.003 		-5.71 		8.655
v 59.058 		-0.167 		8.842
v 59.055 		-0.184 		8.842
v 58.985 		-5.643 		8.62
v 58.987 		-5.666 		8.62
v 59.086 		-0.205 		8.892
v 58.992 		-5.689 		8.62
v 59.085 		-0.22 		8.892
v 59.069 		-0.203 		8.868
v 58.982 		-5.643 		8.585
v 58.985 		-5.667 		8.585
v 59.068 		-0.22 		8.868
v 58.989 		-5.69 		8.585
v 59.053 		-0.202 		8.842
v 59.052 		-0.22 		8.842
v 58.998 		-5.712 		8.62
v 59.006 		-5.733 		8.62
v 58.996 		-5.712 		8.585
v 59.122 		-0.035 		8.815
v 59.004 		-5.734 		8.585
v 59.108 		-0.048 		8.815
v 59.095 		-0.062 		8.815
v 59.037 		-5.769 		8.689
v 59.049 		-5.788 		8.689
v 59.13 		-0.013 		8.785
v 59.114 		-0.025 		8.785
v 59.063 		-5.805 		8.689
v 59.078 		-5.822 		8.689
v 59.099 		-0.039 		8.785
v 59.031 		-5.772 		8.655
v 59.085 		-0.054 		8.785
v 59.044 		-5.791 		8.655
v 59.058 		-5.809 		8.655
v 59.084 		-0.077 		8.815
v 59.073 		-0.093 		8.815
v 59.095 		-5.837 		8.689
v 59.064 		-0.11 		8.815
v 59.112 		-5.851 		8.689
v 59.056 		-0.127 		8.815
v 59.073 		-0.07 		8.785
v 59.131 		-5.863 		8.689
v 59.062 		-0.086 		8.785
v 59.052 		-0.104 		8.785
v 59.074 		-5.826 		8.655
v 59.044 		-0.122 		8.785
v 59.091 		-5.842 		8.655
v 59.109 		-5.856 		8.655
v 59.128 		-5.869 		8.655
v 59.123 		-0.004 		8.754
v 59.106 		-0.017 		8.754
v 59.027 		-5.775 		8.62
v 59.04 		-5.794 		8.62
v 59.091 		-0.031 		8.754
v 59.077 		-0.046 		8.754
v 59.055 		-5.812 		8.62
v 59.1 		-0.009 		8.722
v 59.025 		-5.776 		8.585
v 59.084 		-0.024 		8.722
v 59.038 		-5.796 		8.585
v 59.064 		-0.063 		8.754
v 59.069 		-0.04 		8.722
v 59.056 		-0.057 		8.722
v 59.052 		-0.08 		8.754
v 59.042 		-0.099 		8.754
v 59.033 		-0.118 		8.754
v 59.044 		-0.075 		8.722
v 59.033 		-0.094 		8.722
v 59.053 		-5.814 		8.585
v 64.713 		-64.703 		8.994
v 64.716 		-64.7 		8.994
v 64.718 		-64.698 		8.994
v 64.722 		-64.691 		8.994
v 64.725 		-64.685 		8.994
v 64.72 		-64.695 		8.994
v 64.723 		-64.688 		8.994
v 59.07 		-5.83 		8.62
v 59.088 		-5.845 		8.62
v 59.106 		-5.86 		8.62
v 59.125 		-5.873 		8.62
v 59.069 		-5.831 		8.585
v 59.104 		-5.862 		8.585
v 59.086 		-5.847 		8.585
v 59.124 		-5.875 		8.585
v 64.726 		-64.681 		8.994
v 64.727 		-64.67 		8.994
v 64.704 		-64.67 		8.999
v 64.727 		-64.674 		8.994
v 64.726 		-64.677 		8.994
v 64.745 		-64.697 		8.988
v 64.747 		-64.692 		8.988
v 64.742 		-64.702 		8.988
v 64.748 		-64.686 		8.988
v 64.749 		-64.681 		8.988
v 64.75 		-64.675 		8.988
v 58.981 		-5.644 		8.55
v 58.984 		-5.667 		8.55
v 58.988 		-5.69 		8.55
v 58.995 		-5.713 		8.55
v 59.003 		-5.735 		8.55
v 59.013 		-5.756 		8.55
v 59.024 		-5.777 		8.55
v 59.037 		-5.796 		8.55
v 59.052 		-5.815 		8.55
v 59.068 		-5.832 		8.55
v 59.085 		-5.848 		8.55
v 59.104 		-5.863 		8.55
v 59.123 		-5.876 		8.55
v 64.68 		-64.694 		8.999
v 64.682 		-64.693 		8.999
v 64.685 		-64.693 		8.999
v 64.687 		-64.692 		8.999
v 64.689 		-64.692 		8.999
v 64.691 		-64.691 		8.999
v 64.692 		-64.69 		8.999
v 64.694 		-64.689 		8.999
v 64.695 		-64.688 		8.999
v 64.697 		-64.687 		8.999
v 64.698 		-64.685 		8.999
v 64.699 		-64.684 		8.999
v 64.7 		-64.682 		8.999
v 64.701 		-64.681 		8.999
v 64.702 		-64.679 		8.999
v 59.28 		-59.134 		8.951
v 59.269 		-59.134 		8.951
v 59.28 		-59.113 		8.934
v 59.268 		-59.114 		8.934
v 59.266 		-59.094 		8.914
v 59.28 		-59.094 		8.914
v 59.28 		-59.075 		8.892
v 59.265 		-59.076 		8.892
v 59.28 		-59.058 		8.868
v 59.28 		-59.042 		8.842
v 59.259 		-59.135 		8.951
v 59.255 		-59.115 		8.934
v 59.232 		-59.121 		8.934
v 59.243 		-59.118 		8.934
v 59.22 		-59.125 		8.934
v 59.209 		-59.13 		8.934
v 59.252 		-59.096 		8.914
v 59.226 		-59.102 		8.914
v 59.239 		-59.099 		8.914
v 59.213 		-59.107 		8.914
v 59.2 		-59.113 		8.914
v 59.188 		-59.12 		8.914
v 59.176 		-59.127 		8.914
v 59.247 		-59.06 		8.868
v 64.702 		-64.677 		8.999
v 64.703 		-64.675 		8.999
v 64.703 		-64.672 		8.999
v 64.703 		-64.674 		8.999
v 64.705 		-64.71 		8.994
v 64.708 		-64.708 		8.994
v 64.71 		-64.706 		8.994
v 64.707 		-64.735 		8.988
v 64.712 		-64.732 		8.988
v 64.717 		-64.73 		8.988
v 64.721 		-64.727 		8.988
v 64.73 		-64.72 		8.988
v 64.725 		-64.723 		8.988
v 64.733 		-64.715 		8.988
v 64.737 		-64.711 		8.988
v 64.74 		-64.707 		8.988
v 64.709 		-64.758 		8.978
v 64.715 		-64.756 		8.978
v 64.722 		-64.753 		8.978
v 64.728 		-64.749 		8.978
v 64.734 		-64.745 		8.978
v 64.74 		-64.74 		8.978
v 64.746 		-64.736 		8.978
v 64.75 		-64.73 		8.978
v 64.755 		-64.724 		8.978
v 64.759 		-64.718 		8.978
v 64.763 		-64.712 		8.978
v 64.766 		-64.705 		8.978
v 64.74 		-64.768 		8.966
v 64.747 		-64.763 		8.966
v 64.755 		-64.757 		8.966
v 64.761 		-64.751 		8.966
v 64.767 		-64.745 		8.966
v 64.684 		-64.717 		8.994
v 64.687 		-64.716 		8.994
v 64.691 		-64.716 		8.994
v 64.701 		-64.712 		8.994
v 64.695 		-64.715 		8.994
v 64.698 		-64.713 		8.994
v 64.685 		-64.74 		8.988
v 64.68 		-64.74 		8.988
v 64.691 		-64.739 		8.988
v 64.696 		-64.738 		8.988
v 64.702 		-64.737 		8.988
v 64.68 		-64.763 		8.978
v 64.687 		-64.762 		8.978
v 64.695 		-64.762 		8.978
v 64.702 		-64.76 		8.978
v 64.707 		-64.782 		8.966
v 64.715 		-64.779 		8.966
v 64.724 		-64.776 		8.966
v 64.732 		-64.772 		8.966
v 64.68 		-64.785 		8.966
v 64.689 		-64.784 		8.966
v 64.698 		-64.783 		8.966
v 64.712 		-64.802 		8.951
v 64.722 		-64.8 		8.951
v 64.732 		-64.796 		8.951
v 64.742 		-64.791 		8.951
v 64.751 		-64.786 		8.951
v 64.76 		-64.78 		8.951
v 64.705 		-64.825 		8.934
v 64.728 		-64.819 		8.934
v 64.717 		-64.822 		8.934
v 64.74 		-64.815 		8.934
v 64.751 		-64.81 		8.934
v 64.762 		-64.804 		8.934
v 64.76 		-64.827 		8.914
v 64.68 		-64.806 		8.951
v 64.691 		-64.806 		8.951
v 64.701 		-64.805 		8.951
v 64.68 		-64.827 		8.934
v 64.692 		-64.826 		8.934
v 64.694 		-64.846 		8.914
v 64.68 		-64.846 		8.914
v 64.708 		-64.844 		8.914
v 64.734 		-64.838 		8.914
v 64.721 		-64.841 		8.914
v 64.747 		-64.833 		8.914
v 64.71 		-64.862 		8.892
v 64.725 		-64.859 		8.892
v 64.74 		-64.855 		8.892
v 64.755 		-64.85 		8.892
v 64.713 		-64.88 		8.868
v 64.73 		-64.876 		8.868
v 64.746 		-64.872 		8.868
v 64.761 		-64.866 		8.868
v 64.716 		-64.895 		8.842
v 64.733 		-64.892 		8.842
v 64.75 		-64.887 		8.842
v 64.767 		-64.881 		8.842
v 64.68 		-64.865 		8.892
v 64.695 		-64.864 		8.892
v 64.68 		-64.882 		8.868
v 64.697 		-64.881 		8.868
v 64.68 		-64.898 		8.842
v 64.698 		-64.897 		8.842
v 64.718 		-64.91 		8.815
v 64.737 		-64.906 		8.815
v 64.755 		-64.901 		8.815
v 64.72 		-64.923 		8.785
v 64.74 		-64.919 		8.785
v 64.759 		-64.913 		8.785
v 64.68 		-64.913 		8.815
v 64.699 		-64.912 		8.815
v 64.68 		-64.926 		8.785
v 64.7 		-64.925 		8.785
v 64.722 		-64.934 		8.754
v 64.742 		-64.93 		8.754
v 64.763 		-64.924 		8.754
v 64.723 		-64.944 		8.722
v 64.745 		-64.94 		8.722
v 64.766 		-64.934 		8.722
v 64.68 		-64.937 		8.754
v 64.701 		-64.936 		8.754
v 64.68 		-64.947 		8.722
v 64.702 		-64.946 		8.722
v 64.964 		-64.692 		8.689
v 64.965 		-64.67 		8.689
v 64.971 		-64.693 		8.655
v 64.972 		-64.67 		8.655
# 5138 vertices

g group_0_15277357

usemtl color_15277357
s 0

f 5 	2 	1
f 1 	4 	5
f 2 	5 	6
f 28 	29 	30
f 28 	30 	31
f 32 	33 	31
f 28 	31 	33
f 37 	38 	35
f 36 	37 	35
f 34 	35 	38
f 39 	34 	38
f 51 	50 	319
f 50 	49 	319
f 47 	46 	319
f 48 	47 	319
f 46 	45 	319
f 366 	367 	45
f 360 	363 	45
f 86 	616 	40
f 58 	57 	40
f 56 	40 	57
f 44 	40 	45
f 357 	360 	40
f 45 	40 	360
f 363 	366 	45
f 367 	319 	45
f 40 	55 	41
f 55 	40 	56
f 44 	59 	40
f 58 	40 	59
f 49 	48 	319
f 76 	75 	32
f 64 	40 	63
f 64 	98 	40
f 92 	40 	93
f 91 	40 	92
f 32 	63 	40
f 65 	74 	32
f 72 	71 	32
f 70 	32 	71
f 70 	69 	32
f 68 	67 	32
f 31 	624 	32
f 82 	32 	83
f 81 	32 	82
f 80 	32 	81
f 80 	79 	32
f 78 	77 	32
f 66 	32 	67
f 68 	32 	69
f 72 	32 	73
f 73 	32 	74
f 63 	32 	75
f 76 	32 	77
f 78 	32 	79
f 66 	84 	32
f 83 	32 	84
f 91 	90 	40
f 85 	616 	86
f 86 	40 	87
f 87 	40 	88
f 88 	40 	89
f 89 	40 	90
f 40 	94 	93
f 94 	40 	95
f 95 	40 	96
f 96 	40 	97
f 98 	97 	40
f 2 	6 	3
f 101 	102 	100
f 101 	100 	99
f 101 	113 	102
f 4 	103 	104
f 103 	107 	104
f 103 	106 	107
f 4 	104 	5
f 105 	6 	5
f 5 	104 	105
f 6 	105 	99
f 105 	101 	99
f 104 	107 	108
f 110 	108 	107
f 105 	104 	108
f 105 	108 	101
f 110 	107 	106
f 106 	109 	110
f 110 	111 	108
f 112 	101 	108
f 108 	111 	112
f 113 	101 	112
f 114 	117 	118
f 114 	118 	115
f 115 	119 	116
f 115 	118 	119
f 116 	119 	4
f 116 	4 	1
f 126 	103 	119
f 120 	122 	123
f 120 	123 	121
f 121 	117 	114
f 121 	123 	117
f 122 	131 	123
f 124 	125 	117
f 118 	117 	125
f 118 	125 	126
f 118 	126 	119
f 119 	103 	4
f 127 	128 	125
f 127 	125 	124
f 126 	125 	129
f 128 	129 	125
f 126 	129 	106
f 166 	109 	129
f 126 	106 	103
f 127 	165 	128
f 131 	122 	130
f 117 	123 	124
f 131 	124 	123
f 130 	133 	132
f 130 	132 	131
f 131 	132 	127
f 131 	127 	124
f 163 	132 	133
f 4828 	135 	120
f 122 	120 	135
f 134 	136 	137
f 136 	139 	137
f 134 	137 	135
f 122 	135 	137
f 138 	139 	136
f 137 	139 	130
f 139 	133 	130
f 139 	140 	133
f 137 	130 	122
f 138 	140 	139
f 141 	136 	134
f 141 	143 	136
f 142 	151 	143
f 144 	149 	150
f 144 	150 	146
f 145 	149 	144
f 145 	148 	149
f 146 	142 	147
f 146 	150 	142
f 147 	142 	143
f 150 	158 	142
f 151 	142 	158
f 147 	143 	141
f 157 	149 	148
f 149 	158 	150
f 152 	143 	151
f 143 	152 	138
f 143 	138 	136
f 151 	154 	152
f 151 	153 	154
f 152 	154 	138
f 155 	138 	154
f 155 	140 	138
f 148 	156 	157
f 156 	160 	157
f 156 	159 	160
f 158 	149 	157
f 160 	161 	158
f 160 	158 	157
f 161 	153 	158
f 151 	158 	153
f 160 	420 	161
f 133 	140 	162
f 133 	162 	163
f 164 	127 	132
f 163 	164 	132
f 165 	127 	164
f 129 	128 	166
f 128 	165 	166
f 106 	129 	109
f 167 	168 	169
f 167 	169 	170
f 171 	172 	173
f 171 	173 	174
f 175 	176 	177
f 681 	178 	1139
f 187 	337 	180
f 185 	335 	187
f 232 	231 	177
f 180 	338 	181
f 181 	616 	85
f 43 	332 	184
f 184 	334 	185
f 183 	182 	177
f 188 	186 	177
f 191 	189 	177
f 193 	39 	41
f 193 	202 	39
f 212 	210 	39
f 208 	206 	39
f 40 	41 	39
f 194 	192 	177
f 192 	191 	177
f 196 	222 	39
f 200 	198 	39
f 195 	194 	177
f 202 	200 	39
f 197 	195 	177
f 179 	201 	177
f 199 	177 	201
f 39 	206 	204
f 208 	39 	210
f 207 	205 	177
f 203 	177 	205
f 177 	209 	207
f 212 	39 	214
f 177 	211 	209
f 214 	39 	216
f 221 	220 	39
f 215 	213 	177
f 213 	211 	177
f 216 	39 	218
f 218 	39 	219
f 219 	39 	220
f 198 	196 	39
f 221 	39 	222
f 189 	188 	177
f 186 	183 	177
f 182 	217 	177
f 217 	215 	177
f 190 	39 	224
f 224 	39 	226
f 204 	228 	39
f 179 	177 	225
f 226 	39 	228
f 227 	225 	177
f 65 	32 	624
f 230 	229 	177
f 229 	227 	177
f 231 	230 	177
f 52 	51 	319
f 232 	177 	233
f 234 	233 	177
f 236 	34 	235
f 237 	34 	236
f 234 	177 	238
f 239 	34 	237
f 240 	34 	239
f 242 	34 	241
f 243 	34 	242
f 244 	34 	243
f 240 	241 	34
f 245 	34 	244
f 246 	34 	245
f 247 	34 	246
f 251 	252 	34
f 34 	252 	253
f 249 	34 	248
f 250 	34 	249
f 247 	248 	34
f 251 	34 	250
f 254 	34 	253
f 256 	34 	255
f 257 	34 	256
f 254 	255 	34
f 31 	34 	258
f 262 	31 	261
f 264 	31 	263
f 265 	31 	264
f 266 	31 	265
f 268 	31 	267
f 269 	31 	268
f 267 	31 	266
f 270 	31 	269
f 271 	31 	270
f 272 	31 	271
f 273 	31 	272
f 275 	31 	274
f 276 	31 	275
f 277 	31 	276
f 274 	31 	273
f 278 	31 	277
f 279 	31 	278
f 280 	31 	279
f 290 	235 	655
f 656 	655 	235
f 657 	656 	235
f 772 	771 	235
f 658 	657 	235
f 773 	772 	235
f 34 	773 	235
f 660 	659 	235
f 294 	319 	293
f 295 	319 	294
f 296 	319 	295
f 297 	319 	296
f 306 	291 	652
f 291 	292 	652
f 283 	284 	652
f 281 	282 	652
f 284 	285 	652
f 285 	286 	652
f 654 	653 	288
f 653 	652 	286
f 287 	288 	653
f 655 	654 	288
f 286 	287 	653
f 309 	319 	308
f 310 	319 	309
f 311 	319 	310
f 312 	319 	311
f 313 	319 	312
f 314 	319 	313
f 315 	319 	314
f 316 	319 	315
f 317 	319 	316
f 318 	319 	317
f 293 	319 	318
f 321 	622 	320
f 322 	622 	321
f 323 	622 	322
f 320 	622 	280
f 324 	622 	323
f 339 	622 	325
f 325 	622 	324
f 330 	43 	329
f 331 	43 	330
f 332 	43 	331
f 328 	329 	622
f 337 	187 	336
f 615 	181 	338
f 338 	180 	337
f 340 	622 	339
f 341 	622 	340
f 342 	622 	341
f 345 	622 	344
f 345 	326 	622
f 326 	327 	622
f 622 	327 	328
f 336 	187 	335
f 335 	185 	334
f 347 	40 	346
f 348 	40 	347
f 238 	177 	351
f 349 	40 	348
f 352 	40 	350
f 351 	177 	353
f 353 	177 	355
f 357 	40 	354
f 54 	53 	319
f 362 	365 	358
f 42 	62 	319
f 307 	319 	367
f 307 	308 	319
f 62 	61 	319
f 376 	168 	369
f 369 	168 	368
f 372 	168 	373
f 155 	438 	140
f 375 	140 	438
f 376 	374 	168
f 375 	162 	140
f 377 	168 	378
f 380 	379 	168
f 378 	168 	379
f 381 	380 	168
f 383 	168 	384
f 374 	373 	168
f 168 	372 	385
f 385 	384 	168
f 387 	386 	168
f 168 	389 	388
f 391 	390 	168
f 389 	168 	390
f 392 	391 	168
f 394 	393 	168
f 393 	392 	168
f 396 	395 	168
f 395 	394 	168
f 383 	381 	168
f 397 	168 	377
f 396 	168 	397
f 398 	413 	168
f 400 	168 	401
f 402 	401 	168
f 402 	168 	403
f 404 	403 	168
f 388 	387 	168
f 386 	405 	168
f 405 	404 	168
f 490 	561 	1085
f 408 	407 	168
f 409 	408 	168
f 411 	410 	168
f 410 	409 	168
f 412 	411 	168
f 177 	176 	361
f 359 	177 	361
f 159 	382 	160
f 416 	160 	382
f 414 	1077 	415
f 364 	176 	414
f 420 	160 	416
f 415 	1076 	417
f 417 	1075 	418
f 418 	1074 	419
f 419 	1073 	421
f 421 	1072 	422
f 422 	1071 	423
f 423 	1070 	424
f 424 	1069 	425
f 161 	426 	153
f 425 	1068 	427
f 427 	1067 	428
f 428 	1066 	429
f 161 	420 	426
f 153 	426 	432
f 429 	1079 	430
f 430 	1078 	431
f 431 	1092 	433
f 433 	1091 	434
f 153 	432 	154
f 434 	1090 	435
f 154 	438 	155
f 435 	1089 	436
f 436 	1088 	437
f 154 	432 	438
f 437 	1087 	439
f 439 	1086 	440
f 440 	1084 	441
f 443 	1085 	444
f 1085 	446 	445
f 447 	1085 	448
f 449 	1085 	450
f 1125 	1124 	483
f 453 	1085 	454
f 454 	1085 	456
f 456 	1085 	458
f 458 	1085 	459
f 1126 	1125 	481
f 481 	482 	1126
f 1127 	1126 	482
f 482 	489 	1127
f 489 	488 	1127
f 486 	498 	1085
f 498 	497 	1085
f 460 	491 	469
f 485 	491 	460
f 5130 	5129 	145
f 484 	483 	1124
f 470 	484 	1123
f 471 	470 	1122
f 455 	480 	457
f 1122 	1121 	471
f 497 	496 	1085
f 455 	479 	480
f 1085 	1127 	488
f 457 	480 	485
f 463 	1085 	464
f 494 	493 	1085
f 464 	1085 	465
f 457 	485 	460
f 557 	556 	1085
f 556 	466 	1085
f 469 	491 	148
f 559 	558 	1085
f 561 	560 	1085
f 495 	494 	1085
f 493 	492 	1085
f 492 	490 	1085
f 491 	156 	148
f 560 	559 	1085
f 558 	557 	1085
f 465 	1085 	466
f 469 	148 	145
f 478 	477 	1134
f 506 	478 	1133
f 1133 	1132 	506
f 1121 	1120 	472
f 472 	471 	1121
f 473 	472 	1120
f 491 	525 	156
f 1120 	1119 	473
f 1119 	1137 	474
f 474 	473 	1119
f 475 	474 	1137
f 1137 	1136 	475
f 480 	479 	517
f 514 	517 	479
f 476 	475 	1136
f 480 	519 	485
f 1134 	1133 	478
f 1135 	1134 	477
f 477 	476 	1135
f 1136 	1135 	476
f 522 	521 	681
f 519 	480 	517
f 523 	522 	681
f 485 	519 	525
f 524 	523 	681
f 524 	681 	526
f 519 	547 	525
f 519 	538 	547
f 526 	681 	527
f 485 	525 	491
f 527 	681 	528
f 528 	681 	529
f 530 	529 	681
f 531 	530 	681
f 532 	531 	681
f 537 	534 	681
f 532 	681 	533
f 533 	681 	534
f 517 	514 	536
f 535 	536 	514
f 517 	536 	538
f 537 	681 	539
f 541 	540 	681
f 540 	539 	681
f 542 	541 	681
f 517 	538 	519
f 544 	681 	545
f 546 	681 	548
f 545 	681 	546
f 159 	525 	547
f 549 	681 	550
f 382 	159 	547
f 570 	168 	552
f 159 	156 	525
f 556 	555 	168
f 536 	535 	708
f 168 	407 	556
f 555 	554 	168
f 407 	406 	556
f 406 	468 	556
f 467 	466 	556
f 563 	169 	564
f 564 	169 	565
f 565 	169 	567
f 569 	568 	168
f 568 	567 	168
f 554 	553 	168
f 553 	552 	168
f 570 	569 	168
f 572 	571 	169
f 574 	169 	575
f 577 	576 	169
f 579 	578 	169
f 581 	169 	582
f 584 	583 	169
f 583 	582 	169
f 585 	169 	586
f 587 	169 	588
f 574 	572 	169
f 571 	589 	169
f 589 	588 	169
f 551 	681 	590
f 590 	681 	591
f 591 	681 	592
f 595 	681 	596
f 596 	681 	597
f 599 	169 	600
f 601 	169 	602
f 603 	169 	604
f 604 	169 	606
f 609 	608 	169
f 608 	607 	169
f 566 	610 	573
f 587 	586 	169
f 585 	584 	169
f 611 	169 	581
f 609 	169 	611
f 605 	610 	566
f 606 	169 	607
f 603 	602 	169
f 601 	600 	169
f 598 	681 	599
f 597 	681 	598
f 594 	681 	595
f 593 	681 	594
f 592 	681 	593
f 468 	467 	556
f 168 	567 	169
f 562 	169 	563
f 562 	579 	169
f 578 	577 	169
f 576 	575 	169
f 1123 	1122 	470
f 1124 	1123 	484
f 483 	481 	1125
f 462 	1085 	463
f 461 	1085 	462
f 496 	495 	1085
f 459 	1085 	461
f 487 	486 	1085
f 488 	487 	1085
f 453 	452 	1085
f 452 	451 	1085
f 451 	450 	1085
f 449 	448 	1085
f 1085 	447 	446
f 445 	444 	1085
f 442 	1082 	443
f 441 	1083 	442
f 400 	399 	168
f 399 	398 	168
f 413 	412 	168
f 199 	197 	177
f 370 	368 	177
f 177 	368 	168
f 203 	371 	177
f 371 	370 	177
f 507 	506 	1132
f 1132 	1131 	507
f 614 	681 	520
f 521 	520 	681
f 616 	181 	615
f 617 	40 	616
f 618 	40 	617
f 619 	40 	618
f 620 	40 	619
f 621 	40 	620
f 14 	329 	43
f 346 	40 	621
f 350 	40 	349
f 354 	40 	352
f 343 	622 	342
f 344 	622 	343
f 31 	280 	622
f 622 	19 	31
f 31 	15 	7
f 31 	7 	623
f 31 	623 	643
f 31 	643 	642
f 31 	642 	641
f 31 	641 	640
f 638 	31 	639
f 640 	639 	31
f 637 	31 	638
f 635 	31 	636
f 627 	31 	628
f 12 	329 	13
f 11 	329 	12
f 10 	329 	11
f 26 	622 	27
f 25 	622 	26
f 334 	184 	333
f 622 	329 	27
f 333 	184 	332
f 626 	625 	31
f 624 	31 	625
f 31 	627 	626
f 31 	629 	628
f 629 	31 	630
f 630 	31 	631
f 631 	31 	632
f 632 	31 	633
f 633 	31 	634
f 634 	31 	635
f 636 	31 	637
f 8 	329 	9
f 9 	329 	10
f 13 	329 	14
f 15 	31 	16
f 16 	31 	17
f 18 	31 	19
f 17 	31 	18
f 22 	622 	23
f 19 	622 	20
f 20 	622 	21
f 21 	622 	22
f 23 	622 	24
f 24 	622 	25
f 27 	329 	8
f 53 	52 	319
f 61 	60 	319
f 60 	54 	319
f 610 	644 	573
f 677 	644 	675
f 573 	644 	580
f 288 	289 	655
f 289 	290 	655
f 659 	658 	235
f 292 	281 	652
f 645 	646 	34
f 646 	777 	34
f 775 	774 	34
f 305 	306 	652
f 304 	305 	652
f 303 	304 	652
f 39 	190 	647
f 39 	647 	34
f 648 	319 	649
f 42 	319 	648
f 319 	297 	652
f 297 	298 	652
f 651 	650 	319
f 652 	651 	319
f 674 	675 	605
f 299 	300 	652
f 649 	319 	650
f 298 	299 	652
f 300 	301 	652
f 301 	302 	652
f 282 	283 	652
f 302 	303 	652
f 661 	663 	662
f 662 	663 	664
f 362 	729 	365
f 605 	675 	610
f 610 	675 	644
f 663 	666 	664
f 736 	737 	666
f 666 	663 	736
f 644 	669 	580
f 669 	665 	580
f 669 	670 	665
f 665 	670 	668
f 680 	1398 	674
f 678 	644 	677
f 644 	678 	669
f 678 	679 	669
f 672 	664 	673
f 1399 	1400 	677
f 678 	1401 	679
f 669 	679 	670
f 709 	676 	673
f 550 	681 	551
f 548 	681 	549
f 543 	681 	544
f 542 	681 	543
f 356 	177 	359
f 355 	177 	356
f 682 	1063 	176
f 685 	684 	176
f 693 	692 	176
f 686 	685 	176
f 687 	686 	176
f 689 	687 	176
f 692 	691 	176
f 691 	689 	176
f 683 	713 	688
f 694 	693 	176
f 695 	694 	176
f 696 	695 	176
f 697 	696 	176
f 699 	698 	176
f 698 	697 	176
f 700 	699 	176
f 701 	700 	176
f 714 	690 	688
f 703 	701 	176
f 714 	715 	690
f 690 	715 	702
f 710 	712 	538
f 673 	664 	709
f 708 	535 	707
f 536 	708 	710
f 536 	710 	538
f 709 	711 	676
f 547 	538 	712
f 547 	712 	382
f 711 	683 	676
f 711 	713 	683
f 713 	714 	688
f 716 	717 	713
f 717 	714 	713
f 219 	220 	163
f 715 	750 	702
f 715 	753 	750
f 702 	750 	706
f 666 	709 	664
f 667 	709 	666
f 709 	667 	711
f 716 	713 	667
f 711 	667 	713
f 742 	717 	716
f 720 	722 	719
f 720 	724 	722
f 721 	724 	720
f 724 	725 	723
f 724 	723 	722
f 725 	726 	723
f 725 	3089 	726
f 3089 	3120 	726
f 728 	729 	362
f 729 	730 	365
f 729 	734 	730
f 730 	661 	365
f 661 	731 	663
f 730 	731 	661
f 736 	663 	731
f 732 	728 	718
f 718 	719 	732
f 728 	733 	729
f 732 	733 	728
f 733 	734 	729
f 734 	735 	730
f 735 	731 	730
f 735 	739 	731
f 734 	733 	743
f 723 	743 	733
f 734 	744 	735
f 731 	739 	736
f 667 	666 	737
f 716 	667 	738
f 737 	738 	667
f 736 	740 	737
f 739 	740 	736
f 740 	741 	737
f 737 	741 	738
f 744 	745 	735
f 740 	747 	741
f 716 	738 	742
f 757 	717 	742
f 742 	738 	756
f 741 	756 	738
f 719 	722 	732
f 723 	733 	732
f 722 	723 	732
f 734 	743 	744
f 745 	739 	735
f 745 	746 	739
f 739 	746 	740
f 746 	747 	740
f 723 	726 	743
f 743 	726 	744
f 727 	744 	726
f 748 	744 	727
f 744 	748 	745
f 745 	749 	746
f 748 	749 	745
f 749 	768 	746
f 746 	768 	747
f 3143 	749 	748
f 750 	751 	706
f 714 	717 	752
f 717 	757 	752
f 714 	752 	715
f 715 	752 	753
f 750 	754 	751
f 753 	754 	750
f 754 	755 	751
f 754 	760 	755
f 741 	766 	756
f 757 	758 	752
f 757 	762 	758
f 752 	758 	753
f 753 	759 	754
f 753 	758 	759
f 759 	760 	754
f 758 	763 	759
f 742 	756 	761
f 761 	757 	742
f 761 	762 	757
f 762 	763 	758
f 759 	764 	760
f 764 	759 	763
f 763 	762 	1439
f 763 	1440 	764
f 1439 	1440 	763
f 741 	747 	766
f 769 	766 	747
f 766 	767 	756
f 769 	770 	766
f 756 	767 	761
f 1438 	762 	767
f 747 	768 	769
f 767 	766 	770
f 210 	212 	426
f 162 	218 	163
f 190 	708 	707
f 210 	426 	420
f 164 	220 	165
f 771 	660 	235
f 773 	34 	774
f 34 	776 	775
f 776 	34 	777
f 34 	778 	645
f 778 	34 	779
f 779 	34 	780
f 780 	34 	781
f 782 	34 	783
f 783 	34 	784
f 784 	34 	785
f 785 	34 	786
f 647 	787 	34
f 786 	34 	787
f 781 	34 	788
f 794 	793 	34
f 788 	34 	789
f 789 	34 	790
f 790 	34 	791
f 791 	34 	792
f 792 	34 	793
f 794 	34 	795
f 795 	34 	796
f 796 	34 	782
f 257 	258 	34
f 31 	258 	259
f 260 	261 	31
f 259 	260 	31
f 262 	263 	31
f 798 	974 	797
f 799 	974 	798
f 800 	974 	799
f 974 	800 	801
f 801 	802 	974
f 803 	804 	974
f 805 	974 	804
f 803 	974 	802
f 806 	974 	805
f 807 	974 	806
f 974 	807 	808
f 808 	809 	974
f 812 	974 	811
f 811 	974 	810
f 810 	974 	809
f 813 	974 	812
f 814 	974 	813
f 814 	827 	974
f 818 	819 	969
f 824 	974 	823
f 825 	974 	824
f 797 	974 	825
f 822 	823 	974
f 817 	818 	969
f 828 	974 	827
f 829 	830 	974
f 973 	974 	830
f 832 	973 	831
f 833 	973 	832
f 834 	973 	833
f 835 	973 	834
f 836 	973 	835
f 837 	973 	836
f 837 	838 	973
f 840 	973 	839
f 841 	973 	840
f 842 	973 	841
f 843 	973 	842
f 838 	839 	973
f 844 	973 	843
f 846 	973 	844
f 848 	973 	846
f 850 	973 	848
f 852 	973 	850
f 854 	973 	852
f 856 	973 	854
f 858 	973 	856
f 863 	973 	861
f 864 	973 	863
f 866 	973 	864
f 858 	861 	973
f 868 	973 	866
f 870 	973 	868
f 876 	963 	874
f 874 	963 	871
f 878 	963 	876
f 963 	973 	871
f 880 	962 	878
f 884 	885 	971
f 885 	886 	971
f 883 	884 	971
f 887 	888 	971
f 891 	892 	970
f 970 	971 	889
f 890 	891 	970
f 816 	817 	969
f 886 	887 	971
f 888 	889 	971
f 889 	890 	970
f 892 	893 	970
f 894 	826 	970
f 896 	964 	895
f 897 	972 	896
f 898 	972 	897
f 899 	972 	898
f 900 	972 	899
f 907 	909 	971
f 902 	903 	972
f 909 	911 	971
f 911 	912 	971
f 912 	882 	971
f 971 	972 	907
f 882 	883 	971
f 918 	965 	916
f 919 	965 	918
f 921 	965 	919
f 923 	964 	921
f 925 	964 	923
f 926 	964 	925
f 928 	964 	926
f 930 	964 	928
f 936 	964 	934
f 895 	964 	936
f 934 	964 	932
f 940 	962 	939
f 941 	962 	940
f 942 	966 	941
f 943 	966 	942
f 944 	966 	943
f 945 	966 	944
f 946 	966 	945
f 947 	966 	946
f 948 	966 	947
f 961 	973 	960
f 950 	966 	949
f 951 	966 	950
f 952 	966 	951
f 949 	966 	948
f 953 	965 	952
f 954 	965 	953
f 955 	965 	954
f 956 	965 	955
f 960 	973 	963
f 957 	965 	956
f 916 	965 	957
f 939 	962 	938
f 938 	962 	959
f 958 	962 	881
f 959 	962 	958
f 881 	962 	880
f 870 	871 	973
f 966 	952 	965
f 901 	972 	900
f 903 	905 	972
f 905 	907 	972
f 965 	921 	964
f 962 	941 	966
f 963 	878 	962
f 932 	964 	930
f 893 	894 	970
f 826 	815 	970
f 815 	816 	970
f 969 	970 	816
f 968 	969 	974
f 974 	969 	819
f 821 	974 	820
f 819 	820 	974
f 821 	822 	974
f 967 	968 	974
f 901 	902 	972
f 964 	896 	972
f 830 	831 	973
f 828 	829 	974
f 975 	976 	36
f 975 	36 	35
f 977 	980 	973
f 973 	30 	977
f 29 	977 	30
f 980 	979 	973
f 36 	976 	978
f 974 	978 	976
f 974 	973 	979
f 978 	974 	979
f 34 	176 	175
f 34 	175 	35
f 178 	31 	1138
f 30 	1138 	31
f 31 	178 	176
f 31 	176 	34
f 4216 	3246 	3248
f 981 	983 	984
f 981 	984 	982
f 986 	984 	983
f 985 	983 	1021
f 983 	985 	986
f 985 	988 	986
f 988 	985 	987
f 987 	989 	988
f 1589 	1998 	990
f 996 	3813 	995
f 3813 	996 	3245
f 1003 	1000 	1001
f 1000 	1003 	998
f 1002 	1001 	997
f 1001 	1002 	1003
f 1002 	981 	1003
f 1003 	981 	982
f 2766 	2767 	1004
f 2767 	2768 	1004
f 2769 	2770 	1004
f 2770 	2771 	1004
f 2768 	2769 	1004
f 2773 	1004 	2771
f 2773 	2774 	1004
f 1005 	1006 	1004
f 1006 	1007 	1004
f 1008 	1009 	1004
f 1010 	999 	1004
f 1010 	1004 	1011
f 1009 	1011 	1004
f 998 	1010 	1000
f 1007 	1008 	1004
f 1006 	2529 	1007
f 1008 	997 	1009
f 998 	999 	1010
f 1011 	1000 	1010
f 1000 	1011 	1001
f 997 	1001 	1009
f 1011 	1009 	1001
f 1002 	1012 	981
f 1012 	983 	981
f 1014 	1020 	1019
f 1020 	1014 	2665
f 1019 	1013 	1014
f 1021 	1013 	1019
f 1013 	1021 	1012
f 1012 	1021 	983
f 1016 	1593 	1017
f 1019 	1020 	1606
f 1981 	1982 	2757
f 2223 	1023 	1022
f 2226 	993 	1025
f 1025 	993 	992
f 1588 	1027 	1026
f 222 	196 	166
f 109 	196 	110
f 432 	426 	212
f 212 	438 	432
f 164 	163 	220
f 165 	221 	166
f 109 	166 	196
f 111 	110 	200
f 200 	202 	111
f 219 	163 	218
f 162 	375 	218
f 228 	204 	712
f 378 	1364 	1363
f 704 	703 	176
f 705 	704 	176
f 1029 	705 	176
f 178 	1033 	1032
f 1031 	1030 	176
f 1034 	1033 	178
f 1035 	1034 	178
f 1036 	1035 	178
f 1038 	1037 	178
f 1037 	1036 	178
f 1039 	1038 	178
f 1039 	178 	1040
f 1041 	1040 	178
f 1043 	1042 	178
f 1042 	1041 	178
f 1045 	1044 	178
f 1044 	1043 	178
f 681 	614 	178
f 1046 	178 	1047
f 1045 	178 	1046
f 1048 	178 	1049
f 1047 	178 	1048
f 1049 	178 	1050
f 1051 	178 	1052
f 1050 	178 	1051
f 1052 	178 	1053
f 1054 	1055 	176
f 1061 	1060 	176
f 1060 	1059 	176
f 684 	682 	176
f 1063 	1062 	176
f 1062 	1061 	176
f 1064 	1077 	176
f 1066 	428 	1067
f 1068 	425 	1069
f 1067 	427 	1068
f 1070 	423 	1071
f 1072 	421 	1073
f 1074 	418 	1075
f 1076 	415 	1077
f 1075 	417 	1076
f 1079 	429 	1066
f 1078 	430 	1079
f 1080 	1085 	1081
f 1081 	1085 	1082
f 1082 	442 	1083
f 1083 	441 	1084
f 1084 	440 	1086
f 1086 	439 	1087
f 1088 	436 	1089
f 1087 	437 	1088
f 1090 	434 	1091
f 1089 	435 	1090
f 1073 	419 	1074
f 1071 	422 	1072
f 1069 	424 	1070
f 1092 	431 	1078
f 1091 	433 	1092
f 1053 	178 	1093
f 1093 	178 	1094
f 1094 	178 	1095
f 1096 	178 	1097
f 1095 	178 	1096
f 613 	612 	1117
f 1118 	1117 	612
f 612 	505 	1118
f 1099 	1118 	505
f 505 	504 	1099
f 1100 	1099 	504
f 1101 	1100 	503
f 1102 	1101 	502
f 1112 	178 	1113
f 1098 	178 	1112
f 1097 	178 	1098
f 1113 	178 	1114
f 502 	501 	1102
f 503 	502 	1101
f 504 	503 	1100
f 1117 	1116 	613
f 614 	613 	1116
f 1108 	1107 	515
f 515 	513 	1108
f 1109 	1108 	513
f 1110 	1109 	512
f 1111 	1110 	511
f 1085 	1129 	1128
f 1085 	1128 	1127
f 1130 	1085 	1080
f 1085 	443 	1082
f 1130 	1129 	1085
f 501 	500 	1103
f 1105 	1104 	499
f 500 	499 	1104
f 499 	518 	1105
f 518 	516 	1106
f 1106 	1105 	518
f 512 	511 	1110
f 513 	512 	1109
f 516 	515 	1107
f 1107 	1106 	516
f 1103 	1102 	501
f 1116 	178 	614
f 1115 	178 	1116
f 1114 	178 	1115
f 169 	599 	681
f 1104 	1103 	500
f 364 	361 	176
f 508 	507 	1131
f 1131 	1111 	508
f 509 	508 	1111
f 510 	509 	1111
f 511 	510 	1111
f 1059 	1058 	176
f 1058 	1057 	176
f 1056 	1054 	176
f 1065 	1064 	176
f 1055 	1065 	176
f 1077 	414 	176
f 1057 	1056 	176
f 1032 	1031 	178
f 176 	178 	1031
f 1030 	1029 	176
f 1138 	1139 	178
f 1140 	1282 	1141
f 1142 	1282 	1143
f 1143 	1282 	1144
f 1145 	1144 	1282
f 1147 	1146 	1282
f 1146 	1145 	1282
f 1148 	1147 	1282
f 1149 	1148 	1282
f 1155 	1154 	1282
f 1282 	1152 	1151
f 1150 	1282 	1151
f 1149 	1282 	1150
f 1154 	1153 	1282
f 1153 	1152 	1282
f 1156 	1282 	1157
f 1155 	1282 	1156
f 1164 	1282 	1165
f 1166 	1282 	1167
f 1282 	1140 	1168
f 1168 	1167 	1282
f 1157 	1282 	1170
f 1170 	1282 	1171
f 1171 	1282 	1172
f 1176 	1281 	1177
f 1178 	1177 	1281
f 1179 	1281 	1180
f 1181 	1180 	1281
f 1281 	1182 	1181
f 1183 	1182 	1281
f 1281 	1184 	1183
f 1185 	1184 	1281
f 1189 	1188 	1281
f 1187 	1281 	1188
f 1191 	1190 	1281
f 1190 	1189 	1281
f 1193 	1192 	1281
f 1192 	1191 	1281
f 1195 	1194 	1281
f 1196 	1195 	1281
f 1197 	1196 	1281
f 1198 	1197 	1281
f 1199 	1198 	1281
f 1268 	1269 	1281
f 1199 	1281 	1200
f 1270 	1201 	1281
f 1269 	1270 	1281
f 1194 	1193 	1281
f 1207 	1226 	1278
f 1209 	1208 	1278
f 1208 	1207 	1278
f 1210 	1209 	1278
f 1212 	1211 	1278
f 1214 	1213 	1278
f 1215 	1214 	1279
f 1219 	1218 	1279
f 1217 	1216 	1279
f 1218 	1217 	1279
f 1216 	1215 	1279
f 1213 	1212 	1278
f 1211 	1210 	1278
f 1282 	1160 	1279
f 1222 	1221 	1277
f 1224 	1223 	1278
f 1278 	1279 	1214
f 1226 	1225 	1278
f 1225 	1224 	1278
f 1277 	1278 	1223
f 1227 	1274 	1228
f 1229 	1277 	1230
f 1232 	1231 	1277
f 1230 	1277 	1231
f 1223 	1222 	1277
f 1221 	1220 	1277
f 1220 	1233 	1277
f 1233 	1232 	1277
f 1264 	1263 	1273
f 1265 	1264 	1273
f 1234 	1265 	1273
f 1236 	1235 	1273
f 1273 	1274 	1237
f 1243 	1274 	1244
f 1242 	1274 	1243
f 1244 	1274 	1245
f 1266 	1206 	1271
f 1247 	1246 	1271
f 1248 	1247 	1271
f 1249 	1248 	1271
f 1251 	1250 	1272
f 1250 	1249 	1272
f 1253 	1252 	1272
f 1252 	1251 	1272
f 1255 	1254 	1272
f 1256 	1255 	1272
f 1258 	1257 	1272
f 1257 	1256 	1272
f 1259 	1258 	1272
f 1260 	1259 	1272
f 1261 	1260 	1273
f 1237 	1236 	1273
f 1235 	1234 	1273
f 1263 	1262 	1273
f 1262 	1261 	1273
f 1272 	1273 	1260
f 1254 	1253 	1272
f 1271 	1272 	1249
f 1206 	1205 	1271
f 1246 	1267 	1271
f 1205 	1204 	1271
f 1267 	1266 	1271
f 1270 	1271 	1204
f 1204 	1203 	1270
f 1203 	1202 	1270
f 1228 	1277 	1229
f 1239 	1238 	1274
f 1245 	1274 	1227
f 1238 	1237 	1274
f 1241 	1240 	1274
f 1242 	1241 	1274
f 1277 	1228 	1274
f 1240 	1239 	1274
f 1165 	1282 	1166
f 1164 	1163 	1282
f 1282 	1163 	1162
f 1282 	1162 	1161
f 1282 	1161 	1160
f 1158 	1279 	1160
f 1159 	1279 	1158
f 1169 	1279 	1159
f 1282 	1275 	1276
f 1280 	1282 	1279
f 1275 	1282 	1280
f 1169 	1219 	1279
f 1202 	1201 	1270
f 1200 	1281 	1201
f 1187 	1186 	1281
f 1186 	1185 	1281
f 1179 	1178 	1281
f 1281 	1176 	1175
f 1281 	1175 	1174
f 1281 	1174 	1173
f 1172 	1282 	1173
f 1281 	1173 	1282
f 1142 	1141 	1282
f 1283 	1284 	175
f 177 	173 	175
f 1286 	1285 	173
f 1287 	1286 	173
f 1291 	1290 	173
f 1290 	1289 	173
f 1293 	1292 	173
f 1292 	1291 	173
f 1294 	1293 	173
f 1295 	173 	1296
f 1297 	1296 	173
f 1298 	173 	1299
f 1300 	1299 	173
f 173 	1301 	1300
f 173 	1303 	1302
f 1304 	1303 	173
f 1289 	1288 	173
f 1288 	1287 	173
f 1285 	1306 	173
f 1306 	1305 	173
f 1305 	1304 	173
f 1309 	173 	1298
f 1307 	173 	1309
f 1310 	1338 	173
f 1312 	1311 	173
f 1297 	173 	1314
f 1316 	1315 	173
f 1315 	1314 	173
f 1317 	1316 	173
f 1319 	1318 	173
f 1318 	1317 	173
f 1320 	1319 	173
f 1321 	173 	1322
f 1322 	173 	1323
f 1324 	173 	1325
f 1325 	173 	1326
f 1327 	173 	1328
f 1326 	173 	1327
f 1329 	1328 	1656
f 1330 	1283 	1331
f 1333 	1332 	1283
f 1332 	1331 	1283
f 1334 	1283 	1335
f 1336 	1283 	1337
f 1311 	1310 	173
f 1283 	173 	1338
f 1338 	1337 	1283
f 1340 	1339 	1283
f 1341 	1340 	1283
f 1342 	1341 	1283
f 1343 	1283 	1344
f 1345 	1344 	1283
f 1346 	1345 	1283
f 1347 	1283 	1348
f 1336 	1335 	1283
f 1334 	1333 	1283
f 1330 	1349 	1283
f 1349 	1348 	1283
f 1347 	1346 	1283
f 1343 	1342 	1283
f 1367 	384 	1368
f 1368 	384 	1369
f 1372 	1371 	387
f 395 	1379 	1378
f 1380 	1379 	395
f 411 	1396 	1395
f 675 	674 	1398
f 1398 	1399 	675
f 675 	1399 	677
f 678 	677 	1400
f 3669 	4103 	455
f 4103 	479 	455
f 1400 	1401 	678
f 1474 	1398 	680
f 1480 	1401 	1400
f 1399 	1480 	1400
f 1394 	410 	1395
f 1403 	1407 	1404
f 1402 	1406 	1403
f 2473 	5058 	2449
f 1406 	1407 	1403
f 1407 	1408 	1404
f 3389 	5092 	3332
f 1404 	1408 	1405
f 1417 	1407 	1406
f 1407 	1442 	1408
f 1407 	1417 	1442
f 5089 	3329 	3332
f 223 	1411 	1474
f 1409 	1405 	1414
f 1408 	1414 	1405
f 1414 	1415 	1409
f 1414 	1408 	1467
f 1467 	1468 	1414
f 1409 	1415 	1410
f 1410 	1412 	1411
f 1415 	1412 	1410
f 1477 	1474 	1411
f 1470 	1412 	1415
f 1416 	1417 	1406
f 1416 	1463 	1417
f 768 	749 	3154
f 3143 	3154 	749
f 768 	3155 	769
f 3154 	3155 	768
f 761 	767 	762
f 762 	1438 	1439
f 764 	1441 	765
f 1440 	1441 	764
f 767 	770 	1443
f 1443 	1438 	767
f 1438 	1444 	1439
f 1443 	1444 	1438
f 1439 	1444 	1440
f 1445 	1440 	1444
f 1445 	1448 	1440
f 1440 	1448 	1441
f 1408 	1442 	1467
f 3219 	1455 	1416
f 1442 	1417 	1461
f 1463 	1461 	1417
f 1416 	1455 	1463
f 1492 	1493 	1455
f 1461 	1466 	1442
f 1415 	1414 	1468
f 1466 	1467 	1442
f 1466 	1469 	1468
f 1466 	1468 	1467
f 1495 	1496 	1466
f 1466 	1496 	1469
f 1412 	1477 	1411
f 1412 	1471 	1477
f 1468 	1470 	1415
f 1468 	1472 	1470
f 1412 	1470 	1471
f 1468 	1469 	1472
f 1472 	1473 	1470
f 1473 	1472 	1498
f 1470 	1473 	1471
f 680 	223 	1474
f 1474 	1475 	1398
f 1398 	1476 	1399
f 1475 	1476 	1398
f 1476 	1480 	1399
f 1479 	1476 	1475
f 1474 	1478 	1475
f 1474 	1477 	1478
f 1478 	1479 	1475
f 1477 	1484 	1478
f 1478 	1485 	1479
f 1484 	1485 	1478
f 1401 	1480 	1481
f 1476 	1482 	1480
f 1479 	1482 	1476
f 1482 	1483 	1480
f 1480 	1483 	1481
f 1471 	1484 	1477
f 1485 	1486 	1479
f 1485 	1490 	1486
f 1489 	1490 	1485
f 1482 	1479 	1486
f 1482 	1486 	1483
f 1487 	1483 	1486
f 1471 	1488 	1484
f 1488 	1471 	1473
f 1488 	1489 	1484
f 1484 	1489 	1485
f 1490 	1491 	1487
f 1490 	1487 	1486
f 1488 	1855 	1489
f 1489 	1857 	1490
f 2232 	4852 	14
f 1463 	1455 	1493
f 1493 	1494 	1463
f 1463 	1494 	1461
f 1461 	1495 	1466
f 1494 	1495 	1461
f 1469 	1497 	1472
f 1496 	1497 	1469
f 1497 	1498 	1472
f 1855 	1473 	1498
f 4849 	10 	4850
f 1443 	3320 	1444
f 4850 	11 	12
f 1499 	1501 	1500
f 4968 	4967 	17
f 1502 	1503 	1501
f 1500 	1501 	1503
f 1499 	1505 	1501
f 1499 	1504 	1505
f 4995 	1505 	1504
f 11 	4850 	10
f 1507 	1517 	1508
f 1872 	1512 	1511
f 1516 	1517 	1507
f 1545 	1946 	1544
f 1515 	1544 	1946
f 1946 	1545 	1548
f 1548 	1549 	1946
f 1946 	1550 	1551
f 1551 	1552 	1946
f 1553 	1946 	1552
f 1519 	1508 	1517
f 1869 	1510 	1509
f 1522 	1946 	1521
f 1523 	1946 	1522
f 1872 	1511 	1871
f 1526 	1946 	1525
f 1527 	1946 	1526
f 1515 	1946 	1527
f 1524 	1525 	1946
f 1873 	1880 	1513
f 1530 	1946 	1529
f 1518 	1946 	1530
f 1509 	1508 	1869
f 1531 	1869 	1508
f 1533 	1945 	1532
f 1534 	1945 	1533
f 1535 	1945 	1534
f 1508 	1519 	1531
f 1528 	1946 	1535
f 1537 	1945 	1536
f 1538 	1945 	1537
f 1823 	1536 	1945
f 1540 	1945 	1539
f 1519 	1960 	1531
f 1539 	1945 	1538
f 1542 	1945 	1541
f 1516 	1546 	1517
f 1543 	1945 	1542
f 1532 	1945 	1543
f 1516 	1507 	1506
f 1503 	1516 	1500
f 1546 	1547 	1517
f 1517 	1547 	1519
f 1550 	1946 	1549
f 1503 	1546 	1516
f 1554 	1555 	1946
f 1553 	1554 	1946
f 1557 	1946 	1556
f 1555 	1556 	1946
f 1560 	1946 	1559
f 1561 	1946 	1560
f 1562 	1946 	1561
f 1559 	1946 	1557
f 1563 	1946 	1562
f 1565 	1946 	1563
f 1558 	1995 	1996
f 1570 	1865 	1569
f 1573 	1865 	1572
f 1570 	1571 	1865
f 1575 	1865 	1574
f 1576 	1865 	1575
f 1577 	1865 	1576
f 1573 	1574 	1865
f 1580 	1865 	1579
f 1581 	1865 	1580
f 1578 	1579 	1865
f 1582 	1865 	1581
f 1584 	1865 	1583
f 1582 	1583 	1865
f 1585 	1865 	1584
f 1586 	1865 	1585
f 1587 	1865 	1586
f 1588 	1026 	1564
f 1564 	1558 	1996
f 1027 	1589 	987
f 1027 	1588 	1589
f 1589 	989 	987
f 1995 	1558 	1028
f 1588 	1997 	1998
f 1588 	1998 	1589
f 1589 	990 	989
f 1590 	1015 	1982
f 1653 	1652 	1282
f 1350 	1654 	1282
f 1654 	1653 	1282
f 1590 	1016 	1015
f 1282 	1283 	1350
f 1351 	1350 	1283
f 1017 	1593 	1018
f 1594 	1018 	1593
f 1595 	1283 	1596
f 1593 	1016 	1590
f 1599 	1598 	1283
f 1599 	1283 	1339
f 1600 	1020 	1018
f 1352 	1351 	1283
f 1018 	1594 	1600
f 1353 	1352 	1283
f 1606 	1020 	1600
f 1598 	1597 	1283
f 1597 	1596 	1283
f 1602 	1601 	1283
f 1329 	1656 	1607
f 1608 	1607 	1656
f 1609 	1608 	1656
f 1610 	1609 	1656
f 1610 	1656 	1611
f 1613 	1612 	1656
f 1611 	1656 	1612
f 1615 	1614 	1656
f 1614 	1613 	1656
f 1617 	1616 	1656
f 1616 	1615 	1656
f 1619 	1021 	1019
f 1620 	1618 	1656
f 1618 	1617 	1656
f 1620 	1656 	1621
f 1621 	1656 	1622
f 1619 	1019 	1606
f 1623 	1622 	1656
f 1624 	1623 	1656
f 1625 	1624 	1656
f 1619 	985 	1021
f 1626 	1625 	1656
f 1627 	1626 	1656
f 1629 	1628 	1656
f 1628 	1627 	1656
f 1632 	1656 	1633
f 1634 	1656 	1635
f 1635 	1656 	1636
f 1637 	1636 	1656
f 1656 	1655 	1637
f 1665 	1664 	1637
f 1664 	1663 	1637
f 1661 	1660 	1637
f 1660 	1659 	1637
f 1659 	1658 	1637
f 1658 	1657 	1637
f 1657 	1668 	1637
f 1668 	1666 	1637
f 1666 	1667 	1637
f 1667 	1672 	1637
f 1672 	1671 	1637
f 1739 	1738 	1281
f 1282 	1678 	1281
f 1681 	1655 	1656
f 1669 	1680 	1637
f 1436 	213 	215
f 1678 	1282 	1640
f 1641 	1640 	1282
f 1640 	1639 	1678
f 1639 	1638 	1678
f 1638 	1637 	1679
f 1679 	1678 	1638
f 1680 	1679 	1637
f 1645 	1644 	1282
f 1643 	1642 	1282
f 1649 	1648 	1282
f 1648 	1647 	1282
f 1647 	1646 	1282
f 1746 	1281 	1673
f 1673 	1281 	1674
f 1674 	1281 	1675
f 1675 	1281 	1676
f 1652 	1651 	1282
f 1676 	1281 	1677
f 1650 	1649 	1282
f 1651 	1650 	1282
f 1677 	1281 	1678
f 356 	1460 	355
f 1681 	1656 	1682
f 1682 	1656 	1683
f 1683 	1656 	1684
f 1684 	1656 	1685
f 1687 	1686 	1656
f 1685 	1656 	1686
f 1688 	1687 	1656
f 1689 	1688 	1656
f 1696 	1695 	172
f 1689 	1656 	1690
f 1690 	1656 	1691
f 1692 	1691 	1656
f 1693 	1692 	1656
f 1656 	172 	1694
f 1694 	1693 	1656
f 1695 	1694 	172
f 1697 	1696 	172
f 173 	172 	1656
f 1456 	238 	1457
f 1700 	1699 	172
f 1702 	172 	1703
f 1703 	172 	1704
f 1705 	1704 	172
f 1706 	1705 	172
f 1706 	172 	1707
f 1708 	1707 	172
f 1708 	172 	1709
f 1710 	1709 	172
f 1712 	1711 	172
f 1711 	1710 	172
f 1714 	1713 	172
f 1713 	1712 	172
f 1715 	1714 	172
f 172 	1716 	1715
f 1717 	1716 	172
f 1718 	1717 	172
f 1727 	1726 	172
f 1719 	172 	1720
f 1721 	172 	1722
f 1367 	381 	383
f 1372 	387 	388
f 1382 	1397 	398
f 2203 	2202 	418
f 225 	1447 	1446
f 1723 	1722 	172
f 1724 	1723 	172
f 1725 	1724 	172
f 1726 	1725 	172
f 1728 	1727 	172
f 1729 	172 	1730
f 1730 	172 	1731
f 1732 	172 	1733
f 1734 	1733 	1139
f 1735 	1734 	1139
f 1737 	1755 	1281
f 2196 	2195 	466
f 1893 	499 	500
f 192 	1424 	1423
f 192 	1425 	1424
f 1503 	1502 	1546
f 1502 	1747 	1546
f 1739 	1281 	1740
f 1740 	1281 	1741
f 1743 	1281 	1744
f 1745 	1281 	1746
f 1748 	1756 	1138
f 1749 	1748 	1138
f 1750 	1749 	1138
f 1752 	1751 	1138
f 1751 	1750 	1138
f 1801 	1747 	1502
f 1755 	1754 	1281
f 1138 	1281 	1752
f 1744 	1281 	1745
f 1742 	1281 	1743
f 1741 	1281 	1742
f 1738 	1737 	1281
f 1756 	1776 	1138
f 1754 	1752 	1281
f 1759 	1758 	1139
f 1761 	1760 	1139
f 1760 	1759 	1139
f 1139 	1138 	1763
f 1767 	1766 	1138
f 1768 	1767 	1138
f 1769 	1768 	1138
f 1771 	1769 	1138
f 1772 	1771 	1138
f 1747 	1801 	1802
f 1747 	1802 	1753
f 1802 	1762 	1753
f 1778 	1777 	1139
f 1803 	1806 	1762
f 1762 	1806 	1770
f 1780 	1139 	1781
f 1782 	1139 	1783
f 1786 	1139 	1787
f 1766 	1765 	1138
f 1765 	1764 	1138
f 1764 	1763 	1138
f 1763 	1761 	1139
f 1788 	1139 	1757
f 1758 	1757 	1139
f 1787 	1139 	1788
f 1793 	1865 	1792
f 1791 	1865 	1790
f 1587 	1790 	1865
f 1865 	1791 	1792
f 1794 	1865 	1793
f 1795 	1865 	1794
f 1797 	1865 	1795
f 1798 	1865 	1797
f 1505 	1800 	1501
f 1501 	1800 	1502
f 1800 	1801 	1502
f 1799 	1865 	1798
f 1802 	1803 	1762
f 1805 	1865 	1804
f 1807 	1865 	1805
f 1810 	28 	1809
f 1811 	28 	1810
f 1770 	1812 	1774
f 1770 	1806 	1812
f 1812 	1815 	1774
f 1817 	1945 	1816
f 1818 	1945 	1817
f 1774 	1815 	1789
f 1821 	1945 	1820
f 1819 	1945 	1818
f 1789 	1824 	1796
f 1815 	1824 	1789
f 1821 	1822 	1945
f 1823 	1945 	1822
f 1541 	1945 	1540
f 1796 	1824 	1840
f 2266 	2267 	1803
f 1828 	1945 	1827
f 2267 	2268 	1806
f 1829 	1945 	1828
f 1812 	1806 	2268
f 1815 	2269 	1824
f 1800 	2264 	1801
f 2266 	1803 	1802
f 1801 	2265 	1802
f 1830 	1945 	1829
f 1813 	1945 	1831
f 1830 	1831 	1945
f 1832 	1945 	1928
f 1826 	1945 	1825
f 1832 	1825 	1945
f 1826 	1827 	1945
f 1813 	1814 	1945
f 1814 	1816 	1945
f 1819 	1820 	1945
f 1806 	1803 	2267
f 1836 	28 	1835
f 1837 	28 	1836
f 1840 	1824 	2272
f 1590 	1988 	1842
f 1841 	1975 	1840
f 1590 	1842 	1593
f 2270 	2272 	1824
f 1834 	1835 	28
f 1843 	28 	1839
f 1845 	1846 	28
f 5121 	3666 	3667
f 638 	1497 	1496
f 1473 	1855 	1488
f 1851 	1884 	1852
f 1856 	1489 	1855
f 1886 	1885 	1853
f 1886 	1853 	1852
f 1857 	1489 	1856
f 1857 	1858 	1490
f 1884 	1851 	1882
f 1490 	1858 	1491
f 1786 	1785 	1139
f 1785 	1784 	1139
f 1784 	1783 	1139
f 1782 	1781 	1139
f 1139 	1780 	1779
f 1778 	1139 	1779
f 1777 	1736 	1139
f 172 	1139 	1733
f 1731 	172 	1732
f 1729 	1728 	172
f 1721 	1720 	172
f 1736 	1735 	1139
f 1642 	1641 	1282
f 1644 	1643 	1282
f 1646 	1645 	1282
f 1670 	1669 	1637
f 1671 	1670 	1637
f 1662 	1661 	1637
f 1663 	1662 	1637
f 1655 	1665 	1637
f 1634 	1633 	1656
f 1656 	1632 	1631
f 1631 	1630 	1656
f 1630 	1629 	1656
f 1493 	1492 	635
f 1604 	1603 	1283
f 1605 	1604 	1283
f 1603 	1602 	1283
f 1595 	1605 	1283
f 1601 	1592 	1283
f 1592 	1591 	1283
f 1591 	1353 	1283
f 1776 	1775 	1138
f 1775 	1773 	1138
f 1773 	1772 	1138
f 635 	1494 	1493
f 1295 	1294 	173
f 173 	1302 	1301
f 1307 	1308 	173
f 1308 	1313 	173
f 1313 	1312 	173
f 1283 	175 	173
f 638 	1496 	1495
f 1719 	1718 	172
f 1702 	1701 	172
f 1701 	1700 	172
f 1699 	1698 	172
f 1698 	1697 	172
f 1656 	1328 	173
f 1324 	1323 	173
f 1321 	1320 	173
f 1855 	1498 	641
f 1859 	1860 	1861
f 1859 	1861 	1862
f 1855 	641 	1856
f 642 	1856 	641
f 1859 	1862 	1863
f 1864 	1863 	1862
f 642 	643 	1856
f 1865 	1863 	1864
f 1865 	1864 	1866
f 607 	2312 	606
f 5092 	3389 	3391
f 1868 	1867 	646
f 645 	1868 	646
f 2131 	2129 	478
f 1519 	1547 	1960
f 1510 	1871 	1511
f 1858 	623 	1870
f 1871 	1510 	1869
f 1512 	1872 	1873
f 1862 	1874 	1864
f 1876 	1864 	1874
f 1512 	1873 	1513
f 1875 	1874 	1861
f 1862 	1861 	1874
f 1877 	1848 	1514
f 1864 	1876 	1866
f 1878 	1866 	1876
f 1848 	1879 	1849
f 1877 	1879 	1848
f 1877 	1514 	1880
f 1514 	1513 	1880
f 1881 	1850 	1879
f 1849 	1879 	1850
f 1881 	1882 	1850
f 1881 	1879 	1967
f 1850 	1882 	1851
f 1880 	1965 	1877
f 1966 	1965 	1880
f 1877 	1965 	1967
f 1877 	1967 	1879
f 1969 	1882 	1881
f 1969 	1972 	1882
f 1852 	1884 	1886
f 1884 	1882 	1972
f 1885 	1887 	1854
f 2170 	2242 	1875
f 1874 	1875 	2242
f 2242 	2243 	1874
f 2171 	1878 	1876
f 1973 	1887 	1885
f 193 	41 	113
f 668 	2594 	2593
f 1491 	4749 	1487
f 1491 	1858 	4749
f 1847 	1921 	28
f 1923 	1925 	28
f 1925 	1927 	28
f 1924 	529 	1926
f 1927 	1928 	28
f 1929 	1926 	530
f 1934 	28 	1931
f 1935 	28 	1934
f 1931 	28 	1811
f 1938 	28 	1937
f 2533 	4422 	4426
f 1942 	28 	1941
f 1944 	28 	1943
f 4835 	2542 	2540
f 1942 	1943 	28
f 28 	1944 	1833
f 1834 	28 	1833
f 1837 	1838 	28
f 1838 	1839 	28
f 1844 	28 	1843
f 1846 	1847 	28
f 1921 	1923 	28
f 1799 	1804 	1865
f 1865 	1807 	1808
f 1865 	1808 	1809
f 1936 	28 	1935
f 1937 	28 	1936
f 1939 	28 	1938
f 1941 	28 	1940
f 1939 	1940 	28
f 1865 	1809 	28
f 1844 	1845 	28
f 1945 	28 	1928
f 1529 	1946 	1528
f 1520 	1946 	1518
f 1945 	1535 	1946
f 1520 	1521 	1946
f 1523 	1524 	1946
f 1946 	1565 	1566
f 1567 	1865 	1566
f 1568 	1865 	1567
f 1569 	1865 	1568
f 1572 	1865 	1571
f 1577 	1578 	1865
f 1946 	1566 	1865
f 1948 	1866 	1947
f 1949 	1866 	1948
f 1950 	1866 	1949
f 1951 	1866 	1950
f 1952 	1866 	1951
f 1953 	1866 	1952
f 1954 	1866 	1953
f 1955 	1866 	1954
f 1956 	1866 	1955
f 1957 	1866 	1956
f 1959 	1866 	1958
f 1483 	4747 	1481
f 4746 	2597 	1481
f 2499 	2498 	4404
f 1885 	1854 	1853
f 1963 	1871 	1869
f 1961 	1872 	1871
f 1531 	1962 	1869
f 1962 	1531 	1960
f 1962 	1963 	1869
f 1753 	1960 	1547
f 1747 	1547 	1546
f 1747 	1753 	1547
f 849 	553 	554
f 1963 	1961 	1871
f 1961 	1964 	1872
f 1774 	1961 	1963
f 1774 	1789 	1961
f 1872 	1964 	1873
f 1966 	1975 	1965
f 1880 	1873 	1966
f 1964 	1966 	1873
f 1968 	1881 	1967
f 1969 	1881 	1968
f 1970 	1886 	1884
f 1884 	1972 	1970
f 1886 	1970 	1971
f 1971 	1885 	1886
f 1971 	1973 	1885
f 1974 	1888 	1887
f 1974 	1887 	1973
f 1960 	1753 	1762
f 1762 	1962 	1960
f 1964 	1961 	1789
f 1963 	1962 	1770
f 1762 	1770 	1962
f 2307 	601 	602
f 1770 	1774 	1963
f 1796 	1975 	1966
f 1593 	1842 	1976
f 1842 	1028 	1976
f 1593 	1976 	1594
f 1977 	1594 	1976
f 1594 	1977 	1600
f 1606 	1026 	1027
f 1606 	1027 	1619
f 987 	985 	1619
f 1600 	1026 	1606
f 1026 	1600 	1977
f 1619 	1027 	987
f 1976 	1558 	1977
f 1976 	1028 	1558
f 1977 	1558 	1564
f 1977 	1564 	1026
f 1978 	1993 	2005
f 2005 	1994 	1978
f 1981 	2757 	1980
f 2757 	2970 	1980
f 1015 	2757 	1982
f 1985 	1980 	1979
f 1979 	1984 	1985
f 1980 	1985 	1986
f 1980 	1986 	1981
f 1981 	1987 	1982
f 1981 	1986 	1987
f 1982 	1988 	1590
f 1982 	1987 	1988
f 1983 	2018 	1989
f 1983 	1989 	1984
f 1984 	1989 	1990
f 1984 	1990 	1985
f 1985 	1991 	1986
f 1990 	1991 	1985
f 1986 	1992 	1987
f 1986 	1991 	1992
f 1987 	1992 	1993
f 1987 	1993 	1988
f 1842 	1988 	1978
f 1988 	1993 	1978
f 1978 	1028 	1842
f 2015 	1990 	1989
f 1991 	2003 	1992
f 1028 	1978 	1994
f 1028 	1994 	1995
f 1994 	1999 	1995
f 1564 	1996 	1997
f 1564 	1997 	1588
f 1995 	1999 	2000
f 1996 	1995 	2000
f 1997 	1996 	2001
f 1996 	2000 	2001
f 1997 	2001 	2002
f 2000 	1024 	2001
f 1997 	2002 	1998
f 1998 	2002 	991
f 1998 	991 	990
f 1999 	1023 	2000
f 1999 	1022 	1023
f 2000 	1023 	1024
f 1025 	2002 	2001
f 2001 	1024 	1025
f 1025 	992 	2002
f 992 	991 	2002
f 2003 	1991 	2016
f 1992 	2004 	1993
f 2003 	2004 	1992
f 2005 	1993 	2004
f 2008 	2004 	2003
f 2016 	2007 	2003
f 2007 	2008 	2003
f 2004 	2008 	2009
f 2004 	2009 	2005
f 2005 	2010 	1994
f 2005 	2009 	2010
f 2010 	1999 	1994
f 2006 	2011 	2007
f 2007 	2012 	2008
f 2007 	2011 	2012
f 2009 	2008 	2013
f 2012 	2013 	2008
f 2014 	2010 	2009
f 2009 	2013 	2014
f 2010 	2014 	1022
f 1022 	1999 	2010
f 2011 	2330 	2012
f 2016 	1991 	1990
f 1990 	2015 	2016
f 2015 	2006 	2016
f 2016 	2006 	2007
f 2018 	2024 	1989
f 2020 	2011 	2006
f 2020 	2019 	2345
f 2017 	2021 	2023
f 2017 	2023 	2018
f 2024 	2018 	2023
f 1989 	2024 	2015
f 2022 	2026 	2021
f 2022 	2025 	2026
f 2021 	2026 	2027
f 2021 	2027 	2023
f 2023 	2027 	2028
f 2027 	2026 	2032
f 2027 	2032 	2221
f 2023 	2028 	2024
f 2024 	2028 	2029
f 2024 	2029 	2015
f 2029 	2006 	2015
f 2030 	2031 	2026
f 2030 	2026 	2025
f 2032 	2026 	2031
f 1965 	2033 	1967
f 1965 	1975 	2033
f 1964 	1796 	1966
f 1789 	1796 	1964
f 2033 	2034 	1967
f 1796 	1840 	1975
f 5111 	3392 	3393
f 5121 	3393 	3666
f 514 	4105 	535
f 2052 	1866 	1959
f 1957 	1958 	1866
f 535 	4106 	707
f 2037 	1866 	2036
f 2036 	1866 	2035
f 2041 	1866 	2040
f 2042 	1866 	2041
f 2043 	1866 	2042
f 1967 	2034 	1968
f 1947 	1866 	2043
f 2034 	2044 	1968
f 2047 	1866 	2046
f 2035 	1866 	2047
f 2049 	37 	2048
f 1969 	1968 	2044
f 2053 	1866 	2052
f 2054 	1866 	2053
f 2055 	1866 	2054
f 2056 	1866 	2055
f 2057 	2058 	1866
f 2108 	1970 	1972
f 2058 	2059 	1866
f 2059 	2060 	1866
f 2108 	2124 	1970
f 2169 	1866 	2061
f 1970 	2124 	1971
f 2065 	2169 	2064
f 2066 	2169 	2065
f 2063 	2064 	2169
f 2067 	2169 	2066
f 4883 	2592 	2543
f 2070 	37 	2069
f 2071 	37 	2070
f 2594 	668 	670
f 2072 	37 	2071
f 2074 	37 	2073
f 2076 	37 	2075
f 2136 	1974 	1973
f 2048 	37 	2076
f 2050 	37 	2049
f 2051 	1866 	2050
f 2138 	2136 	1973
f 2078 	37 	2077
f 2079 	37 	2078
f 1858 	1870 	4749
f 2080 	37 	2079
f 2081 	37 	2080
f 4404 	2502 	2499
f 2084 	37 	2083
f 2086 	37 	2085
f 2087 	37 	2086
f 2138 	1973 	1971
f 2084 	2085 	37
f 37 	2087 	2068
f 2068 	2069 	37
f 2073 	37 	2072
f 2075 	37 	2074
f 2082 	37 	2081
f 2083 	37 	2082
f 2089 	2168 	2088
f 2090 	2168 	2089
f 2092 	2168 	2091
f 2099 	2168 	2093
f 2093 	2168 	2092
f 2044 	2034 	2166
f 2098 	37 	2097
f 2077 	37 	2098
f 2097 	37 	2096
f 2034 	2159 	2166
f 2101 	37 	2100
f 2100 	2168 	2099
f 2095 	37 	2094
f 2096 	37 	2095
f 1975 	1841 	2033
f 2105 	2169 	2104
f 2106 	2169 	2105
f 1972 	2107 	2108
f 2109 	2169 	2106
f 2067 	2104 	2169
f 2110 	2169 	2109
f 2111 	2169 	2110
f 4746 	1481 	4747
f 2112 	2169 	2111
f 2227 	2108 	2107
f 2113 	2169 	2112
f 2114 	2169 	2113
f 2115 	2169 	2114
f 2116 	2169 	2115
f 2118 	2169 	2116
f 1969 	2107 	1972
f 2107 	1969 	2044
f 2126 	2169 	2123
f 2118 	2123 	2169
f 2130 	2169 	2128
f 2132 	2169 	2130
f 2133 	2169 	2132
f 2126 	2128 	2169
f 2227 	2239 	2108
f 2134 	2169 	2133
f 2135 	2169 	2134
f 2137 	2169 	2135
f 2140 	2141 	2169
f 2139 	2140 	2169
f 2141 	2142 	2169
f 2143 	2168 	2142
f 2144 	2168 	2143
f 2145 	2168 	2144
f 2138 	1971 	2124
f 2145 	2146 	2168
f 2136 	2148 	1974
f 2151 	2168 	2150
f 2136 	2138 	2241
f 2152 	2168 	2151
f 2168 	2146 	2147
f 2154 	2168 	2153
f 2153 	2168 	2152
f 2241 	2247 	2136
f 2155 	2168 	2154
f 2157 	2168 	2156
f 2158 	2168 	2157
f 2160 	2168 	2158
f 2155 	2156 	2168
f 2033 	1841 	2159
f 2161 	2168 	2160
f 2162 	2168 	2161
f 2159 	2034 	2033
f 2165 	2168 	2164
f 2163 	2168 	2162
f 2167 	2168 	2165
f 2088 	2168 	2167
f 2091 	2168 	2090
f 2163 	2164 	2168
f 2168 	2169 	2142
f 2149 	2168 	2147
f 2149 	2150 	2168
f 2137 	2139 	2169
f 2103 	37 	2102
f 2102 	37 	2101
f 2094 	37 	2103
f 2168 	2100 	37
f 2045 	1866 	2051
f 2046 	1866 	2045
f 2038 	1866 	2037
f 2039 	1866 	2038
f 2039 	2040 	1866
f 37 	2050 	1866
f 2060 	2061 	1866
f 2061 	2062 	2169
f 2062 	2063 	2169
f 2056 	2057 	1866
f 1860 	2170 	171
f 33 	2171 	28
f 1865 	28 	2171
f 1861 	174 	1875
f 2449 	5051 	4979
f 38 	37 	1878
f 1866 	1878 	37
f 171 	174 	1861
f 171 	1861 	1860
f 1865 	1866 	2169
f 1946 	1865 	2169
f 170 	2170 	167
f 1875 	174 	167
f 2171 	33 	1878
f 38 	1878 	33
f 1875 	167 	2170
f 170 	171 	2170
f 168 	167 	177
f 177 	174 	173
f 174 	177 	167
f 681 	1139 	170
f 681 	170 	169
f 1413 	179 	1446
f 171 	170 	1139
f 172 	171 	1139
f 1945 	29 	28
f 29 	1945 	977
f 978 	2168 	36
f 37 	36 	2168
f 1946 	977 	1945
f 977 	1946 	980
f 645 	778 	1868
f 784 	4289 	4288
f 786 	4290 	4289
f 793 	4450 	4448
f 795 	4456 	4454
f 2175 	2176 	2199
f 2174 	2175 	2199
f 2177 	2178 	1910
f 2176 	2177 	1910
f 2179 	1910 	2178
f 2185 	1910 	2184
f 2186 	1910 	2185
f 2187 	1910 	2186
f 2183 	1910 	2182
f 2183 	2184 	1910
f 2189 	1910 	2188
f 2187 	2188 	1910
f 2190 	1910 	2189
f 2191 	1910 	2190
f 2192 	1910 	2191
f 2193 	1910 	2192
f 2194 	1910 	2193
f 2196 	1910 	2195
f 1390 	1910 	2198
f 1391 	1910 	1390
f 1393 	1394 	1910
f 1396 	1910 	1395
f 1910 	2199 	2176
f 2180 	1910 	2179
f 2181 	1910 	2180
f 2182 	1910 	2181
f 2194 	2195 	1910
f 2173 	2174 	2199
f 2172 	2173 	2199
f 2197 	1910 	2196
f 2198 	1910 	2197
f 2202 	2199 	2201
f 2203 	2199 	2202
f 2204 	2199 	2203
f 2205 	2199 	2204
f 2206 	2199 	2205
f 2207 	2199 	2206
f 2208 	2199 	2207
f 2209 	2199 	2208
f 2210 	2199 	2209
f 2211 	2199 	2210
f 2212 	2199 	2211
f 2216 	2199 	2215
f 2213 	2199 	2212
f 2215 	2199 	2214
f 2217 	2199 	2216
f 2172 	2199 	2219
f 2218 	2219 	2199
f 2213 	2214 	2199
f 2217 	2218 	2199
f 1464 	1465 	2199
f 1356 	2275 	1354
f 1357 	2275 	1356
f 1359 	1360 	2220
f 2275 	2220 	1361
f 1355 	2275 	1361
f 1364 	2220 	1363
f 1365 	2220 	1364
f 1366 	2220 	1365
f 1369 	1358 	2220
f 1358 	1359 	2220
f 1368 	1369 	2220
f 1372 	2220 	1371
f 1370 	2220 	1389
f 1375 	2220 	1374
f 1376 	2220 	1375
f 1377 	2220 	1376
f 1378 	2220 	1377
f 1380 	2220 	1379
f 1373 	2220 	1372
f 1362 	1363 	2220
f 1374 	2220 	1373
f 1379 	2220 	1378
f 1371 	2220 	1370
f 1389 	2220 	1388
f 1388 	2220 	1387
f 1391 	1392 	1910
f 1392 	1393 	1910
f 1395 	1910 	1394
f 1396 	1397 	1910
f 1910 	1397 	1382
f 1383 	2220 	1382
f 1384 	2220 	1383
f 1385 	2220 	1384
f 1386 	2220 	1385
f 1387 	2220 	1386
f 1910 	1382 	2220
f 1367 	2220 	1366
f 1354 	2275 	1355
f 1381 	2220 	1380
f 1381 	1362 	2220
f 1368 	2220 	1367
f 1419 	2275 	1418
f 1420 	2275 	1419
f 1421 	2275 	1420
f 1422 	2275 	1421
f 1424 	2275 	1423
f 1425 	2275 	1424
f 1426 	2275 	1425
f 1413 	1446 	2275
f 1431 	2275 	1430
f 1432 	2275 	1431
f 1434 	1435 	2275
f 2028 	2027 	2221
f 1435 	1436 	2275
f 1418 	2275 	1437
f 1436 	1437 	2275
f 2019 	2028 	2221
f 1446 	1447 	2275
f 1447 	1449 	2275
f 1449 	1450 	2275
f 1452 	1453 	2275
f 1451 	1452 	2275
f 1453 	1454 	2275
f 2221 	2342 	2019
f 2199 	2275 	1454
f 1450 	1451 	2275
f 2028 	2019 	2029
f 1457 	2199 	1456
f 2029 	2020 	2006
f 2029 	2019 	2020
f 790 	791 	4446
f 2030 	3172 	3194
f 2030 	3194 	2367
f 2366 	2367 	3194
f 3329 	5086 	5070
f 2223 	1022 	2222
f 2044 	2166 	2224
f 2159 	1841 	2273
f 2274 	2166 	2159
f 1024 	1023 	2225
f 2166 	2371 	2224
f 1023 	2223 	2225
f 2044 	2224 	2107
f 1024 	2225 	2226
f 1024 	2226 	1025
f 4102 	781 	788
f 2222 	2228 	2223
f 2228 	2222 	2240
f 2223 	2228 	2229
f 4105 	514 	479
f 2223 	2229 	2225
f 2225 	2229 	2230
f 4447 	791 	4448
f 2225 	2230 	2226
f 2226 	2230 	994
f 2226 	994 	993
f 995 	994 	2230
f 1022 	2014 	2222
f 693 	244 	692
f 3388 	3391 	3389
f 2014 	2234 	2222
f 2233 	2236 	2237
f 2236 	2310 	2237
f 2107 	2224 	2227
f 703 	253 	701
f 2233 	2237 	2234
f 2239 	2238 	2124
f 2234 	2237 	2240
f 2234 	2240 	2222
f 684 	236 	682
f 236 	684 	685
f 2124 	2108 	2239
f 2238 	2138 	2124
f 2235 	2302 	2305
f 2138 	2238 	2241
f 2236 	2235 	2305
f 2236 	2305 	2310
f 2240 	2237 	2310
f 2239 	2227 	2375
f 2372 	2375 	2227
f 1863 	2243 	2242
f 1876 	1874 	2243
f 2170 	1860 	2242
f 1865 	2171 	1863
f 2243 	2171 	1876
f 2240 	2244 	2228
f 2228 	2244 	2229
f 2246 	2229 	2244
f 2229 	2246 	2248
f 2230 	2229 	2248
f 2248 	995 	2230
f 2148 	2136 	2247
f 2244 	2313 	2249
f 244 	693 	694
f 2244 	2249 	2250
f 246 	694 	695
f 2273 	2274 	2159
f 696 	246 	695
f 2244 	2250 	2246
f 697 	248 	696
f 2224 	2371 	2227
f 2372 	2227 	2371
f 2239 	2375 	2376
f 2376 	2238 	2239
f 2238 	2380 	2241
f 1859 	1863 	2242
f 2242 	1860 	1859
f 2243 	1863 	2171
f 698 	249 	697
f 2380 	2383 	2241
f 2247 	2241 	2383
f 253 	703 	704
f 2383 	2397 	2247
f 4835 	2543 	2542
f 1507 	1508 	2199
f 1509 	1510 	2199
f 1510 	1511 	2199
f 1512 	1513 	2199
f 1513 	1514 	2199
f 1511 	1512 	2199
f 1508 	1509 	2199
f 1848 	2199 	1514
f 1848 	1849 	2199
f 1506 	1507 	2199
f 1849 	1850 	2199
f 1851 	1852 	2199
f 1852 	1853 	2199
f 1850 	1851 	2199
f 1854 	2255 	2199
f 2256 	2257 	2199
f 670 	2595 	2594
f 2255 	2258 	2199
f 2256 	2199 	2258
f 1854 	1887 	2255
f 2259 	2257 	2256
f 1854 	2199 	1853
f 2259 	2256 	2260
f 2258 	2260 	2256
f 271 	1043 	1044
f 1888 	2260 	2258
f 2261 	2259 	2260
f 1887 	1888 	2255
f 2258 	2255 	1888
f 1888 	1974 	2261
f 2261 	2260 	1888
f 277 	1049 	1050
f 2148 	2261 	1974
f 2148 	2262 	2261
f 1029 	256 	705
f 257 	256 	1030
f 2247 	2263 	2148
f 258 	257 	1030
f 258 	1030 	1031
f 2262 	2148 	2263
f 1032 	258 	1031
f 2397 	2263 	2247
f 1035 	262 	1034
f 1036 	263 	262
f 1036 	262 	1035
f 263 	1036 	264
f 1037 	264 	1036
f 264 	1037 	1038
f 1045 	272 	1044
f 5004 	1800 	1505
f 5004 	2264 	1800
f 274 	273 	1047
f 1048 	275 	1047
f 267 	266 	1040
f 2264 	2265 	1801
f 2265 	2266 	1802
f 271 	1044 	272
f 1045 	1046 	272
f 274 	1047 	275
f 5009 	2267 	2266
f 277 	1050 	1051
f 1052 	279 	1051
f 1053 	279 	1052
f 1812 	2269 	1815
f 2268 	2269 	1812
f 2270 	1824 	2269
f 1460 	2199 	1459
f 1465 	2200 	2199
f 2200 	2201 	2199
f 1434 	2275 	1433
f 1428 	1429 	2275
f 1428 	2275 	1427
f 1433 	2275 	1432
f 1360 	1361 	2220
f 1427 	2275 	1426
f 1429 	1413 	2275
f 2199 	1454 	1456
f 2199 	1457 	1458
f 1458 	1459 	2199
f 1460 	1462 	2199
f 1462 	1464 	2199
f 4106 	535 	4105
f 1883 	707 	4106
f 2268 	2280 	2269
f 1430 	2275 	1357
f 2271 	1841 	2272
f 1841 	1840 	2272
f 2273 	1841 	2271
f 1423 	2275 	1422
f 2273 	2285 	2274
f 2267 	2277 	2268
f 3002 	2397 	2585
f 2277 	2280 	2268
f 2280 	2281 	2269
f 2269 	2281 	2270
f 2282 	2272 	2270
f 4082 	3690 	4086
f 2270 	2281 	2282
f 2282 	2283 	2272
f 2272 	2283 	2271
f 2271 	2284 	2273
f 2283 	2284 	2271
f 2284 	2285 	2273
f 2285 	2287 	2274
f 2588 	3028 	3018
f 3028 	2588 	3033
f 2248 	2246 	2291
f 2250 	2291 	2246
f 2248 	2291 	996
f 2288 	2290 	2292
f 3245 	996 	3255
f 2291 	3255 	996
f 2248 	996 	995
f 3278 	3252 	2325
f 2288 	2292 	2329
f 2295 	2296 	2480
f 2296 	2297 	2480
f 2298 	2254 	2297
f 2299 	2254 	2298
f 2250 	3255 	2291
f 2300 	2254 	2299
f 2300 	2301 	2254
f 2389 	4979 	2275
f 2303 	2254 	2301
f 2306 	2254 	2304
f 2312 	2254 	2311
f 2308 	2254 	2307
f 2311 	2254 	2309
f 2309 	2254 	2308
f 2378 	2290 	2377
f 2290 	2378 	2292
f 2314 	2254 	2312
f 2240 	2310 	2313
f 2488 	2489 	2275
f 2315 	2254 	2314
f 2244 	2240 	2313
f 2489 	2490 	2275
f 2378 	2381 	2292
f 2487 	2488 	2275
f 2302 	2316 	2305
f 2316 	2302 	2338
f 2305 	2316 	2319
f 1064 	1065 	292
f 292 	1065 	1055
f 2318 	2321 	2275
f 2305 	2319 	2310
f 2275 	2322 	2323
f 2324 	2276 	2278
f 2310 	2325 	2313
f 2310 	2319 	2325
f 2320 	2324 	2278
f 2276 	2327 	2279
f 2325 	2249 	2313
f 2324 	2327 	2276
f 2327 	2328 	2279
f 2316 	3277 	2319
f 1076 	305 	1075
f 305 	1076 	1077
f 1055 	1054 	282
f 282 	1054 	1056
f 2317 	2331 	2320
f 1057 	284 	1056
f 2329 	2331 	2317
f 1058 	285 	1057
f 284 	1057 	285
f 2320 	2332 	2324
f 2347 	2330 	2011
f 286 	285 	1059
f 1058 	1059 	285
f 2331 	2332 	2320
f 2012 	2330 	2233
f 286 	1059 	1060
f 2330 	2236 	2233
f 1061 	288 	1060
f 2333 	2327 	2324
f 288 	1061 	1062
f 2233 	2013 	2012
f 290 	289 	1063
f 2332 	2333 	2324
f 2013 	2233 	2014
f 2234 	2014 	2233
f 2333 	2334 	2327
f 2235 	2330 	2356
f 2347 	2356 	2330
f 2327 	2334 	2328
f 2330 	2235 	2236
f 1079 	294 	1078
f 2302 	2235 	2356
f 1079 	1066 	294
f 2329 	2335 	2331
f 1067 	296 	1066
f 2292 	2335 	2329
f 2336 	2337 	2338
f 297 	296 	1068
f 2331 	2339 	2332
f 297 	1068 	1069
f 2335 	2339 	2331
f 2333 	2332 	2340
f 2336 	2338 	2302
f 300 	1070 	1071
f 2339 	2340 	2332
f 1072 	301 	1071
f 300 	1071 	301
f 2337 	2400 	3323
f 2334 	2333 	2286
f 2340 	2286 	2333
f 301 	1072 	1073
f 302 	1073 	1074
f 304 	1074 	1075
f 2286 	3436 	2334
f 305 	1077 	306
f 307 	1080 	1081
f 1084 	1086 	312
f 312 	1086 	1087
f 2355 	2358 	2340
f 2341 	2352 	2342
f 2340 	2358 	2286
f 1089 	1090 	316
f 316 	1090 	1091
f 1091 	1092 	318
f 318 	1092 	1078
f 2342 	2345 	2019
f 2343 	2344 	2346
f 2020 	2345 	2347
f 1094 	320 	1093
f 2344 	2349 	2346
f 2344 	2348 	2349
f 2342 	2354 	2345
f 2342 	2352 	2354
f 2345 	2356 	2347
f 2020 	2347 	2011
f 2349 	2421 	2346
f 329 	328 	1102
f 2277 	5016 	2280
f 4235 	2349 	2348
f 2341 	2364 	2350
f 2352 	2341 	2350
f 2351 	2281 	2280
f 1108 	335 	1107
f 2351 	2353 	2281
f 2281 	2353 	2282
f 1111 	338 	1110
f 2355 	2340 	2339
f 1131 	615 	1111
f 2345 	2354 	2356
f 2282 	2357 	2283
f 1053 	1093 	320
f 1094 	321 	320
f 2357 	2282 	2353
f 1096 	323 	1095
f 2350 	2390 	2352
f 1096 	1097 	323
f 324 	323 	1097
f 2283 	2359 	2284
f 324 	1097 	1098
f 2392 	2395 	2352
f 2360 	3436 	2358
f 2357 	2359 	2283
f 326 	1099 	1100
f 2359 	2401 	2284
f 328 	1100 	1101
f 1101 	1102 	328
f 2361 	2362 	2355
f 2031 	2030 	2368
f 329 	1102 	1103
f 2363 	2358 	2355
f 1104 	331 	1103
f 2368 	2364 	2031
f 331 	1104 	332
f 1105 	332 	1104
f 1106 	333 	332
f 1106 	332 	1105
f 2355 	2362 	2363
f 2032 	2031 	2364
f 1107 	334 	1106
f 2363 	2365 	2358
f 2341 	2221 	2032
f 2285 	2284 	2401
f 2032 	2364 	2341
f 335 	1108 	1109
f 2285 	2404 	2287
f 2341 	2342 	2221
f 2401 	2404 	2285
f 2358 	2365 	2360
f 2365 	3655 	2360
f 2364 	2379 	2350
f 325 	1098 	1112
f 1114 	341 	1113
f 342 	341 	1114
f 342 	1114 	1115
f 342 	1115 	1116
f 1117 	344 	1116
f 2353 	2544 	2357
f 2399 	2361 	2391
f 344 	1117 	1118
f 2391 	2398 	2399
f 1099 	345 	1118
f 2030 	2367 	2368
f 2544 	2545 	2357
f 2366 	2370 	2367
f 2362 	2407 	2363
f 1123 	1124 	352
f 352 	1124 	1125
f 2366 	2369 	2370
f 2367 	2370 	2373
f 363 	360 	1128
f 2371 	2166 	2274
f 2323 	2326 	2275
f 307 	1130 	1080
f 338 	1111 	615
f 2377 	2290 	2289
f 1132 	615 	1131
f 2289 	2374 	2377
f 2367 	2373 	2368
f 2364 	2368 	2379
f 2373 	2379 	2368
f 1120 	347 	1119
f 348 	347 	1121
f 1120 	1121 	347
f 3209 	2432 	2369
f 348 	1121 	1122
f 2376 	2380 	2238
f 2369 	2433 	2370
f 352 	1125 	354
f 354 	1125 	1126
f 2374 	3357 	2382
f 360 	1126 	1127
f 2374 	2382 	2384
f 1127 	1128 	360
f 363 	1128 	1129
f 367 	366 	1130
f 2371 	2274 	2287
f 2377 	2374 	2384
f 2321 	2322 	2275
f 2385 	2386 	2275
f 2377 	2384 	2387
f 1133 	617 	1132
f 617 	1133 	1134
f 1135 	619 	1134
f 2377 	2387 	2378
f 619 	1135 	1136
f 2378 	2391 	2381
f 2372 	2371 	2406
f 2387 	2391 	2378
f 621 	620 	1137
f 2392 	2352 	2390
f 290 	1063 	235
f 2391 	2361 	2381
f 236 	235 	682
f 2372 	2408 	2375
f 685 	237 	236
f 2388 	2389 	2275
f 2410 	2411 	2376
f 686 	239 	237
f 685 	686 	237
f 687 	240 	239
f 687 	239 	686
f 2343 	2346 	2382
f 689 	241 	687
f 2411 	2380 	2376
f 2388 	2275 	2393
f 2386 	2393 	2275
f 2382 	2419 	2384
f 241 	689 	242
f 691 	242 	689
f 243 	691 	692
f 2420 	2387 	2419
f 2384 	2419 	2387
f 2375 	2410 	2376
f 2408 	2410 	2375
f 2326 	2385 	2275
f 2381 	2335 	2292
f 2335 	2381 	2394
f 2354 	2352 	2395
f 2354 	2336 	2356
f 2335 	2394 	2339
f 2354 	2395 	2336
f 2336 	2302 	2356
f 2355 	2339 	2394
f 2381 	2361 	2394
f 687 	241 	240
f 2361 	2355 	2394
f 2391 	2387 	2398
f 242 	691 	243
f 2390 	2396 	2392
f 692 	244 	243
f 2392 	2400 	2395
f 694 	245 	244
f 2392 	2396 	2400
f 2383 	2585 	2397
f 246 	245 	694
f 2395 	2400 	2336
f 2337 	2336 	2400
f 696 	247 	246
f 2402 	2398 	2420
f 696 	248 	247
f 248 	697 	249
f 699 	250 	249
f 699 	249 	698
f 2398 	2402 	2399
f 2403 	2399 	2402
f 2718 	2321 	2717
f 250 	699 	251
f 700 	251 	699
f 251 	700 	252
f 701 	252 	700
f 701 	253 	252
f 704 	254 	253
f 704 	705 	254
f 255 	254 	705
f 255 	705 	256
f 1029 	1030 	256
f 2359 	2357 	2545
f 1032 	259 	258
f 1033 	260 	259
f 1033 	259 	1032
f 1034 	261 	260
f 1034 	260 	1033
f 2359 	2546 	2401
f 2385 	2446 	2386
f 262 	261 	1034
f 2359 	2545 	2546
f 1038 	265 	264
f 1039 	266 	265
f 1039 	265 	1038
f 2405 	2362 	2361
f 1039 	1040 	266
f 4979 	2389 	2449
f 2404 	2547 	2548
f 2449 	2388 	2453
f 2371 	2287 	2406
f 2393 	2455 	2453
f 2399 	2405 	2361
f 2446 	2455 	2386
f 2393 	2386 	2455
f 1043 	270 	1042
f 2405 	2407 	2362
f 271 	270 	1043
f 2372 	2406 	2408
f 2287 	2416 	2406
f 2363 	2409 	2365
f 2407 	2409 	2363
f 1048 	1049 	275
f 2403 	2412 	2399
f 2403 	4370 	2412
f 1053 	280 	279
f 4883 	2593 	2592
f 2411 	2415 	2380
f 2399 	2412 	2405
f 2405 	2413 	2407
f 2415 	2383 	2380
f 267 	1040 	268
f 1041 	268 	1040
f 1401 	2597 	679
f 268 	1041 	269
f 1042 	269 	1041
f 270 	269 	1042
f 2412 	2413 	2405
f 4389 	2498 	2491
f 2413 	2414 	2407
f 4389 	4404 	2498
f 1046 	273 	272
f 1046 	1047 	273
f 2407 	2414 	2409
f 2411 	2424 	2415
f 1049 	276 	275
f 277 	276 	1049
f 1051 	278 	277
f 1051 	279 	278
f 1053 	320 	280
f 2412 	4370 	2413
f 1055 	282 	281
f 282 	1056 	283
f 283 	1056 	284
f 2287 	2404 	2416
f 286 	1060 	287
f 2406 	2417 	2408
f 287 	1060 	288
f 1062 	289 	288
f 1062 	1063 	289
f 2416 	2417 	2406
f 682 	235 	1063
f 2417 	2418 	2408
f 2419 	2382 	2346
f 2346 	2421 	2419
f 291 	1064 	292
f 1055 	281 	292
f 293 	318 	1078
f 2420 	2398 	2387
f 2408 	2418 	2410
f 294 	293 	1078
f 2418 	2422 	2410
f 1066 	295 	294
f 295 	1066 	296
f 2419 	2421 	2423
f 1067 	1068 	296
f 1069 	298 	297
f 2419 	2423 	2420
f 1069 	1070 	298
f 299 	298 	1070
f 2411 	2410 	2422
f 300 	299 	1070
f 2423 	2402 	2420
f 2411 	2422 	2424
f 2423 	4361 	2402
f 2379 	2425 	2390
f 2428 	2429 	2425
f 2379 	2390 	2350
f 2390 	2425 	2429
f 2429 	2396 	2390
f 2427 	2647 	2430
f 2427 	2644 	2647
f 2431 	2254 	2315
f 2428 	3372 	2429
f 920 	2254 	2431
f 922 	924 	2254
f 2254 	2480 	2297
f 2303 	2304 	2254
f 2306 	2307 	2254
f 2294 	2295 	2480
f 2293 	2294 	2480
f 2433 	2369 	2432
f 931 	933 	2254
f 913 	2254 	910
f 2373 	2370 	2434
f 847 	1004 	845
f 2370 	2433 	2434
f 849 	1004 	847
f 851 	1004 	849
f 2373 	2434 	2425
f 853 	1004 	851
f 855 	1004 	853
f 879 	845 	1004
f 2434 	2428 	2425
f 859 	1004 	857
f 857 	1004 	855
f 2379 	2373 	2425
f 873 	1004 	872
f 875 	1004 	873
f 879 	1004 	877
f 875 	877 	1004
f 2432 	2436 	2433
f 906 	908 	2254
f 2432 	2435 	2436
f 908 	910 	2254
f 2433 	2436 	2437
f 2433 	2437 	2434
f 2428 	2434 	2437
f 929 	2254 	927
f 931 	2254 	929
f 920 	922 	2254
f 937 	904 	2254
f 935 	2254 	933
f 904 	906 	2254
f 935 	937 	2254
f 924 	927 	2254
f 2435 	3377 	3379
f 2435 	3379 	2436
f 914 	2254 	913
f 914 	915 	2254
f 865 	867 	1004
f 867 	869 	1004
f 1004 	869 	872
f 3379 	3382 	2436
f 2254 	915 	1004
f 917 	865 	1004
f 917 	1004 	915
f 859 	860 	1004
f 860 	862 	1004
f 2457 	2458 	1004
f 2323 	2721 	2326
f 2385 	2442 	2446
f 2447 	2491 	2445
f 2117 	2491 	2447
f 2449 	2389 	2388
f 2450 	1004 	2448
f 2451 	1004 	2450
f 2393 	2453 	2388
f 2454 	1004 	862
f 2456 	1004 	2454
f 2459 	1004 	2458
f 2460 	1004 	2459
f 2461 	1004 	2460
f 2457 	1004 	2456
f 2448 	1004 	2462
f 2455 	2471 	2473
f 2462 	1004 	2461
f 2455 	2473 	2453
f 2451 	2452 	1004
f 2443 	2491 	2452
f 2444 	2491 	2443
f 2445 	2491 	2444
f 2453 	2473 	2449
f 2471 	2455 	2446
f 2385 	2326 	2442
f 2465 	2480 	2464
f 2466 	2480 	2465
f 2467 	2480 	2466
f 2469 	2480 	2467
f 2464 	2480 	2463
f 2468 	2446 	2442
f 2470 	2480 	2469
f 2474 	2480 	2472
f 2472 	2480 	2470
f 2475 	2480 	2474
f 2476 	2480 	2475
f 2477 	2480 	2476
f 2478 	2480 	2477
f 2293 	2480 	2478
f 2446 	2468 	2471
f 2468 	2479 	2471
f 2471 	2479 	2481
f 2471 	2481 	2473
f 2473 	2481 	2482
f 1893 	2491 	1892
f 1894 	2491 	1893
f 1895 	2491 	1894
f 1896 	2491 	1895
f 1897 	2491 	1896
f 1073 	302 	301
f 1074 	303 	302
f 1903 	2491 	1902
f 1904 	2491 	1903
f 303 	1074 	304
f 1905 	2491 	1904
f 2491 	1899 	1900
f 2483 	2484 	2275
f 1906 	2491 	1905
f 1075 	305 	304
f 2485 	2486 	2275
f 1907 	2491 	1906
f 2486 	2487 	2275
f 306 	1077 	291
f 1064 	291 	1077
f 1911 	1912 	2491
f 1915 	2480 	1914
f 1081 	308 	307
f 1082 	309 	1081
f 308 	1081 	309
f 1918 	2480 	1917
f 309 	1082 	1083
f 309 	1083 	310
f 2596 	2595 	679
f 1919 	2480 	1918
f 1920 	2480 	1919
f 1084 	311 	1083
f 310 	1083 	311
f 2596 	679 	2597
f 311 	1084 	312
f 2480 	1920 	1922
f 1922 	1924 	2480
f 1924 	1926 	2480
f 1929 	1930 	2480
f 1087 	313 	312
f 1401 	1481 	2597
f 313 	1087 	1088
f 313 	1088 	314
f 1926 	1929 	2480
f 1089 	315 	1088
f 314 	1088 	315
f 315 	1089 	316
f 1091 	317 	316
f 317 	1091 	318
f 2495 	2496 	2491
f 1095 	322 	321
f 1095 	321 	1094
f 323 	322 	1095
f 1098 	325 	324
f 1100 	327 	326
f 2607 	2608 	2491
f 2608 	2609 	2491
f 328 	327 	1100
f 1103 	330 	329
f 2610 	2611 	2491
f 2612 	2613 	2491
f 331 	330 	1103
f 2611 	2614 	2491
f 2491 	2609 	2610
f 333 	1106 	334
f 335 	334 	1107
f 1109 	336 	335
f 336 	1109 	337
f 1110 	337 	1109
f 1110 	338 	337
f 1112 	339 	325
f 2492 	2493 	2491
f 339 	1112 	340
f 1113 	340 	1112
f 2494 	2495 	2491
f 341 	340 	1113
f 1116 	343 	342
f 344 	343 	1116
f 1118 	345 	344
f 2496 	2497 	2491
f 1099 	326 	345
f 621 	1137 	346
f 346 	1119 	347
f 1122 	349 	348
f 2493 	2494 	2491
f 2492 	2500 	2493
f 349 	1122 	1123
f 349 	1123 	350
f 350 	1123 	352
f 354 	1126 	357
f 357 	1126 	360
f 363 	1129 	366
f 1129 	1130 	366
f 2491 	2498 	2492
f 1130 	307 	367
f 2499 	2500 	2492
f 1132 	616 	615
f 617 	616 	1132
f 2501 	2493 	2500
f 1134 	618 	617
f 619 	618 	1134
f 1136 	620 	619
f 2495 	2681 	2496
f 1136 	1137 	620
f 1119 	346 	1137
f 2682 	2497 	2496
f 35 	175 	1284
f 35 	1284 	975
f 973 	961 	1268
f 973 	1268 	1281
f 974 	1282 	1276
f 974 	1276 	967
f 1141 	1142 	799
f 800 	799 	1143
f 1142 	1143 	799
f 801 	1143 	1144
f 2499 	2504 	2500
f 1145 	802 	1144
f 2498 	2499 	2492
f 2503 	2499 	2502
f 1930 	1932 	2480
f 1933 	2480 	1932
f 1933 	2463 	2480
f 2503 	2504 	2499
f 1913 	2480 	1912
f 1898 	2491 	1897
f 1916 	2480 	1915
f 2491 	1912 	2480
f 1916 	1917 	2480
f 1914 	2480 	1913
f 1898 	1911 	2491
f 2275 	2484 	2485
f 2505 	2275 	2490
f 2121 	2491 	2120
f 2119 	2491 	2117
f 2122 	2491 	2121
f 2505 	2318 	2275
f 2127 	2491 	2125
f 2483 	2510 	2484
f 2125 	2491 	2122
f 2131 	2491 	2129
f 1899 	2491 	2131
f 1901 	1902 	2491
f 2486 	2513 	2487
f 1004 	2452 	2491
f 2119 	2120 	2491
f 2127 	2129 	2491
f 1900 	1901 	2491
f 1892 	2491 	1909
f 1909 	2491 	1908
f 2488 	2487 	2514
f 1907 	1908 	2491
f 2508 	2483 	2275
f 2509 	2510 	2483
f 2512 	2484 	2510
f 2514 	2487 	2513
f 2516 	2513 	2486
f 2515 	2485 	2484
f 2512 	2515 	2484
f 2515 	2516 	2485
f 2440 	2771 	2518
f 3752 	2517 	2521
f 2517 	2526 	2521
f 2507 	2522 	2511
f 2521 	2522 	2507
f 2559 	2561 	2439
f 2639 	2629 	2522
f 2567 	2519 	2441
f 2440 	2567 	2441
f 2775 	2520 	1005
f 2524 	2526 	2517
f 2518 	2560 	2440
f 2526 	2527 	2521
f 2521 	2527 	2522
f 2519 	2570 	2520
f 2524 	2711 	2526
f 2528 	1008 	1007
f 1007 	2529 	2528
f 2859 	2503 	2534
f 2502 	2534 	2503
f 2859 	2504 	2503
f 2502 	2533 	2534
f 4426 	2537 	2533
f 2533 	2536 	2534
f 2537 	2536 	2533
f 2404 	2548 	2416
f 2537 	2538 	2536
f 2416 	2564 	2417
f 2538 	2537 	2539
f 805 	1147 	1148
f 2538 	2539 	2541
f 2539 	2540 	2541
f 2566 	2422 	2418
f 2540 	4145 	2541
f 4145 	2540 	2542
f 810 	1152 	1153
f 2569 	2424 	2422
f 812 	1154 	1155
f 1156 	813 	1155
f 1160 	817 	1158
f 817 	1160 	1161
f 2546 	2547 	2401
f 2525 	2575 	2572
f 2550 	2552 	2546
f 2575 	2525 	2520
f 2546 	2552 	2547
f 2572 	2529 	2525
f 2401 	2547 	2404
f 2528 	997 	1008
f 1141 	798 	1140
f 798 	1141 	799
f 706 	751 	2544
f 2544 	2549 	2545
f 2512 	2602 	2515
f 801 	1144 	802
f 751 	2549 	2544
f 1145 	1146 	802
f 803 	802 	1146
f 2545 	2550 	2546
f 1149 	806 	1148
f 2516 	2486 	2485
f 2549 	2550 	2545
f 2514 	2551 	2488
f 2555 	2550 	2549
f 2555 	2557 	2550
f 1153 	1154 	810
f 2547 	2553 	2548
f 2514 	2795 	2551
f 2552 	2553 	2547
f 812 	1155 	813
f 1156 	1157 	813
f 751 	755 	2549
f 755 	2555 	2549
f 2552 	2550 	2557
f 805 	1148 	806
f 1150 	807 	1149
f 806 	1149 	807
f 2559 	2438 	2558
f 2559 	2439 	2438
f 1157 	814 	813
f 755 	2707 	2555
f 2560 	2518 	2561
f 2518 	2439 	2561
f 2552 	2562 	2553
f 1164 	821 	1163
f 2557 	2562 	2552
f 821 	1164 	1165
f 2562 	2563 	2553
f 2559 	2558 	2582
f 823 	822 	1166
f 2557 	2709 	2562
f 1167 	824 	1166
f 825 	824 	1168
f 2559 	2582 	2583
f 826 	1169 	1159
f 2583 	2561 	2559
f 2564 	2416 	2548
f 2417 	2565 	2418
f 1174 	831 	1173
f 2565 	2417 	2564
f 831 	1174 	832
f 1175 	832 	1174
f 1175 	1176 	832
f 833 	832 	1176
f 2565 	2566 	2418
f 1177 	833 	1176
f 2560 	2567 	2440
f 2574 	2565 	2564
f 2567 	2560 	2633
f 1180 	837 	1179
f 2568 	2519 	2567
f 2566 	2569 	2422
f 2568 	2570 	2519
f 1829 	1752 	1754
f 2571 	2564 	2548
f 2548 	2553 	2571
f 2571 	2574 	2564
f 2571 	2579 	2574
f 2576 	2566 	2565
f 2570 	2575 	2520
f 1836 	1760 	1761
f 2574 	2576 	2565
f 2576 	2578 	2566
f 2574 	2580 	2576
f 2529 	2572 	2573
f 2529 	2573 	2528
f 2578 	2589 	2569
f 2577 	2528 	2573
f 997 	2528 	2577
f 1928 	1927 	1776
f 1776 	1756 	1928
f 2569 	2566 	2578
f 2563 	2571 	2553
f 1002 	997 	2577
f 2563 	2579 	2571
f 2574 	2579 	2580
f 1944 	1788 	1757
f 2576 	2581 	2578
f 2576 	2580 	2581
f 2838 	2556 	2554
f 1663 	1526 	1525
f 2740 	3064 	2581
f 2558 	2839 	2582
f 839 	1181 	1182
f 2561 	2583 	2584
f 1183 	839 	1182
f 2383 	2415 	2585
f 2584 	2560 	2561
f 841 	1183 	1184
f 2424 	2586 	2415
f 2415 	2586 	2585
f 2488 	2551 	2489
f 2587 	2505 	2490
f 2505 	2717 	2318
f 2569 	2588 	2424
f 2505 	2587 	2717
f 2587 	2490 	2590
f 2551 	2590 	2489
f 2489 	2590 	2490
f 2589 	2588 	2569
f 2581 	2591 	2578
f 1194 	858 	1193
f 2578 	2591 	2589
f 814 	1157 	1170
f 2799 	2590 	2551
f 2508 	2509 	2483
f 2318 	2717 	2321
f 2719 	2323 	2322
f 2719 	2322 	2720
f 670 	679 	2595
f 1529 	1528 	1666
f 2720 	2321 	2718
f 1529 	1666 	1530
f 4863 	2597 	4746
f 2598 	2509 	2599
f 2510 	2600 	2601
f 2510 	2601 	2512
f 2601 	2602 	2512
f 2491 	2680 	2603
f 1678 	1541 	1540
f 2604 	2605 	2516
f 1678 	1679 	1541
f 2678 	2491 	2677
f 2516 	2605 	2513
f 2491 	2603 	2606
f 2515 	2604 	2516
f 2602 	2604 	2515
f 2606 	2607 	2491
f 2612 	2619 	2613
f 2600 	2510 	2509
f 2612 	2491 	2614
f 2598 	2600 	2509
f 2610 	2616 	2611
f 2616 	2646 	2611
f 2690 	2692 	2606
f 2690 	2606 	2603
f 2599 	2618 	2598
f 2620 	2598 	2618
f 2620 	2600 	2598
f 2602 	2897 	2604
f 2694 	2607 	2606
f 2606 	2692 	2694
f 2608 	2695 	2609
f 2622 	2602 	2601
f 2610 	2615 	2616
f 1559 	1557 	1692
f 2622 	2897 	2602
f 2609 	2615 	2610
f 2615 	2648 	2616
f 2599 	2617 	2618
f 1570 	1703 	1704
f 2620 	2621 	2600
f 2601 	2600 	2621
f 2601 	2621 	2622
f 1712 	1579 	1578
f 2627 	2620 	2618
f 2621 	2620 	2628
f 2627 	2628 	2620
f 2629 	2623 	2506
f 1704 	1571 	1570
f 1704 	1705 	1571
f 4159 	2624 	2530
f 2531 	2530 	2625
f 2626 	2627 	2618
f 2624 	2625 	2530
f 1712 	1713 	1579
f 2506 	2511 	2629
f 2511 	2522 	2629
f 2630 	2624 	2623
f 2618 	2617 	2626
f 2631 	2626 	2617
f 2623 	2629 	2630
f 2630 	2632 	2624
f 2624 	2632 	2625
f 2630 	2640 	2632
f 2641 	2632 	2640
f 2641 	2659 	2632
f 3000 	2627 	2626
f 1726 	1727 	1795
f 2560 	2584 	2633
f 2567 	2633 	2634
f 2625 	2635 	2531
f 2531 	2635 	2532
f 2635 	2636 	2532
f 2532 	2636 	2535
f 2625 	2632 	2637
f 2625 	2637 	2635
f 2637 	2638 	2635
f 2637 	2660 	2638
f 2635 	2638 	2636
f 2637 	2632 	2659
f 2659 	2660 	2637
f 2639 	2640 	2629
f 1819 	1743 	1820
f 1743 	1744 	1820
f 2629 	2640 	2630
f 828 	1170 	1171
f 2426 	2643 	2644
f 2614 	2645 	2612
f 2619 	2612 	2645
f 829 	828 	1172
f 2614 	2646 	2645
f 2427 	2426 	2644
f 1172 	1173 	829
f 830 	829 	1173
f 831 	830 	1173
f 2614 	2611 	2646
f 1177 	834 	833
f 2430 	2647 	2651
f 1178 	834 	1177
f 1179 	836 	1178
f 2646 	2649 	2650
f 1179 	837 	836
f 837 	1180 	1181
f 2646 	2650 	2645
f 2619 	2645 	2650
f 2616 	2649 	2646
f 2648 	2649 	2616
f 841 	1184 	1185
f 843 	842 	1186
f 2668 	2649 	2648
f 843 	1186 	844
f 1187 	844 	1186
f 1188 	846 	844
f 1188 	844 	1187
f 2651 	2642 	2430
f 846 	1188 	1189
f 2639 	2522 	2653
f 1191 	852 	1190
f 2642 	2651 	3818
f 2652 	3818 	2651
f 2527 	2653 	2522
f 1192 	852 	1191
f 2652 	2655 	3818
f 2640 	2639 	2654
f 2653 	2654 	2639
f 856 	854 	1193
f 2654 	2656 	2640
f 1193 	858 	856
f 858 	1194 	1195
f 2640 	2656 	2641
f 868 	866 	1199
f 2653 	2715 	2654
f 1200 	868 	1199
f 1201 	1202 	874
f 1203 	874 	1202
f 880 	1204 	1205
f 880 	1205 	1206
f 2656 	2661 	2641
f 2659 	2662 	2660
f 2659 	2641 	2661
f 2757 	2633 	2584
f 2647 	2870 	2651
f 2866 	2870 	2647
f 2567 	2634 	2568
f 2568 	2634 	2663
f 2570 	2568 	2663
f 2575 	2664 	2665
f 4095 	2666 	2426
f 903 	1220 	1221
f 2650 	2649 	2670
f 1221 	1222 	903
f 2666 	2643 	2426
f 2666 	2667 	2643
f 2650 	2670 	2672
f 2670 	2649 	2668
f 1231 	899 	1230
f 899 	1231 	1232
f 2670 	2674 	2675
f 2670 	2675 	2672
f 883 	1207 	1208
f 1209 	884 	1208
f 2674 	2966 	2675
f 884 	1209 	1210
f 2668 	2674 	2670
f 1211 	886 	1210
f 886 	1211 	1212
f 886 	1212 	887
f 1213 	888 	1212
f 887 	1212 	888
f 888 	1213 	1214
f 1215 	890 	1214
f 890 	1215 	1216
f 1216 	1217 	892
f 2676 	2673 	2951
f 892 	1217 	1218
f 2497 	2677 	2491
f 1169 	826 	1219
f 2491 	2678 	2680
f 2682 	2496 	2681
f 2685 	2681 	2495
f 2688 	2677 	2497
f 2688 	2691 	2677
f 2683 	2494 	2493
f 2493 	2501 	2683
f 2685 	2494 	2683
f 2500 	2504 	2696
f 1829 	1754 	1830
f 1830 	1754 	1831
f 2500 	2696 	2501
f 2697 	2683 	2501
f 1834 	1833 	1757
f 2495 	2494 	2685
f 1761 	1837 	1836
f 1838 	1837 	1761
f 2682 	2688 	2497
f 1771 	1921 	1847
f 1771 	1923 	1921
f 2689 	2680 	2678
f 2603 	2680 	2690
f 2690 	2680 	2689
f 2689 	2678 	2691
f 2677 	2691 	2678
f 1782 	1938 	1937
f 2693 	2608 	2607
f 1939 	1938 	1782
f 1784 	1940 	1939
f 2607 	2694 	2693
f 1941 	1940 	1784
f 1757 	1833 	1944
f 978 	979 	2168
f 2608 	2693 	2695
f 2168 	979 	2169
f 2693 	2694 	2755
f 2615 	2609 	2695
f 2696 	2697 	2501
f 2685 	2698 	2699
f 2685 	2699 	2681
f 2681 	2700 	2682
f 2699 	2700 	2681
f 2682 	2700 	2701
f 2682 	2701 	2688
f 2702 	2689 	2691
f 2703 	2702 	2691
f 2702 	2742 	2689
f 2691 	2688 	2703
f 2701 	2703 	2688
f 2661 	2662 	2659
f 2638 	2878 	2636
f 2638 	2660 	2878
f 2662 	2880 	2660
f 2704 	2711 	2523
f 2706 	2708 	2704
f 2711 	2524 	2523
f 1227 	1228 	895
f 896 	895 	1228
f 1229 	897 	1228
f 2707 	755 	760
f 1232 	900 	899
f 2707 	2709 	2555
f 760 	764 	2707
f 2705 	2726 	2706
f 2555 	2709 	2557
f 2708 	2706 	2728
f 2726 	2728 	2706
f 2710 	2562 	2709
f 2563 	2562 	2712
f 1238 	1239 	925
f 2710 	2712 	2562
f 1240 	926 	1239
f 2711 	2713 	2526
f 2526 	2714 	2527
f 2714 	2526 	2713
f 1244 	1245 	936
f 2714 	2715 	2527
f 1245 	1227 	936
f 2716 	2723 	2714
f 941 	940 	1249
f 2321 	2720 	2322
f 2714 	2723 	2715
f 2323 	2719 	2721
f 945 	944 	1253
f 2527 	2715 	2653
f 1256 	948 	1255
f 2708 	2711 	2704
f 2708 	2722 	2711
f 2711 	2722 	2713
f 2713 	2716 	2714
f 2442 	2326 	2721
f 2716 	2713 	2722
f 952 	1259 	1260
f 2806 	2720 	2718
f 2808 	2719 	2810
f 2728 	2733 	2708
f 916 	957 	1234
f 2810 	2719 	2720
f 1235 	918 	1234
f 2736 	2723 	2716
f 1236 	919 	1235
f 2442 	2721 	2809
f 919 	1236 	1237
f 765 	2707 	764
f 925 	1239 	926
f 2707 	2724 	2709
f 926 	1240 	1241
f 765 	2724 	2707
f 2724 	2727 	2709
f 932 	930 	1243
f 2726 	2705 	2725
f 932 	1243 	1244
f 2726 	2725 	2729
f 2709 	2727 	2710
f 2727 	2731 	2710
f 2730 	2729 	2725
f 940 	1247 	1248
f 2710 	2731 	2712
f 2729 	2732 	2726
f 1248 	1249 	940
f 941 	1249 	1250
f 1251 	943 	1250
f 2726 	2732 	2728
f 943 	1251 	944
f 1252 	944 	1251
f 1252 	1253 	944
f 765 	2840 	2724
f 945 	1253 	1254
f 2729 	2730 	2744
f 947 	946 	1255
f 2841 	2727 	2724
f 947 	1255 	948
f 2727 	2841 	2731
f 2843 	2731 	2841
f 2722 	2708 	2733
f 2733 	2734 	2722
f 2738 	2733 	2732
f 2728 	2732 	2733
f 2563 	2712 	2735
f 2738 	2739 	2733
f 952 	1260 	1261
f 2722 	2734 	2716
f 2579 	2563 	2735
f 1263 	955 	1262
f 2580 	2579 	2737
f 2734 	2736 	2716
f 2735 	2737 	2579
f 2734 	2733 	2739
f 2739 	2741 	2734
f 2700 	2699 	2758
f 2783 	2784 	2739
f 2760 	2703 	2701
f 2734 	2741 	2736
f 2683 	2698 	2685
f 2748 	2782 	2732
f 2732 	2782 	2738
f 2738 	2783 	2739
f 2697 	2698 	2683
f 2730 	4205 	2743
f 2743 	2744 	2730
f 2687 	3733 	2686
f 2745 	2692 	2742
f 2692 	2690 	2742
f 2689 	2742 	2690
f 2575 	2665 	2572
f 2692 	2749 	2694
f 2692 	2745 	2749
f 1014 	2573 	2572
f 2751 	2754 	2684
f 2693 	2755 	2752
f 1013 	2573 	1014
f 2570 	2664 	2575
f 2684 	2754 	2686
f 2754 	2756 	2686
f 2749 	2755 	2694
f 955 	1263 	1264
f 2570 	2663 	2664
f 957 	956 	1265
f 2695 	2752 	2753
f 2572 	2665 	1014
f 1266 	958 	1206
f 958 	1266 	1267
f 2615 	2695 	2753
f 959 	1267 	1246
f 825 	1168 	797
f 797 	1140 	798
f 2920 	2753 	2752
f 1018 	1020 	2665
f 2752 	2695 	2693
f 2577 	1012 	1002
f 2648 	2615 	2753
f 803 	1146 	1147
f 2577 	1013 	1012
f 2696 	2861 	2697
f 1013 	2577 	2573
f 1150 	1151 	807
f 2860 	2696 	2504
f 1154 	811 	810
f 2860 	2861 	2696
f 2967 	2583 	2582
f 800 	1143 	801
f 2697 	2864 	2698
f 2697 	2861 	2864
f 1147 	804 	803
f 2633 	2757 	1015
f 2701 	2759 	2760
f 2699 	2698 	2867
f 1015 	2634 	2633
f 2634 	1016 	2663
f 2699 	2867 	2758
f 1016 	2634 	1015
f 2663 	1016 	1017
f 2663 	1017 	2664
f 2664 	1018 	2665
f 2664 	1017 	1018
f 2700 	2759 	2701
f 2759 	2700 	2758
f 2757 	2584 	2970
f 2760 	2761 	2703
f 2761 	2702 	2703
f 2702 	2762 	2742
f 2967 	1980 	2970
f 2761 	2762 	2702
f 2764 	2765 	1004
f 2742 	2762 	2772
f 2779 	2768 	2767
f 2765 	2766 	1004
f 2912 	2760 	2759
f 2764 	2777 	2765
f 2767 	2781 	2779
f 2764 	1004 	2763
f 2742 	2772 	2745
f 2774 	2775 	1004
f 2775 	1005 	1004
f 2745 	2772 	2916
f 2764 	2776 	2777
f 2778 	2765 	2777
f 2768 	2779 	2438
f 2749 	2745 	2916
f 2438 	2769 	2768
f 2765 	2780 	2766
f 2780 	2765 	2778
f 2781 	2766 	2780
f 2822 	2778 	2777
f 2918 	2752 	2755
f 2781 	2767 	2766
f 2439 	2769 	2438
f 2556 	2779 	2781
f 2779 	2558 	2438
f 2779 	2556 	2558
f 2769 	2439 	2770
f 2773 	2771 	2440
f 2440 	2441 	2773
f 2771 	2770 	2518
f 2439 	2518 	2770
f 2867 	2909 	2758
f 2781 	2554 	2556
f 2909 	2911 	2758
f 2732 	2729 	2748
f 2744 	2748 	2729
f 2782 	2783 	2738
f 2741 	2739 	2784
f 2744 	68 	2748
f 2748 	68 	2782
f 70 	2784 	2783
f 2785 	2654 	2715
f 2786 	2656 	2654
f 2785 	2786 	2654
f 2656 	2786 	2787
f 2656 	2787 	2661
f 2661 	2787 	2662
f 2788 	2662 	2787
f 2715 	2789 	2785
f 2723 	2789 	2715
f 2789 	2790 	2785
f 2041 	1304 	1305
f 2785 	2790 	2786
f 2791 	2787 	2786
f 2786 	2790 	2791
f 2791 	2792 	2787
f 2787 	2792 	2788
f 2793 	2514 	2513
f 2791 	2797 	2792
f 2513 	2605 	2793
f 2794 	2723 	2736
f 2789 	2723 	2794
f 2514 	2793 	2795
f 2789 	2796 	2790
f 2794 	2796 	2789
f 2796 	2797 	2790
f 2590 	2798 	2587
f 2796 	2805 	2797
f 2590 	2799 	2798
f 2790 	2797 	2791
f 2801 	2792 	2797
f 2798 	2800 	2587
f 2798 	2827 	2800
f 2736 	2802 	2794
f 2741 	2802 	2736
f 2802 	2803 	2794
f 2795 	2799 	2551
f 2802 	2811 	2803
f 2794 	2803 	2796
f 2804 	2718 	2800
f 2718 	2717 	2800
f 2587 	2800 	2717
f 2803 	2805 	2796
f 2805 	2807 	2801
f 2805 	2801 	2797
f 2804 	2806 	2718
f 3101 	2792 	2801
f 2720 	2806 	2810
f 2784 	2811 	2741
f 2809 	2721 	2808
f 2686 	2756 	2687
f 2442 	2809 	2468
f 2812 	2746 	2687
f 2687 	2756 	2812
f 2812 	2813 	2746
f 2721 	2719 	2808
f 2746 	2813 	2747
f 2813 	2814 	2747
f 2793 	2819 	2795
f 2554 	2781 	2780
f 2776 	2764 	2763
f 2605 	2604 	2934
f 2774 	2441 	2775
f 2519 	2775 	2441
f 2604 	2897 	2934
f 2885 	2679 	2750
f 1005 	2525 	1006
f 2815 	2750 	2679
f 2816 	2605 	2934
f 2529 	1006 	2525
f 2679 	2893 	2815
f 2525 	1005 	2520
f 2775 	2519 	2520
f 2815 	2751 	2750
f 2774 	2773 	2441
f 2793 	2605 	2816
f 2754 	2751 	2817
f 2776 	2820 	2818
f 2821 	2822 	2777
f 2815 	2817 	2751
f 2823 	2754 	2817
f 2793 	2816 	2819
f 2824 	2780 	2778
f 2825 	2826 	2799
f 2778 	2822 	2824
f 2737 	2740 	2580
f 2826 	2798 	2799
f 2826 	2827 	2798
f 2554 	2780 	2824
f 2581 	2580 	2740
f 2754 	2823 	2756
f 2823 	2828 	2756
f 2795 	2825 	2799
f 2795 	2819 	2825
f 2554 	2824 	2835
f 2581 	3064 	2591
f 2756 	2828 	2812
f 2777 	2776 	2821
f 2813 	2812 	2278
f 2800 	2827 	2830
f 2712 	2829 	2735
f 2776 	2818 	2821
f 2731 	2829 	2712
f 2829 	2831 	2735
f 2828 	2278 	2812
f 2819 	2942 	2825
f 2276 	2814 	2813
f 2831 	2737 	2735
f 2975 	2818 	2820
f 2831 	2832 	2737
f 2278 	2276 	2813
f 2276 	2279 	2814
f 2737 	2832 	2740
f 2832 	3065 	2740
f 3380 	2814 	2279
f 2800 	2830 	2804
f 2804 	2830 	2833
f 2830 	2875 	2833
f 2843 	2895 	2731
f 2894 	2817 	2815
f 2829 	2731 	2895
f 2806 	2804 	2833
f 2831 	2829 	2895
f 2810 	2836 	2837
f 2835 	2824 	2834
f 2554 	2835 	2838
f 2808 	2810 	2837
f 2839 	2556 	2838
f 2853 	2808 	2837
f 765 	1441 	2840
f 2828 	2320 	2278
f 3305 	3309 	2837
f 2317 	2320 	2828
f 2809 	2808 	2853
f 2835 	2958 	2838
f 2724 	2840 	2841
f 2809 	2857 	2468
f 2838 	2962 	2839
f 2809 	2853 	2857
f 2839 	2558 	2556
f 2845 	2840 	1441
f 2806 	2836 	2810
f 1441 	1448 	2845
f 2845 	2848 	2840
f 2741 	2811 	2802
f 2849 	2803 	2811
f 2840 	2848 	2841
f 2833 	2836 	2806
f 2803 	2850 	2805
f 2841 	2852 	2843
f 2848 	2852 	2841
f 2849 	2850 	2803
f 2851 	2854 	2842
f 2895 	2843 	3061
f 2852 	3061 	2843
f 2850 	2252 	2805
f 2805 	2252 	2807
f 3516 	2845 	3324
f 1448 	3324 	2845
f 2842 	2854 	2844
f 2847 	2856 	2855
f 2758 	2911 	2759
f 2857 	2479 	2468
f 2856 	2847 	2844
f 2854 	2856 	2844
f 2934 	2938 	2816
f 2858 	2883 	2855
f 2849 	74 	2850
f 2850 	74 	2252
f 2662 	2788 	2880
f 2924 	2856 	2854
f 2636 	2877 	2535
f 2636 	2878 	2877
f 2860 	2504 	2859
f 2660 	2879 	2878
f 3100 	3099 	2792
f 2925 	2855 	2856
f 3101 	3100 	2792
f 2855 	2890 	2858
f 3101 	2801 	2807
f 2890 	2679 	2858
f 2859 	2902 	2860
f 2862 	2644 	2643
f 2643 	2863 	2862
f 2862 	2866 	2644
f 2788 	3099 	2880
f 2252 	2253 	2807
f 2863 	2844 	2862
f 2864 	2867 	2698
f 2866 	2862 	2847
f 2647 	2644 	2866
f 2999 	2826 	2825
f 2827 	2872 	2873
f 2535 	2877 	2865
f 2870 	2874 	2651
f 2883 	2870 	2866
f 2882 	2884 	2869
f 2870 	2885 	2874
f 2827 	2873 	2830
f 2883 	2885 	2870
f 2884 	2871 	2869
f 2875 	2830 	2873
f 2874 	2652 	2651
f 2874 	2876 	2652
f 2655 	2652 	2876
f 2876 	2684 	2655
f 2865 	2881 	2868
f 3418 	3394 	2872
f 2877 	2881 	2865
f 2876 	2751 	2684
f 2877 	2887 	2881
f 2878 	2887 	2877
f 2684 	2657 	2655
f 3300 	2836 	2833
f 2658 	2657 	2686
f 2660 	2880 	2879
f 2686 	2657 	2684
f 2872 	2827 	2826
f 2842 	2863 	2940
f 2826 	2999 	2872
f 2863 	2842 	2844
f 2869 	2868 	2882
f 2999 	3010 	2872
f 2881 	2882 	2868
f 2847 	2883 	2866
f 2847 	2862 	2844
f 2874 	2750 	2876
f 2750 	2874 	2885
f 2884 	2886 	2871
f 2876 	2750 	2751
f 3305 	2837 	2836
f 2836 	3300 	3305
f 2847 	2855 	2883
f 2892 	2959 	2886
f 2853 	3309 	3308
f 2858 	2885 	2883
f 2853 	2837 	3309
f 2881 	2888 	2882
f 2858 	2679 	2885
f 2887 	2888 	2881
f 3308 	2857 	2853
f 2882 	2889 	2884
f 2855 	2925 	2890
f 2888 	2889 	2882
f 2679 	2890 	2891
f 2889 	2892 	2884
f 2893 	2679 	2891
f 2886 	2884 	2892
f 3520 	2852 	2848
f 2893 	2894 	2815
f 3520 	3530 	2852
f 2888 	2887 	2968
f 2895 	2896 	2831
f 2968 	2969 	2888
f 2889 	2888 	2969
f 2896 	2898 	2831
f 2534 	2536 	2900
f 2900 	2859 	2534
f 805 	804 	1147
f 2900 	2902 	2859
f 2860 	2902 	2903
f 1151 	808 	807
f 2973 	2902 	2900
f 2834 	2901 	2835
f 1152 	809 	808
f 1152 	808 	1151
f 810 	809 	1152
f 2925 	2899 	2890
f 2890 	2899 	2905
f 2860 	2903 	2861
f 812 	811 	1154
f 2864 	2903 	2906
f 2864 	2861 	2903
f 815 	1159 	816
f 1158 	816 	1159
f 2905 	2891 	2890
f 2906 	2907 	2864
f 816 	1158 	817
f 817 	1161 	818
f 2908 	2893 	2891
f 818 	1161 	1162
f 818 	1162 	819
f 2864 	2907 	2867
f 1163 	820 	1162
f 819 	1162 	820
f 2908 	2891 	2905
f 820 	1163 	821
f 2893 	2908 	2910
f 821 	1165 	822
f 2867 	2907 	2909
f 1165 	1166 	822
f 823 	1166 	824
f 1167 	1168 	824
f 1140 	797 	1168
f 2893 	2910 	2894
f 1159 	815 	826
f 2894 	2910 	2288
f 827 	814 	1170
f 827 	1170 	828
f 2911 	2912 	2759
f 1171 	1172 	828
f 2910 	2290 	2288
f 2760 	2912 	2960
f 1178 	835 	834
f 2932 	2913 	2899
f 836 	835 	1178
f 1181 	838 	837
f 2676 	2913 	2932
f 838 	1181 	839
f 2899 	2913 	2914
f 1183 	840 	839
f 2899 	2914 	2905
f 841 	840 	1183
f 2905 	2914 	2908
f 1185 	842 	841
f 2915 	2908 	2914
f 1185 	1186 	842
f 2289 	2908 	2915
f 1189 	848 	846
f 848 	1189 	850
f 1190 	850 	1189
f 852 	850 	1190
f 2289 	2910 	2908
f 1192 	854 	852
f 1192 	1193 	854
f 2289 	2290 	2910
f 861 	858 	1195
f 861 	1195 	863
f 1196 	863 	1195
f 863 	1196 	864
f 1197 	864 	1196
f 864 	1197 	866
f 1198 	866 	1197
f 3058 	3059 	2912
f 1198 	1199 	866
f 1200 	870 	868
f 1201 	871 	870
f 1201 	870 	1200
f 874 	871 	1201
f 1203 	876 	874
f 876 	1203 	878
f 1204 	878 	1203
f 2109 	1610 	1611
f 878 	1204 	880
f 1206 	881 	880
f 2917 	2918 	2755
f 958 	881 	1206
f 3073 	2892 	2889
f 882 	912 	1207
f 882 	1207 	883
f 2919 	2817 	2894
f 2752 	2918 	2920
f 883 	1208 	884
f 2945 	2918 	2917
f 884 	1210 	885
f 2817 	2919 	2823
f 885 	1210 	886
f 2919 	2317 	2823
f 2288 	2919 	2894
f 888 	1214 	889
f 2919 	2288 	2329
f 889 	1214 	890
f 2919 	2329 	2317
f 1216 	891 	890
f 2317 	2828 	2823
f 2749 	2917 	2755
f 891 	1216 	892
f 1218 	893 	892
f 2749 	2916 	2917
f 1218 	1219 	893
f 893 	1219 	894
f 894 	1219 	826
f 1233 	1220 	901
f 902 	1220 	903
f 2943 	2921 	2851
f 1222 	905 	903
f 907 	905 	1223
f 1222 	1223 	905
f 2922 	2854 	2851
f 1224 	909 	1223
f 2851 	2921 	2922
f 2923 	2668 	2648
f 912 	911 	1226
f 2854 	2922 	2924
f 2753 	2923 	2648
f 2856 	2924 	2925
f 2753 	2920 	2923
f 896 	1228 	897
f 1229 	1230 	897
f 898 	897 	1230
f 2760 	2960 	2761
f 1230 	899 	898
f 2927 	2762 	2926
f 1232 	1233 	900
f 901 	900 	1233
f 902 	901 	1220
f 2927 	2772 	2762
f 2921 	2929 	2928
f 2772 	2930 	2916
f 2772 	2927 	2930
f 2928 	2922 	2921
f 2931 	2922 	2928
f 907 	1223 	909
f 909 	1224 	1225
f 909 	1225 	911
f 1225 	1226 	911
f 2922 	2931 	2924
f 2926 	2762 	2761
f 2932 	2925 	2924
f 1226 	1207 	912
f 2924 	2931 	2932
f 916 	1234 	918
f 2926 	2761 	2960
f 918 	1235 	919
f 2916 	2930 	2933
f 2925 	2932 	2899
f 1237 	921 	919
f 921 	1237 	1238
f 921 	1238 	923
f 923 	1238 	925
f 1241 	928 	926
f 2669 	2929 	2948
f 1241 	1242 	928
f 928 	1242 	930
f 1242 	1243 	930
f 2628 	2935 	2621
f 2929 	2669 	2671
f 932 	1244 	934
f 934 	1244 	936
f 2928 	2929 	2671
f 2621 	2935 	2622
f 2622 	2935 	2897
f 1227 	895 	936
f 2936 	2897 	2935
f 2928 	2673 	2931
f 1247 	939 	938
f 1247 	938 	1246
f 2928 	2671 	2673
f 2936 	2937 	2897
f 940 	939 	1247
f 2931 	2673 	2676
f 2897 	2937 	2934
f 2931 	2676 	2932
f 1250 	942 	941
f 943 	942 	1250
f 2937 	2938 	2934
f 2816 	2938 	2939
f 2667 	2940 	2863
f 2863 	2643 	2667
f 2816 	2939 	2819
f 1254 	946 	945
f 2939 	2942 	2819
f 2842 	2940 	2941
f 1254 	1255 	946
f 2842 	2941 	2851
f 948 	1256 	949
f 1257 	949 	1256
f 2851 	2941 	2943
f 1258 	950 	949
f 1258 	949 	1257
f 2916 	2933 	2917
f 1259 	951 	1258
f 950 	1258 	951
f 2944 	2921 	2943
f 951 	1259 	952
f 952 	1261 	953
f 2917 	2933 	2945
f 1262 	954 	1261
f 953 	1261 	954
f 2920 	2947 	2946
f 954 	1262 	955
f 2929 	2921 	2944
f 955 	1264 	956
f 2929 	2944 	2948
f 1264 	1265 	956
f 1265 	1234 	957
f 2945 	2947 	2918
f 2669 	2948 	2949
f 2918 	2947 	2920
f 1267 	959 	958
f 2949 	3076 	2669
f 2946 	2923 	2920
f 1246 	938 	959
f 2923 	2946 	2950
f 964 	972 	1277
f 963 	1270 	960
f 1269 	960 	1270
f 2676 	2951 	2952
f 961 	960 	1269
f 961 	1269 	1268
f 964 	1277 	1274
f 1273 	965 	964
f 1273 	964 	1274
f 1272 	966 	965
f 1272 	965 	1273
f 2952 	2913 	2676
f 2923 	2950 	2668
f 2950 	2674 	2668
f 2952 	2953 	2913
f 3060 	3049 	2926
f 3080 	2954 	2951
f 2951 	2955 	2952
f 2951 	2954 	2955
f 3050 	2930 	2927
f 2956 	2953 	2952
f 2955 	2956 	2952
f 2933 	2930 	3051
f 2953 	2956 	2343
f 3050 	3051 	2930
f 2945 	3053 	2947
f 2945 	3052 	3053
f 2953 	2343 	3357
f 3054 	2946 	2947
f 2886 	2959 	2957
f 2904 	2835 	2901
f 2835 	2904 	2958
f 2959 	2961 	2957
f 2911 	3057 	2912
f 2838 	2958 	2962
f 3073 	3077 	2892
f 2959 	2892 	3077
f 2839 	2962 	2963
f 3059 	3060 	2926
f 2960 	3059 	2926
f 2960 	2912 	3059
f 2839 	2963 	2582
f 2964 	2674 	2950
f 2887 	2878 	2965
f 2966 	2674 	2964
f 2879 	2965 	2878
f 2582 	2963 	2967
f 2965 	2968 	2887
f 2583 	2967 	2970
f 2964 	3588 	2966
f 2536 	2971 	2900
f 2879 	2972 	2965
f 2971 	2536 	2538
f 2962 	2958 	2985
f 2971 	2973 	2900
f 2962 	2986 	2963
f 2963 	2986 	2967
f 1979 	2967 	2986
f 2970 	2584 	2583
f 1979 	1980 	2967
f 2975 	2820 	2974
f 2974 	2979 	2975
f 2974 	2978 	2979
f 2976 	2818 	2975
f 2976 	2821 	2818
f 2821 	2976 	2977
f 2821 	2977 	2822
f 2977 	2834 	2822
f 2980 	2976 	2975
f 2977 	2901 	2834
f 2824 	2822 	2834
f 2980 	2975 	2979
f 2976 	2846 	2977
f 2846 	2976 	2980
f 2846 	2901 	2977
f 2979 	2991 	2980
f 2979 	2990 	2991
f 2978 	2990 	2979
f 2980 	2981 	2846
f 2958 	2904 	2984
f 2846 	2982 	2901
f 2981 	2982 	2846
f 2901 	2982 	2983
f 2901 	2983 	2904
f 2983 	2984 	2904
f 2985 	2958 	2984
f 2984 	2983 	2987
f 2986 	2962 	2985
f 2993 	2982 	2981
f 2982 	2995 	2983
f 2987 	2983 	2995
f 2984 	2988 	2985
f 2984 	2987 	2988
f 2985 	2988 	1983
f 2018 	1983 	2988
f 2985 	1983 	2986
f 2986 	1983 	1984
f 2986 	1984 	1979
f 2988 	2017 	2018
f 2990 	2978 	2989
f 2981 	2980 	2991
f 2991 	2994 	2981
f 2993 	2981 	2994
f 2992 	2994 	2991
f 2995 	2982 	2993
f 2994 	2998 	2997
f 2825 	2942 	2999
f 2938 	3008 	2939
f 2939 	3008 	2942
f 3009 	2942 	3008
f 3009 	3010 	2942
f 2936 	3005 	3006
f 2628 	3004 	2935
f 2937 	2936 	3006
f 2999 	2942 	3010
f 2873 	2872 	3394
f 3001 	3000 	2626
f 2631 	3001 	2626
f 2631 	3002 	3001
f 3003 	2627 	3000
f 3000 	3021 	3003
f 2627 	3003 	2628
f 3015 	3002 	3014
f 3005 	2936 	2935
f 3004 	2628 	3003
f 3004 	3005 	2935
f 3020 	3004 	3003
f 3004 	3022 	3005
f 3020 	3022 	3004
f 2937 	3006 	3007
f 2937 	3007 	2938
f 3007 	3008 	2938
f 3418 	2872 	3010
f 3005 	3011 	3006
f 3005 	3022 	3011
f 3006 	3012 	3007
f 3012 	3006 	3011
f 3012 	3013 	3007
f 3007 	3013 	3008
f 3432 	3420 	3013
f 3420 	3009 	3008
f 3010 	3009 	3422
f 3009 	3420 	3422
f 3430 	3013 	3012
f 3013 	3430 	3432
f 3014 	3002 	2585
f 2585 	3018 	3014
f 3015 	3001 	3002
f 3016 	3000 	3001
f 3015 	3016 	3001
f 3014 	3017 	3015
f 3017 	3014 	3018
f 3015 	3017 	3019
f 3015 	3019 	3016
f 3019 	3024 	3016
f 3018 	3029 	3017
f 3020 	3003 	3021
f 3016 	3021 	3000
f 3024 	3023 	3021
f 3024 	3021 	3016
f 3023 	3020 	3021
f 3020 	3023 	3025
f 3020 	3025 	3022
f 3022 	3025 	3026
f 3038 	3026 	3025
f 3026 	3011 	3022
f 3011 	3026 	3027
f 3011 	3027 	3012
f 3023 	3024 	3037
f 3023 	3038 	3025
f 3038 	3023 	3037
f 3026 	3888 	3027
f 3018 	3028 	3029
f 3017 	3030 	3019
f 3029 	3030 	3017
f 3032 	3031 	3029
f 3028 	3032 	3029
f 3033 	3032 	3028
f 3031 	3030 	3029
f 3030 	3031 	3040
f 3033 	3034 	3032
f 3033 	3035 	3034
f 3035 	3237 	3034
f 3035 	3240 	3237
f 3036 	3024 	3019
f 3019 	3030 	3036
f 3036 	3037 	3024
f 3030 	3040 	3036
f 3038 	3039 	3026
f 3026 	3039 	3888
f 3036 	3041 	3037
f 3041 	3036 	3040
f 3041 	3042 	3037
f 3037 	3042 	3038
f 3042 	3043 	3038
f 3038 	3043 	3039
f 3228 	3041 	3040
f 2902 	3044 	2903
f 2973 	3044 	2902
f 3044 	3045 	2903
f 2903 	3045 	2906
f 2907 	2906 	3046
f 3045 	3046 	2906
f 3046 	3047 	2907
f 3045 	3048 	3046
f 2907 	3047 	2909
f 3044 	2973 	4142
f 2971 	4143 	2973
f 4144 	3045 	3044
f 3044 	4142 	4144
f 3048 	3400 	3046
f 2927 	3049 	3050
f 2933 	3051 	2945
f 3052 	2945 	3051
f 2947 	3053 	3054
f 2946 	3055 	2950
f 2946 	3054 	3055
f 2964 	2950 	3055
f 3050 	3536 	3056
f 3050 	3056 	3051
f 3601 	3052 	3051
f 2909 	3057 	2911
f 3047 	3057 	2909
f 3058 	2912 	3057
f 1271 	962 	966
f 1271 	966 	1272
f 1270 	963 	962
f 1270 	962 	1271
f 2898 	2832 	2831
f 1275 	968 	967
f 1275 	967 	1276
f 1275 	969 	968
f 2898 	3066 	2832
f 969 	1275 	1280
f 1279 	970 	969
f 1279 	969 	1280
f 1278 	971 	970
f 1278 	970 	1279
f 1277 	972 	971
f 1277 	971 	1278
f 1284 	1283 	976
f 1284 	976 	975
f 973 	1281 	1138
f 973 	1138 	30
f 974 	1283 	1282
f 976 	1283 	974
f 3061 	3062 	2895
f 2895 	3062 	2896
f 3062 	3063 	2896
f 2898 	2896 	3063
f 3062 	3532 	3063
f 2740 	3065 	3064
f 2832 	3066 	3065
f 3063 	3067 	2898
f 2898 	3067 	3066
f 3063 	3532 	3067
f 3068 	3087 	721
f 2880 	2972 	2879
f 2972 	3070 	2968
f 2972 	2968 	2965
f 2968 	3071 	2969
f 3070 	3071 	2968
f 3099 	3104 	2880
f 2992 	2998 	2994
f 2992 	2996 	2998
f 3070 	3108 	3071
f 2997 	2993 	2994
f 2993 	2997 	3072
f 3074 	3124 	3069
f 3075 	3127 	3074
f 2969 	3073 	2889
f 3078 	2671 	2669
f 3077 	3079 	2959
f 3076 	3078 	2669
f 2671 	3078 	3080
f 3077 	3090 	3079
f 2959 	3079 	2961
f 3079 	3081 	2961
f 2673 	2671 	3080
f 2969 	3071 	3073
f 3082 	3073 	3071
f 2951 	2673 	3080
f 3082 	3083 	3073
f 3076 	3085 	3078
f 3076 	3084 	3085
f 3086 	3080 	3078
f 724 	721 	3087
f 3078 	3085 	3086
f 724 	3088 	725
f 3080 	3086 	2954
f 3087 	3088 	724
f 3108 	3116 	3071
f 3086 	3091 	2954
f 3073 	3083 	3077
f 3083 	3090 	3077
f 3084 	3107 	3085
f 3090 	3094 	3079
f 3086 	3085 	3109
f 3107 	3109 	3085
f 3086 	3109 	3091
f 3079 	3094 	3081
f 3082 	3071 	3116
f 2955 	2954 	3092
f 3091 	3092 	2954
f 3082 	3130 	3083
f 2955 	3092 	3093
f 2955 	3093 	2956
f 2956 	2344 	2343
f 3192 	3094 	3090
f 3093 	2344 	2956
f 3109 	3114 	3091
f 3091 	3095 	3097
f 3081 	3094 	3096
f 3091 	3097 	3092
f 3092 	3098 	3093
f 3092 	3097 	3098
f 3093 	3098 	2348
f 2788 	2792 	3099
f 4415 	4234 	3098
f 3093 	2348 	2344
f 3101 	2807 	3102
f 2993 	3072 	2995
f 3097 	4415 	3098
f 2995 	3072 	3103
f 2972 	2880 	3104
f 2972 	3105 	3070
f 2037 	2036 	1300
f 3104 	3105 	2972
f 2995 	3103 	2987
f 3105 	3108 	3070
f 2987 	3103 	2017
f 3105 	3115 	3108
f 3107 	3084 	3106
f 3112 	3115 	3105
f 3103 	2021 	2017
f 3104 	3099 	3110
f 3099 	3100 	3110
f 3110 	3112 	3104
f 2987 	2017 	2988
f 3111 	3113 	3107
f 3111 	3107 	3106
f 3107 	3114 	3109
f 3104 	3112 	3105
f 3107 	3113 	3114
f 3095 	3091 	3114
f 2996 	3167 	2998
f 3101 	3141 	3100
f 2997 	2998 	3168
f 3115 	3112 	3144
f 3088 	3089 	725
f 3088 	3119 	3089
f 2022 	3103 	3169
f 3117 	3087 	3068
f 3068 	3069 	3117
f 3117 	3118 	3087
f 3087 	3118 	3088
f 3118 	3119 	3088
f 3119 	3122 	3089
f 3069 	3124 	3117
f 3126 	3119 	3118
f 727 	726 	3120
f 748 	727 	3121
f 3120 	3121 	727
f 3122 	3120 	3089
f 3120 	3123 	3121
f 3122 	3123 	3120
f 3132 	3133 	3122
f 3122 	3133 	3123
f 3118 	3117 	3125
f 3124 	3125 	3117
f 3125 	3126 	3118
f 3122 	3119 	3132
f 3127 	3124 	3074
f 3127 	3128 	3124
f 3124 	3128 	3125
f 3125 	3129 	3126
f 3128 	3129 	3125
f 3129 	3137 	3126
f 3130 	3082 	3116
f 3130 	3131 	3083
f 3136 	3130 	3116
f 3129 	3128 	3150
f 3126 	3132 	3119
f 3083 	3131 	3090
f 3126 	3137 	3132
f 3192 	3090 	3131
f 3115 	3134 	3108
f 3108 	3134 	3116
f 3123 	3135 	3145
f 3133 	3135 	3123
f 3134 	3136 	3116
f 3130 	3136 	3138
f 3136 	3175 	3138
f 3174 	3175 	3136
f 3132 	3139 	3133
f 3130 	3138 	3131
f 3132 	3137 	3139
f 3139 	3140 	3135
f 3139 	3135 	3133
f 3137 	3151 	3139
f 3174 	3136 	3134
f 3110 	3100 	3141
f 3112 	3110 	3142
f 3121 	3143 	748
f 3110 	3141 	3142
f 3142 	3144 	3112
f 3123 	3145 	3121
f 3121 	3145 	3143
f 3154 	3143 	3158
f 3145 	3158 	3143
f 3141 	3101 	3146
f 3102 	3146 	3101
f 3146 	3147 	3141
f 3146 	3182 	3147
f 3127 	3075 	3148
f 1891 	3148 	3075
f 3148 	3149 	3127
f 2086 	2085 	1348
f 3128 	3127 	3149
f 3149 	3150 	3128
f 3151 	3137 	3129
f 3150 	3151 	3129
f 2070 	2069 	1332
f 3152 	3139 	3151
f 3152 	3153 	3139
f 3139 	3153 	3140
f 1350 	2167 	1654
f 3155 	3156 	769
f 3155 	3160 	3156
f 769 	3156 	770
f 770 	3157 	1443
f 3156 	3157 	770
f 3158 	3159 	3154
f 3333 	3158 	3135
f 3159 	3158 	3333
f 3154 	3159 	3155
f 2021 	3103 	2022
f 3160 	3155 	3159
f 3160 	3162 	3156
f 2989 	3161 	3163
f 3164 	3161 	3165
f 1333 	2071 	1332
f 3164 	3163 	3161
f 3163 	2990 	2989
f 2990 	2992 	2991
f 3156 	3162 	3157
f 2990 	3163 	2992
f 3158 	3145 	3135
f 3163 	3164 	2996
f 3163 	2996 	2992
f 3164 	3166 	2996
f 3164 	3180 	3166
f 3167 	2996 	3166
f 3168 	2998 	3167
f 3167 	3171 	3168
f 2997 	3169 	3072
f 2997 	3168 	3169
f 3072 	3169 	3103
f 1296 	1958 	1957
f 3166 	3180 	3183
f 1296 	1297 	1958
f 3142 	3141 	3147
f 3142 	3170 	3144
f 3170 	3142 	3147
f 3168 	3171 	3172
f 3182 	3184 	3147
f 3115 	3173 	3134
f 3144 	3173 	3115
f 3173 	3174 	3134
f 3168 	3172 	3169
f 2025 	3169 	3172
f 3170 	3176 	3144
f 2025 	2022 	3169
f 3144 	3176 	3173
f 3173 	3177 	3174
f 3176 	3177 	3173
f 3177 	3178 	3175
f 3177 	3175 	3174
f 1301 	1302 	2038
f 3172 	2030 	2025
f 2094 	2103 	1595
f 3165 	3179 	3180
f 2041 	1305 	2042
f 2042 	1305 	2043
f 3165 	3180 	3164
f 2807 	2253 	3102
f 1603 	2101 	1602
f 3181 	3146 	3102
f 3196 	3183 	3180
f 2102 	2101 	1604
f 3179 	3196 	3180
f 2253 	3181 	3102
f 3181 	3182 	3146
f 2104 	2067 	1607
f 625 	3182 	3181
f 1608 	2104 	1607
f 3170 	3147 	3184
f 2052 	1314 	2053
f 3166 	3183 	3186
f 3185 	3176 	3170
f 2054 	2053 	1315
f 3184 	3185 	3170
f 3176 	3185 	3177
f 3187 	3177 	3185
f 3166 	3186 	3167
f 3187 	3188 	3177
f 3186 	3171 	3167
f 3177 	3188 	3178
f 3196 	3189 	3183
f 625 	3181 	624
f 2253 	624 	3181
f 3183 	3190 	3186
f 1324 	1325 	2062
f 3183 	3189 	3190
f 3186 	3190 	3191
f 2065 	1327 	2066
f 1328 	2067 	2066
f 3094 	3193 	3096
f 3186 	3191 	3171
f 3171 	3194 	3172
f 3171 	3191 	3194
f 3189 	3204 	3205
f 3189 	3205 	3190
f 3196 	3179 	3195
f 1334 	2072 	2071
f 3192 	3193 	3094
f 1334 	2073 	2072
f 3193 	1402 	3096
f 3201 	1402 	3193
f 3200 	3201 	3193
f 3195 	3198 	3196
f 3199 	3192 	3131
f 3131 	3138 	3199
f 3195 	3197 	3198
f 3199 	3200 	3192
f 3189 	3196 	3198
f 3138 	3175 	3199
f 3202 	3199 	3175
f 3192 	3200 	3193
f 3211 	3198 	3197
f 1341 	2079 	2078
f 1329 	1607 	2067
f 3201 	1406 	1402
f 1341 	1342 	2079
f 1608 	2105 	2104
f 2105 	1608 	1609
f 3201 	1416 	1406
f 1346 	2084 	2083
f 1346 	2085 	2084
f 3199 	3202 	3200
f 3203 	3200 	3202
f 2115 	1616 	1617
f 1330 	2068 	2087
f 3198 	3204 	3189
f 3198 	3211 	3204
f 3190 	3206 	3191
f 3190 	3205 	3206
f 2366 	3191 	3206
f 3206 	2369 	2366
f 2366 	3194 	3191
f 3204 	3208 	3205
f 3204 	3207 	3208
f 3205 	3208 	3209
f 1591 	2092 	2091
f 2093 	2092 	1591
f 3209 	3206 	3205
f 2094 	1596 	2095
f 3206 	3209 	2369
f 2095 	1596 	2096
f 3217 	3208 	3207
f 3208 	3218 	3209
f 3208 	3217 	3218
f 3197 	3210 	3211
f 1609 	2106 	2105
f 3210 	3213 	3211
f 2109 	2106 	1609
f 3210 	3212 	3213
f 1611 	2110 	2109
f 3211 	3207 	3204
f 2111 	2110 	1611
f 3207 	3211 	3213
f 2167 	2165 	1654
f 3215 	3213 	3212
f 3215 	3212 	3214
f 3216 	3207 	3213
f 1621 	2126 	2123
f 2126 	1621 	2128
f 3213 	3215 	3216
f 3216 	3217 	3207
f 3218 	2432 	3209
f 3203 	3219 	3200
f 3221 	3219 	3203
f 3200 	3219 	3201
f 3219 	1416 	3201
f 3215 	3234 	3216
f 1652 	1653 	2165
f 3175 	3178 	3220
f 3175 	3220 	3202
f 1653 	1654 	2165
f 3202 	3221 	3203
f 3220 	3221 	3202
f 3217 	3238 	3218
f 3219 	3221 	3223
f 3223 	1455 	3219
f 3218 	3222 	2435
f 3221 	3229 	3223
f 3222 	3377 	2435
f 3227 	3229 	3221
f 1492 	1455 	3229
f 3034 	3224 	3032
f 3032 	3224 	3031
f 3221 	3220 	3227
f 3178 	3226 	3220
f 3225 	3040 	3031
f 3188 	3226 	3178
f 3226 	3227 	3220
f 3224 	3225 	3031
f 631 	3227 	3226
f 3225 	3228 	3040
f 3225 	3251 	3228
f 3223 	3229 	1455
f 3226 	3188 	631
f 3041 	3230 	3042
f 3228 	3230 	3041
f 3230 	3898 	3042
f 3184 	628 	3185
f 628 	3187 	3185
f 3249 	3225 	3224
f 3218 	2435 	2432
f 3188 	630 	631
f 3251 	3254 	3228
f 634 	1492 	3229
f 3228 	3254 	3230
f 3254 	3952 	3230
f 3214 	3234 	3215
f 3214 	3233 	3234
f 3236 	3216 	3234
f 3235 	3872 	3232
f 3216 	3238 	3217
f 3216 	3236 	3238
f 3222 	3218 	3238
f 3224 	3034 	3247
f 3237 	3247 	3034
f 3234 	3233 	3556
f 3555 	3556 	3233
f 3240 	3242 	3237
f 3240 	3243 	3242
f 3236 	3557 	3558
f 3236 	3558 	3238
f 3558 	3537 	3238
f 3241 	3613 	3244
f 3609 	3613 	3241
f 3242 	3243 	3271
f 3243 	3272 	3271
f 3608 	3239 	3235
f 3247 	3249 	3224
f 3250 	3248 	3306
f 3306 	3515 	2251
f 2251 	3250 	3306
f 2249 	2325 	3252
f 3608 	3609 	3239
f 3249 	3251 	3225
f 3253 	2250 	2249
f 3239 	3609 	3241
f 3251 	3265 	3254
f 3253 	2249 	3252
f 3262 	3265 	3251
f 3255 	2250 	3253
f 3247 	3237 	3256
f 3242 	3256 	3237
f 3247 	3258 	3249
f 3278 	3260 	3252
f 3256 	3258 	3247
f 3252 	3260 	3261
f 3258 	3262 	3249
f 3249 	3262 	3251
f 3252 	3261 	3253
f 3263 	3270 	3264
f 3253 	3266 	3255
f 3263 	3269 	3270
f 3254 	3956 	3952
f 3265 	3956 	3254
f 3253 	3261 	3266
f 3255 	3266 	3246
f 3258 	3256 	3274
f 3273 	3274 	3256
f 3255 	3246 	3245
f 3258 	3276 	3262
f 3259 	3268 	3269
f 3274 	3276 	3258
f 3263 	3259 	3269
f 3262 	3276 	4035
f 3260 	3294 	3261
f 3260 	3293 	3294
f 3261 	3294 	3297
f 3242 	3273 	3256
f 3261 	3297 	3266
f 3232 	3264 	3270
f 3271 	3273 	3242
f 3246 	3266 	3297
f 3270 	3606 	3232
f 2338 	3326 	2316
f 3277 	2316 	3275
f 2319 	3277 	3278
f 3257 	3268 	3259
f 3257 	3267 	3268
f 3275 	3279 	3277
f 3272 	3284 	3271
f 3272 	3285 	3284
f 3284 	3273 	3271
f 3277 	3279 	3283
f 3273 	3280 	3274
f 3264 	3232 	3231
f 3277 	3283 	3278
f 3274 	3280 	3276
f 3281 	3276 	3280
f 3268 	3627 	3269
f 2319 	3278 	2325
f 3626 	3268 	3267
f 3603 	3270 	3269
f 3275 	3282 	3279
f 3603 	3606 	3270
f 3283 	3279 	3315
f 3279 	3313 	3315
f 3278 	3283 	3260
f 3273 	3284 	3286
f 3286 	3280 	3273
f 3279 	3282 	3313
f 3285 	4068 	3284
f 1644 	2155 	1643
f 3286 	4076 	3280
f 2481 	3291 	3292
f 3292 	2482 	2481
f 5070 	2482 	3292
f 2479 	3291 	2481
f 3295 	3296 	3287
f 3307 	3295 	3290
f 3294 	3306 	3297
f 3287 	3296 	3288
f 3291 	3329 	3292
f 3296 	3298 	3288
f 5070 	3292 	3329
f 3297 	3248 	3246
f 2833 	2875 	3300
f 3293 	3299 	3302
f 2875 	3396 	3300
f 2875 	3395 	3396
f 3289 	3301 	3304
f 3299 	3484 	3302
f 3293 	3302 	3294
f 3306 	3294 	3302
f 3289 	3304 	3290
f 3248 	3297 	3306
f 3304 	3307 	3290
f 3302 	3515 	3306
f 3302 	3485 	3515
f 3295 	3310 	3296
f 3282 	3363 	3311
f 3307 	3310 	3295
f 3313 	3282 	3311
f 3296 	3312 	3298
f 3366 	3369 	3311
f 3310 	3312 	3296
f 3312 	3314 	3298
f 2857 	3308 	3316
f 3283 	3315 	3293
f 3319 	3315 	3313
f 3283 	3293 	3260
f 3313 	3311 	3318
f 3317 	3318 	3311
f 3316 	2479 	2857
f 3313 	3318 	3319
f 3316 	3291 	2479
f 3394 	3395 	2873
f 3315 	3299 	3293
f 3395 	2875 	2873
f 3315 	3319 	3299
f 3307 	3578 	3310
f 3300 	3396 	3305
f 3397 	3305 	3396
f 3305 	3398 	3309
f 3305 	3397 	3398
f 3309 	3398 	3399
f 3157 	3320 	1443
f 3309 	3399 	3308
f 3322 	1445 	1444
f 3320 	3322 	1444
f 3322 	3324 	1445
f 1445 	3324 	1448
f 2400 	3321 	3323
f 3157 	3325 	3320
f 1644 	1645 	2155
f 3327 	3291 	3316
f 3157 	3162 	3325
f 3325 	3328 	3320
f 3329 	3291 	3327
f 3320 	3328 	3322
f 3322 	3330 	3324
f 3328 	3330 	3322
f 3330 	3523 	3324
f 3325 	3342 	3328
f 3327 	3332 	3329
f 2043 	1306 	1947
f 1948 	1947 	1286
f 1285 	1286 	1947
f 1949 	1948 	1287
f 1286 	1287 	1948
f 1288 	1950 	1287
f 1949 	1287 	1950
f 1951 	1950 	1289
f 1288 	1289 	1950
f 1951 	1289 	1952
f 1290 	1952 	1289
f 1291 	1953 	1290
f 1952 	1290 	1953
f 1292 	1954 	1953
f 1292 	1953 	1291
f 1954 	1292 	1955
f 1293 	1955 	1292
f 1632 	1633 	2142
f 1293 	1294 	1955
f 1956 	1955 	1294
f 1294 	1295 	1956
f 1957 	1956 	1295
f 1957 	1295 	1296
f 1959 	1958 	1297
f 2052 	1959 	1314
f 1299 	2036 	1298
f 2043 	1305 	1306
f 1307 	2046 	1308
f 1307 	1309 	2046
f 2048 	1310 	1311
f 2050 	1311 	1312
f 2051 	2050 	1313
f 1308 	2045 	1313
f 2047 	1309 	2035
f 2035 	1298 	2036
f 1299 	1300 	2036
f 1301 	2038 	1300
f 2037 	1300 	2038
f 2039 	2038 	1302
f 1303 	2040 	1302
f 2039 	1302 	2040
f 2041 	2040 	1304
f 1303 	1304 	2040
f 1285 	1947 	1306
f 1308 	2046 	2045
f 1309 	2047 	2046
f 1298 	2035 	1309
f 1311 	2049 	2048
f 2049 	1311 	2050
f 1312 	1313 	2050
f 2051 	1313 	2045
f 1318 	2056 	1317
f 1319 	2057 	1318
f 1320 	2058 	1319
f 1640 	2151 	2150
f 2152 	2151 	1640
f 2061 	2060 	1323
f 1324 	2061 	1323
f 2064 	1325 	1326
f 1645 	1646 	2156
f 2064 	1326 	1327
f 1297 	1314 	1959
f 1315 	2053 	1314
f 1316 	2054 	1315
f 1317 	2055 	2054
f 1317 	2054 	1316
f 2055 	1317 	2056
f 1318 	2057 	2056
f 2057 	1319 	2058
f 2059 	2058 	1321
f 1320 	1321 	2058
f 2059 	1321 	2060
f 2060 	1321 	1322
f 1322 	1323 	2060
f 1324 	2062 	2061
f 2063 	2062 	1325
f 2063 	1325 	2064
f 2065 	2064 	1327
f 1328 	2066 	1327
f 1329 	2067 	1328
f 2070 	1332 	2071
f 1334 	1335 	2073
f 2074 	2073 	1336
f 1335 	1336 	2073
f 1337 	2075 	1336
f 2076 	2075 	1338
f 3341 	3342 	3325
f 1338 	2048 	2076
f 1310 	2048 	1338
f 3342 	3343 	3328
f 2078 	2077 	1340
f 3159 	3333 	3334
f 3334 	3335 	3159
f 1345 	2083 	1344
f 1346 	2083 	1345
f 1347 	2085 	1346
f 3335 	3160 	3159
f 1347 	1348 	2085
f 2086 	1348 	1349
f 3336 	3162 	3160
f 3335 	3336 	3160
f 1331 	2069 	1330
f 2068 	1330 	2069
f 3336 	3341 	3162
f 1331 	1332 	2069
f 2071 	1333 	1334
f 3341 	3325 	3162
f 3135 	3140 	3337
f 3135 	3337 	3333
f 2074 	1336 	2075
f 3333 	3338 	3334
f 1337 	1338 	2075
f 3337 	3338 	3333
f 1339 	1340 	2077
f 3334 	3338 	3335
f 3339 	3335 	3338
f 3339 	3340 	3335
f 1340 	1341 	2078
f 2080 	2079 	1342
f 3338 	3351 	3339
f 2080 	1342 	2081
f 1343 	2081 	1342
f 3350 	3351 	3338
f 2082 	2081 	1344
f 1343 	1344 	2081
f 2082 	1344 	2083
f 3335 	3340 	3336
f 3336 	3340 	3346
f 1349 	2087 	2086
f 2087 	1349 	1330
f 3350 	3338 	3337
f 2088 	2167 	1350
f 3336 	3346 	3341
f 1350 	1351 	2088
f 2089 	2088 	1351
f 2089 	1351 	2090
f 1352 	2090 	1351
f 1352 	1353 	2090
f 2091 	2090 	1353
f 2091 	1353 	1591
f 3330 	3328 	3343
f 2093 	1591 	1592
f 3343 	3344 	3330
f 1601 	2099 	1592
f 2094 	1595 	1596
f 3342 	3341 	3345
f 3346 	3345 	3341
f 2096 	1596 	1597
f 1598 	2097 	1597
f 2096 	1597 	2097
f 3345 	3347 	3342
f 2098 	2097 	1599
f 1598 	1599 	2097
f 1599 	1339 	2077
f 2098 	1599 	2077
f 2093 	1592 	2099
f 2100 	2099 	1602
f 1601 	1602 	2099
f 3342 	3347 	3343
f 2100 	1602 	2101
f 3347 	3348 	3344
f 3347 	3344 	3343
f 1603 	1604 	2101
f 1605 	2103 	1604
f 2102 	1604 	2103
f 1605 	1595 	2103
f 3346 	3354 	3345
f 1610 	2109 	1609
f 2111 	1611 	1612
f 2111 	1612 	2112
f 1613 	2112 	1612
f 3140 	3153 	3349
f 1613 	1614 	2112
f 2113 	2112 	1614
f 2113 	1614 	2114
f 1615 	2114 	1614
f 1615 	1616 	2114
f 2115 	2114 	1616
f 1617 	2116 	2115
f 3349 	3337 	3140
f 1617 	1618 	2116
f 2118 	2116 	1618
f 2118 	1618 	2123
f 1620 	2123 	1618
f 3349 	3350 	3337
f 1623 	2130 	1622
f 2132 	2130 	1624
f 3351 	3352 	3340
f 3351 	3340 	3339
f 2132 	1624 	1625
f 2134 	1625 	1626
f 2141 	2140 	1631
f 1631 	1632 	2141
f 3346 	3340 	3353
f 3352 	3353 	3340
f 3353 	3354 	3346
f 2144 	1634 	1635
f 2123 	1620 	1621
f 2128 	1621 	1622
f 3355 	3347 	3345
f 2128 	1622 	2130
f 3354 	3355 	3345
f 1623 	1624 	2130
f 3355 	3356 	3347
f 1625 	2133 	2132
f 2133 	1625 	2134
f 1626 	1627 	2134
f 2135 	2134 	1627
f 3347 	3356 	3348
f 1628 	2137 	1627
f 2135 	1627 	2137
f 1628 	1629 	2137
f 2139 	2137 	1629
f 1630 	2140 	1629
f 2139 	1629 	2140
f 1630 	1631 	2140
f 1632 	2142 	2141
f 2143 	2142 	1633
f 2143 	1633 	2144
f 1634 	2144 	1633
f 1635 	2145 	2144
f 2146 	2145 	1635
f 1636 	2146 	1635
f 2953 	2914 	2913
f 1637 	2147 	1636
f 2914 	3357 	2915
f 2150 	1639 	1640
f 2914 	2953 	3357
f 2152 	1640 	1641
f 2374 	2915 	3357
f 2343 	2382 	3357
f 2374 	2289 	2915
f 2949 	3358 	3076
f 3358 	3084 	3076
f 3359 	3084 	3358
f 1652 	2165 	2164
f 2337 	3323 	3326
f 2146 	1636 	2147
f 1637 	1638 	2147
f 2149 	2147 	1638
f 2337 	3326 	2338
f 1638 	1639 	2149
f 2150 	2149 	1639
f 3275 	2316 	3326
f 1642 	2153 	1641
f 2152 	1641 	2153
f 1642 	1643 	2153
f 2154 	2153 	1643
f 3321 	3361 	3362
f 1643 	2155 	2154
f 3361 	3365 	3362
f 1645 	2156 	2155
f 3321 	3362 	3323
f 2157 	2156 	1646
f 3363 	3326 	3323
f 1647 	2158 	1646
f 2157 	1646 	2158
f 2160 	2158 	1648
f 1647 	1648 	2158
f 3323 	3362 	3363
f 2160 	1648 	2161
f 1649 	2161 	1648
f 2162 	2161 	1650
f 1649 	1650 	2161
f 3326 	3363 	3282
f 2162 	1650 	2163
f 1651 	2163 	1650
f 1652 	2164 	1651
f 2163 	1651 	2164
f 3326 	3282 	3275
f 3361 	3364 	3365
f 3365 	3366 	3362
f 3366 	3311 	3363
f 3364 	3361 	3376
f 3363 	3362 	3366
f 3364 	3368 	3367
f 3364 	3367 	3365
f 3365 	3367 	3369
f 3365 	3369 	3366
f 3317 	3311 	3369
f 2429 	3370 	2396
f 1530 	1666 	1668
f 2396 	3370 	3321
f 1534 	1533 	1671
f 3370 	3361 	3321
f 2396 	3321 	2400
f 3370 	3376 	3361
f 2437 	3371 	2428
f 3371 	2437 	3382
f 3372 	2428 	3371
f 3371 	3375 	3372
f 1528 	1535 	1667
f 2429 	3372 	3370
f 1530 	1668 	1518
f 1518 	1657 	1658
f 1521 	1658 	1659
f 1660 	1522 	1659
f 3375 	3371 	3374
f 3372 	3375 	3376
f 3374 	3469 	3375
f 3372 	3376 	3370
f 3470 	3376 	3375
f 3359 	3106 	3084
f 3359 	3360 	3106
f 3360 	3111 	3106
f 3360 	3378 	3111
f 2437 	2436 	3382
f 3377 	3384 	3379
f 3379 	3373 	3382
f 3379 	3384 	3373
f 3382 	3373 	3374
f 3412 	3383 	3381
f 3383 	3413 	3385
f 3384 	3479 	3373
f 3382 	3374 	3371
f 3327 	3331 	3332
f 3331 	3388 	3389
f 3331 	3389 	3332
f 7 	1870 	623
f 5089 	3332 	5092
f 1883 	647 	707
f 3388 	3390 	3391
f 190 	707 	647
f 3390 	3392 	3391
f 5111 	3391 	3392
f 1889 	113 	41
f 2927 	2926 	3049
f 3396 	3407 	3397
f 3046 	3400 	3047
f 3400 	3401 	3047
f 3402 	3316 	3308
f 3308 	3399 	3402
f 3047 	3401 	3057
f 3402 	3327 	3316
f 3057 	3401 	3403
f 3395 	3427 	3404
f 3057 	3403 	3058
f 3405 	3059 	3058
f 3058 	3403 	3405
f 3059 	3405 	3406
f 3404 	3396 	3395
f 3407 	3396 	3404
f 3397 	3407 	3408
f 3386 	3416 	3387
f 3407 	3487 	3408
f 3387 	3428 	3424
f 3397 	3408 	3398
f 3399 	3409 	3410
f 3399 	3410 	3402
f 3381 	3380 	3411
f 3380 	2279 	3411
f 3411 	3412 	3381
f 3398 	3409 	3399
f 3413 	3383 	3412
f 3409 	3398 	3408
f 3413 	3414 	3385
f 3402 	3410 	3331
f 3413 	3455 	3414
f 3331 	3327 	3402
f 3385 	3414 	3386
f 3414 	3416 	3386
f 3407 	3486 	3487
f 2328 	3411 	2279
f 3408 	3487 	3488
f 2328 	3452 	3411
f 3412 	3411 	3452
f 3409 	3408 	3488
f 3453 	3413 	3412
f 3409 	3488 	3489
f 3455 	3413 	3453
f 3489 	3410 	3409
f 3416 	3457 	3463
f 3008 	3013 	3420
f 3419 	3425 	3421
f 3422 	3423 	3010
f 4228 	3387 	3417
f 3422 	3438 	3423
f 3387 	3424 	3417
f 3417 	3424 	3419
f 3418 	3010 	3423
f 3418 	3426 	3394
f 3424 	3425 	3419
f 3418 	3423 	3426
f 3395 	3394 	3427
f 3428 	3387 	3416
f 3428 	3429 	3424
f 3394 	3426 	3427
f 3416 	3463 	3428
f 3424 	3429 	3425
f 3430 	3012 	3027
f 3420 	3432 	3435
f 2286 	2358 	3436
f 3420 	3435 	3422
f 3431 	3439 	3433
f 3431 	3437 	3439
f 3439 	3440 	3433
f 3422 	3435 	3438
f 3423 	3441 	3426
f 3434 	3433 	3440
f 3648 	3650 	3437
f 3312 	3447 	3314
f 3447 	3449 	3314
f 3445 	3442 	3434
f 3445 	3448 	3442
f 3442 	3448 	3444
f 3440 	3445 	3434
f 3312 	3446 	3447
f 3661 	3448 	3445
f 3452 	3453 	3412
f 3454 	3447 	3446
f 3451 	3454 	3446
f 3447 	3454 	3456
f 3447 	3456 	3449
f 3455 	3457 	3414
f 3414 	3457 	3416
f 3450 	3459 	3451
f 3458 	3459 	3450
f 2328 	3460 	3452
f 2328 	2334 	3460
f 3451 	3461 	3454
f 3431 	3453 	3452
f 3459 	3461 	3451
f 3456 	3454 	3462
f 3461 	3462 	3454
f 3431 	3452 	3460
f 3431 	3433 	3453
f 3455 	3453 	3433
f 3457 	3455 	3434
f 3433 	3434 	3455
f 3434 	3442 	3457
f 3457 	3442 	3463
f 3460 	2334 	3436
f 3436 	3437 	3460
f 3460 	3437 	3431
f 3423 	3438 	3441
f 3426 	3441 	3466
f 3303 	3465 	3468
f 3373 	3464 	3374
f 3467 	3374 	3464
f 3469 	3374 	3467
f 3473 	3469 	3467
f 3426 	3466 	3427
f 3303 	3468 	3301
f 3575 	3301 	3468
f 3375 	3469 	3470
f 3427 	3415 	3404
f 3376 	3470 	3364
f 3427 	3466 	3415
f 3464 	3473 	3467
f 3464 	3472 	3473
f 3469 	3473 	3475
f 3469 	3475 	3476
f 3432 	3430 	3890
f 3465 	3474 	3477
f 3564 	3474 	3563
f 3473 	3527 	3475
f 3432 	3890 	3490
f 3432 	3490 	3435
f 3476 	3470 	3469
f 3465 	3477 	3468
f 3435 	3491 	3438
f 3470 	3368 	3364
f 3468 	3477 	3478
f 3518 	3368 	3476
f 3470 	3476 	3368
f 3472 	3526 	3473
f 1556 	1691 	1692
f 3464 	3373 	3479
f 3480 	3472 	3479
f 3464 	3479 	3472
f 3369 	3481 	3317
f 3318 	3317 	3482
f 3317 	3481 	3482
f 3319 	3318 	3483
f 3483 	3318 	3482
f 3484 	3319 	3483
f 3299 	3319 	3484
f 3485 	3302 	3484
f 3404 	3486 	3407
f 3415 	3486 	3404
f 1567 	1566 	1700
f 3331 	3410 	3388
f 3388 	3410 	3489
f 3486 	3415 	3494
f 1544 	1681 	1682
f 3487 	3496 	3488
f 3487 	3495 	3496
f 3489 	3390 	3388
f 3491 	3435 	3490
f 3492 	3441 	3438
f 3438 	3491 	3492
f 3466 	3441 	3505
f 3441 	3492 	3505
f 1552 	1686 	1687
f 3490 	3493 	3491
f 1563 	1562 	1697
f 3486 	3494 	3495
f 1698 	1565 	1697
f 3486 	3495 	3487
f 1570 	1569 	1703
f 3488 	3496 	3497
f 3499 	3496 	3495
f 3488 	3497 	3489
f 3489 	3497 	3390
f 3496 	3500 	3497
f 3494 	3498 	3495
f 3510 	3498 	3494
f 3495 	3498 	3499
f 1574 	1706 	1707
f 1575 	1574 	1708
f 1709 	1576 	1708
f 1577 	1576 	1710
f 3496 	3499 	3500
f 1711 	1578 	1710
f 3497 	3500 	3501
f 1581 	1713 	1714
f 3497 	3501 	3390
f 3501 	3392 	3390
f 3498 	3503 	3499
f 3498 	3502 	3503
f 3499 	3503 	3504
f 3499 	3504 	3500
f 3501 	3393 	3392
f 3505 	3506 	3466
f 3466 	3506 	3415
f 1583 	1715 	1716
f 3494 	3415 	3506
f 3491 	3507 	3492
f 3493 	3507 	3491
f 3505 	3492 	3508
f 3507 	3508 	3492
f 3505 	3508 	3509
f 3512 	3508 	3507
f 3512 	3513 	3508
f 3505 	3509 	3506
f 3506 	3510 	3494
f 3506 	3509 	3510
f 3507 	3493 	3511
f 3507 	3511 	3512
f 3509 	3508 	3513
f 3509 	3514 	3510
f 3509 	3513 	3514
f 3510 	3514 	3502
f 3510 	3502 	3498
f 3671 	3512 	3511
f 2845 	3517 	2848
f 3516 	3517 	2845
f 3368 	3518 	3519
f 3517 	3520 	2848
f 3521 	3517 	3516
f 3367 	3368 	3519
f 3522 	3369 	3367
f 3521 	3533 	3517
f 3522 	3367 	3519
f 3481 	3369 	3522
f 3533 	3520 	3517
f 3061 	2852 	3530
f 3324 	3523 	3516
f 3523 	3521 	3516
f 3525 	3472 	3480
f 3524 	3525 	3480
f 3526 	3472 	3525
f 3344 	3523 	3330
f 3344 	3678 	3523
f 3527 	3473 	3526
f 3344 	3680 	3678
f 3475 	3527 	3476
f 3528 	3476 	3527
f 3518 	3476 	3528
f 3523 	3678 	3521
f 3678 	3679 	3521
f 3344 	3348 	3680
f 3463 	3529 	3428
f 3531 	3062 	3061
f 3442 	3444 	3463
f 3463 	3444 	3529
f 3530 	3531 	3061
f 3531 	3532 	3062
f 3428 	3529 	3429
f 3688 	3067 	3532
f 3679 	3533 	3521
f 3059 	3406 	3060
f 3060 	3535 	3049
f 1746 	1823 	1745
f 3060 	3406 	3535
f 3050 	3049 	3536
f 3049 	3535 	3536
f 3537 	3539 	3377
f 3537 	3538 	3539
f 3400 	3048 	4161
f 3539 	3384 	3377
f 3541 	3401 	3400
f 3538 	3540 	3542
f 3540 	3545 	3542
f 3540 	3544 	3545
f 3538 	3542 	3539
f 3479 	3384 	3539
f 3401 	3541 	3543
f 3539 	3542 	3479
f 1821 	1744 	1822
f 3401 	3543 	3403
f 1827 	1826 	1750
f 3545 	3480 	3479
f 3545 	3479 	3542
f 3403 	3543 	3546
f 1827 	1750 	1828
f 1752 	1829 	1751
f 3547 	3548 	3545
f 3545 	3544 	3547
f 3545 	3548 	3524
f 3403 	3546 	3405
f 3545 	3524 	3480
f 3405 	3549 	3406
f 1835 	1834 	1759
f 1835 	1759 	1760
f 3554 	3644 	3534
f 3644 	3645 	3550
f 3550 	3645 	3551
f 1925 	1772 	1773
f 1927 	1925 	1775
f 3537 	3377 	3222
f 3557 	3236 	3234
f 3234 	3556 	3557
f 1787 	1943 	1786
f 1788 	1944 	1787
f 3561 	3557 	3556
f 1515 	1665 	1655
f 1515 	1655 	1544
f 3222 	3238 	3537
f 1890 	42 	648
f 3555 	3560 	3556
f 1891 	1890 	648
f 1661 	1662 	1524
f 1524 	1662 	1663
f 3555 	3559 	3560
f 3556 	3560 	3561
f 1664 	1526 	1663
f 1526 	1664 	1665
f 1528 	1667 	1666
f 3557 	3562 	3558
f 3557 	3561 	3562
f 3558 	3562 	3538
f 3558 	3538 	3537
f 3474 	3471 	3563
f 3540 	3538 	3562
f 3474 	3564 	3565
f 3566 	3567 	3559
f 3560 	3559 	3567
f 3561 	3560 	3568
f 3474 	3565 	3477
f 3477 	3565 	3569
f 3560 	3567 	3568
f 3561 	3568 	3570
f 3568 	3574 	3570
f 3477 	3569 	3478
f 3561 	3570 	3562
f 3478 	3569 	3443
f 3562 	3570 	3540
f 3727 	3443 	3569
f 3567 	3566 	3572
f 3571 	3572 	3566
f 3567 	3572 	3573
f 3567 	3573 	3568
f 3573 	3574 	3568
f 3544 	3570 	3574
f 3760 	3565 	3564
f 1890 	62 	42
f 3544 	3540 	3570
f 3579 	3699 	3573
f 3575 	3304 	3301
f 3575 	3576 	3304
f 3571 	3577 	3572
f 3576 	3307 	3304
f 3571 	2231 	3577
f 3576 	3578 	3307
f 3312 	3310 	3446
f 3405 	3546 	3549
f 3578 	3446 	3310
f 3575 	3468 	3478
f 3575 	3478 	3580
f 3478 	3443 	3580
f 3575 	3580 	3576
f 3576 	3450 	3578
f 3580 	3450 	3576
f 3578 	3451 	3446
f 3450 	3451 	3578
f 3535 	3622 	3536
f 3580 	3458 	3450
f 3580 	3443 	3458
f 3581 	3797 	3582
f 3581 	3796 	3797
f 3586 	3546 	3543
f 2964 	3055 	3587
f 2964 	3587 	3588
f 3589 	3591 	3590
f 3587 	3592 	3593
f 3587 	3593 	3588
f 3597 	3593 	3592
f 3592 	3595 	3597
f 3596 	3599 	3618
f 3596 	3590 	3649
f 3595 	3598 	3597
f 3649 	3599 	3596
f 3179 	3597 	3598
f 3590 	3591 	3647
f 3051 	3056 	3601
f 3056 	3611 	3601
f 3649 	3590 	3647
f 3056 	3610 	3611
f 3052 	3601 	3602
f 3602 	3053 	3052
f 3054 	3604 	3605
f 3054 	3605 	3055
f 3606 	3607 	3232
f 3617 	3606 	3603
f 3606 	3618 	3607
f 3053 	3604 	3054
f 3617 	3618 	3606
f 3604 	3053 	3602
f 3587 	3055 	3605
f 3607 	3235 	3232
f 3605 	3592 	3587
f 3607 	3608 	3235
f 3610 	3056 	3536
f 3601 	3612 	3602
f 3601 	3611 	3612
f 3602 	3612 	3614
f 3615 	3892 	3613
f 3602 	3614 	3604
f 3604 	3614 	3616
f 3605 	3604 	3616
f 3605 	3616 	3592
f 3610 	3623 	3611
f 3607 	3619 	3608
f 3611 	3623 	3624
f 3618 	3619 	3607
f 3611 	3624 	3612
f 3608 	3620 	3609
f 3620 	3608 	3619
f 3620 	3289 	3609
f 3609 	3289 	3613
f 3616 	3595 	3592
f 3289 	3290 	3613
f 3621 	3535 	3406
f 3301 	3289 	3620
f 3406 	3549 	3621
f 3535 	3621 	3622
f 3613 	3290 	3615
f 3615 	3295 	3287
f 3290 	3295 	3615
f 3617 	3589 	3590
f 3590 	3596 	3617
f 3536 	3622 	3610
f 3636 	3549 	3546
f 3617 	3596 	3618
f 3637 	3621 	3549
f 3618 	3599 	3619
f 3621 	3638 	3622
f 3303 	3619 	3599
f 3303 	3620 	3619
f 3622 	3638 	3639
f 3622 	3639 	3610
f 3639 	3623 	3610
f 3303 	3301 	3620
f 3599 	3465 	3303
f 3627 	3268 	3626
f 3628 	3614 	3612
f 3628 	3612 	3624
f 3614 	3628 	3629
f 3269 	3627 	3603
f 3625 	3632 	3626
f 3614 	3629 	3616
f 3595 	3616 	3629
f 3629 	3628 	3870
f 3629 	3870 	3871
f 3627 	3589 	3603
f 3623 	3630 	3624
f 3632 	3625 	3631
f 3624 	3630 	3869
f 3634 	3632 	3631
f 3869 	3628 	3624
f 3626 	3633 	3627
f 3626 	3632 	3633
f 3617 	3603 	3589
f 3871 	3595 	3629
f 3598 	3595 	3871
f 3589 	3627 	3633
f 3634 	3631 	3635
f 3636 	3546 	3586
f 3549 	3636 	3637
f 3634 	3594 	3632
f 3638 	3621 	3637
f 3638 	3642 	3856
f 3632 	3594 	3633
f 3638 	3856 	3639
f 3591 	3589 	3633
f 3594 	3591 	3633
f 3640 	3636 	3586
f 3636 	3641 	3637
f 3636 	3640 	3641
f 3638 	3637 	3642
f 3594 	3634 	3643
f 3550 	3534 	3644
f 3646 	3591 	3594
f 3594 	3643 	3646
f 3552 	4338 	3553
f 3647 	3591 	3646
f 3553 	4531 	3554
f 3643 	3654 	3646
f 3644 	4532 	3645
f 3437 	3436 	3648
f 2360 	3648 	3436
f 3599 	3649 	3651
f 3437 	3650 	3439
f 3465 	3599 	3651
f 3652 	3440 	3439
f 3650 	3652 	3439
f 3654 	3643 	3653
f 3660 	3445 	3440
f 2360 	3655 	3648
f 3648 	3656 	3650
f 3646 	3657 	3647
f 3655 	3656 	3648
f 3656 	3658 	3650
f 3646 	3654 	3657
f 3647 	3657 	3659
f 3658 	3652 	3650
f 3658 	3697 	3652
f 3647 	3659 	3649
f 3471 	3649 	3659
f 2365 	2409 	3655
f 3700 	3655 	2409
f 3701 	3656 	3655
f 3649 	3471 	3651
f 3651 	3474 	3465
f 3534 	3658 	3701
f 3651 	3471 	3474
f 3652 	3660 	3440
f 3653 	3584 	3654
f 3652 	3697 	3660
f 3660 	3661 	3445
f 3583 	3584 	3653
f 3654 	3584 	3585
f 3513 	3512 	3672
f 3672 	3514 	3513
f 3500 	3662 	3501
f 3504 	3662 	3500
f 3501 	3662 	3393
f 3502 	3676 	3503
f 3520 	3663 	3530
f 3663 	3520 	3533
f 3663 	3664 	3530
f 3530 	3664 	3531
f 3531 	3665 	3532
f 3728 	3662 	3504
f 3662 	3728 	3666
f 3662 	3666 	3393
f 3728 	3667 	3666
f 3668 	3667 	3732
f 3671 	3511 	3670
f 3672 	3512 	3671
f 3514 	3672 	3673
f 3502 	3675 	3676
f 3670 	4031 	3671
f 3674 	3671 	4031
f 3827 	3672 	3671
f 3674 	3827 	3671
f 3673 	3672 	3828
f 3675 	3502 	3514
f 3514 	3673 	3675
f 3504 	3503 	3677
f 3503 	3676 	3677
f 3664 	3665 	3531
f 3679 	3683 	3533
f 3533 	3683 	3663
f 3684 	3685 	3664
f 3664 	3685 	3665
f 1867 	3696 	646
f 3681 	3679 	3678
f 3681 	3682 	3679
f 3680 	3681 	3678
f 3692 	3693 	3680
f 3681 	3694 	3682
f 3679 	3682 	3683
f 3664 	3663 	3684
f 3683 	3684 	3663
f 3684 	3687 	3685
f 3682 	3686 	3683
f 3682 	3694 	3686
f 3683 	3686 	3684
f 3686 	3687 	3684
f 3665 	3689 	3532
f 3532 	3689 	3688
f 3665 	3685 	3689
f 3690 	3689 	3685
f 3685 	3687 	3690
f 3691 	3690 	3687
f 3687 	1867 	3691
f 3680 	3348 	3692
f 3692 	3348 	3356
f 3681 	3680 	3693
f 3693 	3694 	3681
f 3686 	3694 	3695
f 3686 	3696 	3687
f 3695 	3696 	3686
f 3696 	1867 	3687
f 193 	113 	112
f 375 	216 	218
f 228 	712 	710
f 438 	214 	375
f 3697 	3698 	3660
f 3660 	3698 	3661
f 1672 	1535 	1671
f 3658 	3550 	3697
f 1658 	1520 	1518
f 1520 	1658 	1521
f 1521 	1659 	1522
f 1660 	1661 	1522
f 1523 	1522 	1661
f 1661 	1524 	1523
f 1663 	1525 	1524
f 1665 	1527 	1526
f 1527 	1665 	1515
f 1657 	1518 	1668
f 1669 	1532 	1680
f 1532 	1669 	1533
f 1670 	1533 	1669
f 1670 	1671 	1533
f 1534 	1671 	1535
f 1672 	1667 	1535
f 1746 	1673 	1823
f 1537 	1536 	1674
f 1673 	1674 	1536
f 224 	226 	708
f 710 	226 	228
f 1675 	1538 	1674
f 1537 	1674 	1538
f 1539 	1538 	1676
f 1675 	1676 	1538
f 1677 	1540 	1676
f 1539 	1676 	1540
f 1540 	1677 	1678
f 1542 	1541 	1679
f 1543 	1542 	1680
f 1679 	1680 	1542
f 112 	111 	202
f 1543 	1680 	1532
f 202 	193 	112
f 1655 	1681 	1544
f 382 	204 	416
f 206 	208 	416
f 438 	212 	214
f 1688 	1553 	1687
f 216 	375 	214
f 222 	166 	221
f 708 	190 	224
f 1563 	1697 	1565
f 1682 	1545 	1544
f 1548 	1545 	1683
f 1682 	1683 	1545
f 1548 	1683 	1549
f 1684 	1549 	1683
f 1684 	1685 	1549
f 1550 	1549 	1685
f 1685 	1686 	1550
f 1551 	1550 	1686
f 1551 	1686 	1552
f 1552 	1687 	1553
f 1688 	1689 	1553
f 1554 	1553 	1689
f 1554 	1689 	1555
f 1690 	1555 	1689
f 1555 	1690 	1556
f 1691 	1556 	1690
f 1692 	1557 	1556
f 1559 	1692 	1693
f 1559 	1693 	1560
f 1694 	1560 	1693
f 1694 	1695 	1560
f 1561 	1560 	1695
f 1696 	1562 	1695
f 1561 	1695 	1562
f 1354 	1355 	368
f 1696 	1697 	1562
f 368 	370 	1354
f 1699 	1566 	1698
f 1565 	1698 	1566
f 1699 	1700 	1566
f 1567 	1700 	1701
f 1569 	1701 	1702
f 1702 	1703 	1569
f 397 	1362 	1381
f 1707 	1708 	1574
f 1577 	1710 	1578
f 1712 	1578 	1711
f 387 	1371 	1370
f 1715 	1582 	1714
f 1701 	1568 	1567
f 1568 	1701 	1569
f 1572 	1571 	1705
f 1705 	1706 	1572
f 1573 	1572 	1706
f 1573 	1706 	1574
f 397 	1381 	1380
f 1575 	1708 	1576
f 1709 	1710 	1576
f 1580 	1579 	1713
f 1580 	1713 	1581
f 1581 	1714 	1582
f 405 	386 	1389
f 1582 	1715 	1583
f 1716 	1717 	1583
f 1584 	1583 	1717
f 1584 	1717 	1585
f 1718 	1585 	1717
f 1718 	1719 	1585
f 1586 	1585 	1719
f 1720 	1587 	1586
f 1720 	1586 	1719
f 1720 	1721 	1587
f 1790 	1587 	1721
f 1722 	1791 	1721
f 1723 	1792 	1722
f 1794 	1793 	1725
f 1726 	1794 	1725
f 1382 	399 	1383
f 1383 	399 	1384
f 402 	403 	1386
f 403 	1388 	1387
f 1736 	1811 	1735
f 409 	410 	1393
f 1790 	1721 	1791
f 411 	1395 	410
f 1791 	1722 	1792
f 1724 	1793 	1723
f 1792 	1723 	1793
f 1724 	1725 	1793
f 1726 	1795 	1794
f 1413 	1429 	179
f 1797 	1795 	1727
f 1728 	1798 	1727
f 1797 	1727 	1798
f 1728 	1729 	1798
f 1799 	1798 	1729
f 3572 	3577 	3579
f 3572 	3579 	3573
f 3574 	3573 	3699
f 3547 	3544 	3574
f 3547 	3574 	3699
f 1804 	1799 	1730
f 1729 	1730 	1799
f 1730 	1731 	1804
f 1805 	1804 	1731
f 1732 	1807 	1731
f 1805 	1731 	1807
f 183 	1419 	1418
f 1733 	1808 	1807
f 1733 	1807 	1732
f 1419 	183 	1420
f 186 	1420 	183
f 1808 	1733 	1809
f 1734 	1809 	1733
f 186 	188 	1420
f 197 	1427 	1426
f 199 	1428 	197
f 1427 	197 	1428
f 1430 	203 	1431
f 3697 	3551 	3698
f 205 	207 	1431
f 3700 	3701 	3655
f 3553 	3701 	3700
f 3656 	3701 	3658
f 3658 	3534 	3550
f 3551 	3697 	3550
f 2409 	3552 	3700
f 2409 	2414 	3552
f 3552 	3553 	3700
f 3553 	3554 	3701
f 3701 	3554 	3534
f 1735 	1810 	1809
f 1735 	1809 	1734
f 1810 	1735 	1811
f 1777 	1931 	1736
f 231 	1451 	1450
f 1831 	1755 	1737
f 1737 	1813 	1831
f 1451 	231 	1452
f 1452 	232 	1453
f 1816 	1739 	1740
f 1740 	1741 	1818
f 1742 	1819 	1741
f 1818 	1741 	1819
f 353 	1458 	1457
f 1821 	1820 	1744
f 1745 	1822 	1744
f 1822 	1745 	1823
f 1536 	1823 	1673
f 361 	1464 	359
f 1749 	1826 	1748
f 1465 	1464 	364
f 1828 	1751 	1829
f 414 	2200 	364
f 1831 	1754 	1755
f 1738 	1814 	1737
f 1813 	1737 	1814
f 1738 	1739 	1814
f 1816 	1814 	1739
f 1816 	1740 	1817
f 3657 	3654 	3585
f 3702 	3659 	3657
f 3702 	3657 	3585
f 3659 	3702 	3563
f 3659 	3563 	3471
f 3635 	3703 	3704
f 3635 	3704 	3634
f 3704 	3643 	3634
f 3706 	3653 	3704
f 3583 	3653 	3706
f 3703 	3706 	3704
f 3703 	3705 	3706
f 3643 	3704 	3653
f 3705 	3582 	3706
f 3705 	3581 	3582
f 3706 	3582 	3583
f 3739 	3743 	3712
f 3715 	3713 	3710
f 3710 	3714 	3715
f 3713 	3715 	3716
f 3739 	3712 	3711
f 1817 	1740 	1818
f 3802 	3718 	3792
f 1819 	1742 	1743
f 3714 	3719 	3715
f 1825 	1748 	1826
f 1749 	1750 	1826
f 1751 	1828 	1750
f 3719 	3714 	3718
f 1748 	1825 	1756
f 1832 	1756 	1825
f 1834 	1757 	1758
f 3715 	3720 	3716
f 1758 	1759 	1834
f 1760 	1836 	1835
f 3719 	3720 	3715
f 3721 	3716 	3720
f 1838 	1761 	1763
f 3720 	3725 	3721
f 1838 	1763 	1839
f 1764 	1839 	1763
f 3802 	3722 	3718
f 3718 	3723 	3719
f 3718 	3722 	3723
f 3719 	3723 	3724
f 3719 	3724 	3720
f 3725 	3720 	3724
f 3722 	4182 	4184
f 3722 	4184 	3723
f 4175 	3725 	3724
f 779 	780 	4100
f 4286 	782 	783
f 647 	1883 	4291
f 787 	647 	4291
f 4288 	783 	784
f 3504 	3677 	3728
f 4446 	789 	790
f 4447 	4446 	791
f 3673 	3729 	3675
f 3675 	3730 	3676
f 4454 	794 	795
f 3675 	3729 	3730
f 3676 	3730 	3731
f 4100 	778 	779
f 3677 	3676 	3731
f 3677 	3731 	3732
f 3677 	3732 	3728
f 3728 	3732 	3667
f 787 	4291 	786
f 3734 	3825 	3733
f 2658 	2686 	3733
f 2687 	2746 	3733
f 3735 	3736 	3707
f 3707 	3736 	3708
f 3708 	3737 	3709
f 3736 	3737 	3708
f 3737 	3738 	3709
f 4220 	4221 	3736
f 3736 	4221 	3737
f 3711 	3709 	3738
f 3711 	3738 	3739
f 4220 	3736 	3735
f 3727 	3740 	3443
f 3743 	3742 	3717
f 3726 	3741 	3744
f 3769 	3744 	3741
f 3717 	3712 	3743
f 3726 	3744 	3727
f 3727 	3745 	3740
f 3744 	3745 	3727
f 3745 	3751 	3740
f 3735 	3734 	2746
f 3734 	3733 	2746
f 3744 	3769 	3770
f 3770 	3771 	3744
f 3739 	3738 	4224
f 3737 	4224 	3738
f 3458 	3443 	3740
f 4224 	3737 	4221
f 3740 	3746 	3458
f 3740 	3751 	3746
f 3458 	3746 	3459
f 3459 	3747 	3461
f 3746 	3747 	3459
f 3747 	3748 	3461
f 3461 	3748 	3462
f 2506 	4158 	3748
f 3746 	3751 	3747
f 3752 	3747 	3751
f 2507 	3748 	3747
f 3747 	3752 	2507
f 2507 	2511 	3748
f 3748 	2511 	2506
f 3745 	3772 	3751
f 2517 	3752 	3751
f 3752 	2521 	2507
f 3710 	3713 	3702
f 3754 	3755 	3753
f 3563 	3756 	3564
f 3742 	3750 	3717
f 3750 	3742 	3757
f 3750 	3757 	3749
f 3758 	3759 	3754
f 3754 	3759 	3755
f 3749 	3758 	3754
f 3757 	3758 	3749
f 3756 	3563 	3713
f 3760 	3564 	3756
f 3726 	3569 	3565
f 3760 	3726 	3565
f 3726 	3727 	3569
f 3713 	3716 	3756
f 3760 	3756 	3763
f 3716 	3763 	3756
f 3760 	3763 	3741
f 3769 	3741 	3763
f 3741 	3726 	3760
f 3721 	3769 	3763
f 3763 	3716 	3721
f 3725 	3773 	3721
f 3745 	3744 	3771
f 3771 	3772 	3745
f 3772 	2517 	3751
f 3769 	3721 	3773
f 3769 	3773 	3774
f 3769 	3774 	3770
f 3788 	3765 	3767
f 3770 	3776 	3771
f 3774 	3776 	3770
f 3765 	3791 	3764
f 3765 	3788 	3791
f 2523 	3772 	3776
f 3772 	3771 	3776
f 2523 	2524 	3772
f 3772 	2524 	2517
f 3773 	4201 	3774
f 3777 	4013 	3779
f 4202 	3776 	3774
f 2523 	3776 	2704
f 4202 	2704 	3776
f 3582 	3782 	3583
f 3761 	3768 	3783
f 3583 	3782 	3784
f 3782 	3790 	3784
f 3768 	2427 	2430
f 3584 	3583 	3784
f 3785 	3585 	3584
f 3783 	3762 	3761
f 3584 	3784 	3785
f 3585 	3785 	3710
f 3762 	3786 	3766
f 3785 	3714 	3710
f 3702 	3585 	3710
f 3786 	3762 	3783
f 3787 	3788 	3767
f 3782 	3789 	3790
f 3784 	3790 	3792
f 3764 	3791 	3793
f 3785 	3784 	3792
f 3714 	3785 	3792
f 3764 	3793 	3775
f 3779 	3794 	3777
f 3795 	3794 	3779
f 3790 	3789 	3801
f 3800 	3801 	3789
f 3802 	3792 	3790
f 3714 	3792 	3718
f 3779 	3775 	3795
f 3793 	3795 	3775
f 3582 	3797 	3782
f 3796 	3799 	3797
f 3796 	3798 	3799
f 3797 	3789 	3782
f 3787 	3820 	3788
f 3797 	3799 	3789
f 3788 	3820 	3823
f 3825 	3795 	3793
f 3799 	3800 	3789
f 3766 	3787 	3767
f 3799 	3812 	3800
f 3766 	3786 	3787
f 3790 	3801 	3802
f 3794 	3803 	3777
f 3800 	3805 	3801
f 3800 	3804 	3805
f 3801 	3805 	3802
f 3806 	3802 	3805
f 3807 	3780 	3803
f 3780 	3778 	3803
f 3777 	3803 	3778
f 3802 	3806 	3722
f 3806 	4182 	3722
f 3780 	3808 	3781
f 3807 	3808 	3780
f 3805 	4207 	3806
f 4208 	4182 	3806
f 3808 	3810 	3781
f 3812 	3799 	3798
f 3798 	3811 	3812
f 3811 	3814 	3812
f 3811 	3813 	3814
f 3812 	3814 	3800
f 3804 	3800 	3814
f 4212 	4213 	3813
f 4095 	2426 	4096
f 3563 	3702 	3713
f 3768 	2430 	3783
f 3783 	2430 	2642
f 3783 	2642 	3786
f 3786 	3818 	3787
f 3818 	3786 	2642
f 3791 	3788 	3823
f 3787 	3818 	3820
f 3818 	2655 	3820
f 2655 	2657 	3820
f 3791 	3824 	3793
f 3991 	3819 	3990
f 3817 	3990 	3819
f 3791 	3823 	3824
f 3825 	3826 	3795
f 3816 	3990 	3817
f 3826 	3794 	3795
f 1764 	1765 	1839
f 1843 	1839 	1765
f 1843 	1765 	1844
f 1766 	1844 	1765
f 1766 	1767 	1844
f 1845 	1844 	1767
f 1845 	1767 	1846
f 1768 	1846 	1767
f 1768 	1769 	1846
f 1847 	1846 	1769
f 1771 	1847 	1769
f 1923 	1771 	1772
f 1923 	1772 	1925
f 1773 	1775 	1925
f 1927 	1775 	1776
f 1928 	1756 	1832
f 1811 	1736 	1931
f 1777 	1778 	1931
f 1934 	1931 	1778
f 1934 	1778 	1935
f 1779 	1935 	1778
f 1935 	1779 	1936
f 1780 	1936 	1779
f 1780 	1781 	1936
f 1937 	1936 	1781
f 1937 	1781 	1782
f 1783 	1939 	1782
f 1939 	1783 	1784
f 1785 	1941 	1784
f 1941 	1785 	1942
f 1786 	1942 	1785
f 1786 	1943 	1942
f 4756 	3555 	4137
f 3729 	3838 	3829
f 3729 	3829 	3730
f 3730 	3829 	3731
f 3571 	4759 	2231
f 3830 	3731 	3829
f 2619 	2776 	2763
f 3732 	3731 	3831
f 3827 	3828 	3672
f 3674 	3836 	3827
f 3673 	3828 	3729
f 3828 	3837 	3729
f 3838 	3729 	3837
f 2966 	2989 	2675
f 3837 	3828 	3827
f 3195 	3179 	3598
f 3600 	3197 	3598
f 3197 	3600 	3210
f 3233 	3214 	4137
f 3233 	4137 	3555
f 3731 	3830 	3831
f 3833 	3834 	3830
f 3571 	3566 	4759
f 3831 	3668 	3732
f 3829 	3838 	3832
f 3829 	3832 	3833
f 3829 	3833 	3830
f 3831 	3830 	3834
f 3831 	3834 	3669
f 3831 	3669 	3668
f 3832 	4108 	3833
f 3836 	3674 	3835
f 4049 	4061 	3835
f 3827 	3836 	3837
f 3835 	3839 	3836
f 3835 	4061 	3839
f 3836 	3839 	3840
f 3836 	3840 	3837
f 3837 	3841 	3838
f 3837 	3840 	3841
f 3841 	3832 	3838
f 3839 	4118 	3840
f 4118 	3839 	4117
f 3027 	3888 	3889
f 3430 	3027 	3889
f 439 	440 	2172
f 2424 	2588 	2586
f 2191 	459 	461
f 2191 	461 	462
f 1943 	1787 	1944
f 980 	1946 	2169
f 980 	2169 	979
f 33 	40 	38
f 39 	38 	40
f 40 	33 	32
f 3819 	3992 	3822
f 3991 	3992 	3819
f 1867 	1868 	3691
f 3992 	3993 	3822
f 3821 	3822 	3993
f 4067 	3067 	3688
f 3846 	3847 	3844
f 3844 	3847 	3842
f 3843 	3846 	3844
f 3845 	3846 	3843
f 4006 	4007 	3845
f 3846 	3845 	4007
f 4007 	4141 	3846
f 3847 	3846 	4141
f 3970 	3849 	3852
f 2675 	2978 	2672
f 3637 	3641 	3642
f 3863 	3864 	3642
f 3639 	3858 	3623
f 3639 	3856 	3858
f 3630 	3623 	3858
f 3640 	3859 	3641
f 3851 	3860 	3848
f 3861 	3860 	3851
f 3860 	3862 	3848
f 3641 	3863 	3642
f 3641 	3859 	3863
f 3856 	3642 	3864
f 3851 	3850 	3861
f 3857 	3861 	3850
f 3865 	3852 	3862
f 3852 	3849 	3862
f 3848 	3862 	3849
f 3852 	3866 	3853
f 3865 	3866 	3852
f 3866 	3868 	3853
f 3628 	3869 	3870
f 3870 	3878 	3871
f 3861 	3857 	3880
f 3873 	3630 	3858
f 3869 	3630 	3874
f 3873 	3874 	3630
f 3854 	3875 	3876
f 3869 	3874 	3877
f 3231 	3232 	3872
f 3235 	3239 	3872
f 3872 	3239 	3875
f 3869 	3877 	3870
f 3239 	3241 	3875
f 3878 	3870 	3877
f 3855 	3854 	3876
f 3871 	3878 	3600
f 3879 	3857 	3855
f 3588 	3161 	2989
f 3876 	3879 	3855
f 3593 	3165 	3588
f 3880 	3881 	3861
f 3195 	3598 	3197
f 3881 	3860 	3861
f 3860 	3882 	3862
f 3882 	3860 	3881
f 2619 	2820 	2776
f 3879 	3880 	3857
f 3882 	3883 	3862
f 3593 	3597 	3165
f 3555 	4756 	3559
f 3895 	3882 	3881
f 2231 	4759 	2232
f 2763 	1004 	2613
f 2491 	2613 	1004
f 2650 	2672 	2820
f 3862 	3883 	3865
f 3883 	3884 	3865
f 2978 	2675 	2989
f 3884 	3866 	3865
f 3868 	3885 	3886
f 3868 	3886 	3867
f 2613 	2619 	2763
f 2650 	2820 	2619
f 2974 	2820 	2672
f 3886 	3887 	3867
f 2974 	2672 	2978
f 2966 	3588 	2989
f 3161 	3588 	3165
f 3179 	3165 	3597
f 3210 	3600 	3911
f 3911 	3212 	3210
f 3914 	3214 	3212
f 3866 	3885 	3868
f 3214 	3914 	4137
f 3884 	3885 	3866
f 3559 	4756 	4757
f 4758 	3566 	3559
f 4757 	4758 	3559
f 3566 	4758 	4759
f 3819 	3886 	3885
f 3887 	3886 	3822
f 3819 	3822 	3886
f 3891 	3888 	3039
f 3891 	3894 	3888
f 3888 	3894 	3889
f 3876 	3875 	3241
f 3430 	3889 	3890
f 3241 	3244 	3876
f 3889 	3896 	3890
f 3876 	3244 	3879
f 3879 	3892 	3880
f 3892 	3879 	3244
f 3891 	3039 	3043
f 3892 	3893 	3880
f 3244 	3613 	3892
f 3043 	3898 	3891
f 3615 	3287 	3892
f 3880 	3893 	3881
f 3895 	3815 	3882
f 3894 	3896 	3889
f 3288 	3988 	3895
f 3894 	3901 	3896
f 3815 	3883 	3882
f 3896 	3897 	3890
f 3883 	3816 	3884
f 3816 	3883 	3815
f 3816 	3817 	3884
f 3890 	3897 	3490
f 3897 	3493 	3490
f 3817 	3885 	3884
f 3898 	3043 	3042
f 3885 	3817 	3819
f 3899 	3891 	3898
f 3899 	3900 	3891
f 3881 	3893 	3895
f 3894 	3891 	3900
f 3900 	3901 	3894
f 3822 	3821 	3887
f 3901 	3902 	3896
f 3893 	3287 	3895
f 3893 	3892 	3287
f 3896 	3902 	3897
f 3903 	3971 	3853
f 3971 	3970 	3853
f 3689 	4067 	3688
f 3970 	3852 	3853
f 3002 	2631 	2397
f 3868 	3867 	3903
f 3868 	3903 	3853
f 3871 	3600 	3598
f 3856 	3907 	3858
f 3905 	3903 	3867
f 3856 	3864 	3907
f 3907 	3873 	3858
f 4046 	3907 	3937
f 3907 	3919 	3873
f 3923 	3911 	3878
f 3878 	3911 	3600
f 3867 	3912 	3905
f 3923 	3913 	3911
f 3912 	3904 	3905
f 3913 	3212 	3911
f 3916 	3904 	3912
f 3914 	3212 	3913
f 3904 	3916 	3906
f 3910 	3917 	3918
f 3937 	3864 	3863
f 3910 	3918 	3909
f 3906 	3917 	3910
f 3873 	3919 	3920
f 3917 	3906 	3916
f 3912 	3867 	3887
f 3916 	3843 	3917
f 3920 	3874 	3873
f 3921 	3843 	3916
f 3922 	3877 	3874
f 3843 	3844 	3917
f 3874 	3920 	3922
f 3917 	3844 	3918
f 3877 	3922 	3923
f 3912 	3921 	3916
f 3923 	3878 	3877
f 3921 	3912 	3887
f 3887 	3821 	3921
f 3821 	3845 	3921
f 3919 	3925 	3920
f 3921 	3845 	3843
f 3919 	3924 	3925
f 3920 	3925 	3926
f 3918 	3844 	3842
f 3922 	3920 	3926
f 3922 	3926 	3930
f 3922 	3930 	3923
f 3923 	3930 	3913
f 3961 	3931 	3934
f 3924 	4066 	4056
f 3924 	4056 	3925
f 3931 	3942 	3934
f 3925 	4056 	3926
f 4058 	3926 	4056
f 3930 	3926 	4060
f 3914 	3930 	4060
f 3914 	3913 	3930
f 3936 	3863 	3859
f 3859 	3915 	3936
f 3937 	3863 	3936
f 2175 	441 	442
f 443 	2176 	442
f 3035 	3033 	2591
f 3064 	3240 	2591
f 3243 	3240 	3065
f 3066 	3272 	3065
f 3848 	3967 	3851
f 3935 	3854 	3933
f 3932 	3933 	3855
f 3854 	3855 	3933
f 3857 	3932 	3855
f 3932 	3857 	3850
f 3934 	3943 	3935
f 3938 	3927 	3939
f 3929 	3940 	3941
f 3929 	3941 	3931
f 3942 	3931 	3941
f 3935 	3943 	3854
f 3875 	3854 	3943
f 2467 	542 	2469
f 3943 	3934 	3942
f 2470 	2469 	543
f 3941 	3231 	3942
f 3940 	3264 	3941
f 3951 	3493 	3897
f 551 	2478 	2477
f 3897 	3902 	3951
f 3941 	3264 	3231
f 551 	2293 	2478
f 3898 	3230 	3952
f 3872 	3943 	3942
f 3875 	3943 	3872
f 3944 	3946 	4121
f 3940 	3929 	3927
f 3927 	3938 	3940
f 3954 	3900 	3899
f 3901 	3900 	3955
f 3944 	3948 	3946
f 3939 	3257 	3259
f 3947 	3948 	3944
f 3938 	3259 	3263
f 3847 	4141 	3947
f 3259 	3938 	3939
f 3948 	3947 	4473
f 3940 	3938 	3263
f 3946 	3948 	3949
f 3949 	3945 	3946
f 3940 	3263 	3264
f 3951 	3511 	3493
f 3949 	3950 	3945
f 4025 	3951 	3902
f 2199 	2257 	2275
f 2508 	2275 	2257
f 2257 	2259 	2508
f 2509 	2508 	2259
f 3902 	3959 	4025
f 2261 	2599 	2259
f 2509 	2259 	2599
f 2261 	2262 	2599
f 2617 	2599 	2262
f 3670 	3511 	3951
f 2631 	2617 	2263
f 2262 	2263 	2617
f 2263 	2397 	2631
f 3898 	3953 	3899
f 3018 	2585 	2586
f 3018 	2586 	2588
f 3952 	3953 	3898
f 3033 	2588 	2589
f 3954 	3899 	3953
f 2589 	2591 	3033
f 3035 	2591 	3240
f 3957 	3958 	3953
f 3064 	3065 	3240
f 3243 	3065 	3272
f 3066 	3067 	3272
f 3285 	3272 	3067
f 4067 	3285 	3067
f 3954 	3955 	3900
f 3689 	4070 	4067
f 4070 	3689 	3690
f 4086 	3691 	1868
f 3956 	3957 	3952
f 3952 	3957 	3953
f 3954 	3953 	3958
f 3265 	3262 	4035
f 4035 	4036 	3265
f 3265 	4036 	3956
f 2196 	466 	467
f 4038 	3958 	3957
f 3872 	3942 	3231
f 3960 	3961 	2254
f 3962 	3963 	2254
f 3963 	3964 	2254
f 3965 	3966 	2254
f 3966 	3967 	2254
f 3964 	3965 	2254
f 3794 	3707 	3803
f 3707 	3794 	3826
f 3961 	3962 	2254
f 3735 	3707 	3826
f 3967 	3968 	2254
f 3968 	3969 	2254
f 3928 	3960 	2254
f 3969 	3970 	2254
f 2254 	3971 	3972
f 3972 	3973 	2254
f 3972 	3905 	3973
f 3970 	3971 	2254
f 3974 	3975 	2254
f 3976 	3977 	2254
f 3976 	2254 	3978
f 3975 	3978 	2254
f 3973 	3974 	2254
f 3960 	3927 	3929
f 3960 	3929 	3961
f 3931 	3961 	3929
f 4091 	4092 	4956
f 3963 	3962 	3935
f 3963 	3933 	3964
f 3932 	3964 	3933
f 3963 	3935 	3933
f 3932 	3850 	3965
f 3966 	3965 	3850
f 3967 	3966 	3851
f 3850 	3851 	3966
f 3964 	3932 	3965
f 3934 	3962 	3961
f 3934 	3935 	3962
f 3967 	3848 	3968
f 3848 	3849 	3968
f 3927 	3960 	3928
f 3849 	3970 	3969
f 3903 	3972 	3971
f 3905 	3904 	3973
f 3972 	3903 	3905
f 3904 	3906 	3974
f 3975 	3974 	3906
f 3978 	3975 	3910
f 3973 	3904 	3974
f 3968 	3849 	3969
f 3908 	3977 	3976
f 3908 	3976 	3909
f 3978 	3909 	3976
f 3910 	3909 	3978
f 3906 	3910 	3975
f 3909 	3918 	3908
f 3982 	3981 	4151
f 3314 	3449 	3979
f 3449 	4146 	3979
f 4148 	3981 	3980
f 4148 	4151 	3981
f 3983 	3982 	4152
f 4152 	4163 	3983
f 3985 	3986 	3987
f 3985 	3987 	3984
f 3986 	3983 	4163
f 3288 	3895 	3287
f 3815 	3895 	3988
f 3815 	3988 	3989
f 3988 	3288 	3298
f 3815 	3989 	3816
f 3990 	3816 	3989
f 3995 	3990 	3989
f 4523 	4522 	100
f 3821 	3993 	4006
f 3988 	3994 	3989
f 3988 	3298 	3994
f 3994 	3995 	3989
f 4095 	4965 	4004
f 3995 	3996 	3990
f 3990 	3996 	3991
f 3991 	3996 	3997
f 3996 	3981 	3997
f 3991 	3997 	3992
f 3998 	3999 	3993
f 1889 	4524 	113
f 3998 	3983 	3999
f 3999 	3986 	3985
f 3983 	3986 	3999
f 3992 	3998 	3993
f 3998 	3992 	3997
f 3994 	3298 	3314
f 3995 	3994 	3979
f 3314 	3979 	3994
f 3995 	3980 	3996
f 3979 	3980 	3995
f 4279 	4000 	4001
f 3996 	3980 	3981
f 3981 	3982 	3997
f 3997 	3982 	3998
f 3982 	3983 	3998
f 3821 	4006 	3845
f 4005 	4001 	4002
f 3824 	3825 	3793
f 3707 	3708 	3803
f 3734 	3735 	3826
f 3733 	3825 	3824
f 3734 	3826 	3825
f 3803 	3708 	3807
f 3708 	3709 	3807
f 3807 	3709 	3808
f 3711 	3712 	3810
f 3810 	3712 	3809
f 3717 	3809 	3712
f 3808 	3711 	3810
f 3711 	3808 	3709
f 3823 	3820 	2657
f 2657 	2658 	3823
f 2658 	3824 	3823
f 3824 	2658 	3733
f 4015 	3778 	4016
f 2207 	423 	424
f 2209 	424 	425
f 4022 	1910 	4024
f 4009 	4008 	3767
f 3764 	4010 	3765
f 4009 	3765 	4010
f 4009 	3767 	3765
f 3764 	3775 	4011
f 4012 	4011 	3775
f 3775 	3779 	4012
f 4010 	3764 	4011
f 4008 	3766 	3767
f 4013 	3777 	4014
f 3901 	3955 	3959
f 2209 	425 	427
f 3901 	3959 	3902
f 3951 	4025 	3670
f 4028 	3959 	3955
f 3959 	4030 	4025
f 3959 	4028 	4030
f 4025 	4031 	3670
f 4025 	4030 	4031
f 1465 	364 	2200
f 3958 	4026 	3954
f 4492 	3950 	3949
f 3954 	4026 	3955
f 4026 	4028 	3955
f 4026 	3958 	4045
f 4045 	4028 	4026
f 4029 	4032 	4267
f 4536 	4032 	4029
f 4028 	4045 	4047
f 4047 	4048 	4028
f 4030 	4028 	4048
f 4031 	3835 	3674
f 3957 	3956 	4037
f 4036 	4037 	3956
f 4037 	4038 	3957
f 4014 	3778 	4015
f 3777 	3778 	4014
f 4013 	4012 	3779
f 3780 	4016 	3778
f 4017 	4039 	4018
f 3276 	3281 	4040
f 4040 	4035 	3276
f 4044 	4041 	4019
f 4044 	4018 	4039
f 4035 	4042 	4036
f 4019 	4018 	4044
f 4040 	4042 	4035
f 4020 	4019 	4041
f 4042 	4043 	4036
f 4039 	4017 	3781
f 3781 	4017 	4016
f 4036 	4043 	4037
f 4038 	4037 	4057
f 4016 	3780 	3781
f 4057 	4037 	4043
f 4293 	4042 	4040
f 4293 	4294 	4042
f 4043 	4042 	4294
f 4045 	3958 	4038
f 3864 	3937 	3907
f 4030 	4049 	4031
f 3919 	3907 	4046
f 4030 	4048 	4049
f 3936 	4596 	4050
f 3835 	4031 	4049
f 3936 	4051 	3937
f 3936 	4050 	4051
f 3937 	4051 	4053
f 4045 	4052 	4047
f 4047 	4054 	4048
f 4047 	4052 	4054
f 4054 	4055 	4049
f 3937 	4053 	4046
f 4049 	4048 	4054
f 4046 	4053 	3924
f 4053 	4064 	3924
f 4046 	3924 	3919
f 4050 	4063 	4051
f 4051 	4064 	4053
f 4066 	3924 	4064
f 4319 	4055 	4054
f 4045 	4038 	4059
f 4057 	4059 	4038
f 3926 	4058 	4060
f 4059 	4052 	4045
f 4299 	4059 	4057
f 4129 	4132 	4066
f 4056 	4134 	4058
f 4049 	4055 	4061
f 4062 	4050 	4596
f 4596 	4712 	4062
f 4063 	4050 	4062
f 4062 	4126 	4063
f 3690 	4082 	4070
f 3691 	4086 	3690
f 4051 	4063 	4064
f 3285 	4067 	4068
f 4067 	4069 	4068
f 4041 	4071 	4020
f 4067 	4070 	4069
f 4020 	4071 	4021
f 4082 	4083 	4070
f 4072 	4023 	4022
f 4073 	4072 	4022
f 4073 	4022 	4024
f 4074 	4073 	4024
f 4069 	4070 	4083
f 4073 	3753 	4072
f 4024 	4021 	4074
f 4071 	4074 	4021
f 4075 	3286 	3284
f 4074 	3753 	4073
f 4068 	4075 	3284
f 4075 	4076 	3286
f 4075 	4079 	4076
f 3809 	4077 	4044
f 3280 	4076 	3281
f 4065 	3281 	4076
f 4069 	4078 	4068
f 4039 	3809 	4044
f 4075 	4068 	4078
f 3810 	3809 	4039
f 3810 	4039 	3781
f 4078 	4079 	4075
f 4079 	4080 	4076
f 4044 	4077 	4041
f 4076 	4080 	4065
f 4081 	4071 	4041
f 4088 	4079 	4078
f 4079 	4089 	4080
f 4077 	4081 	4041
f 3809 	3717 	4077
f 4074 	4084 	3753
f 4083 	4082 	4085
f 4086 	4085 	4082
f 4071 	4084 	4074
f 4071 	4081 	4084
f 4081 	3749 	4084
f 3750 	3749 	4081
f 4069 	4087 	4078
f 3749 	3754 	4084
f 4084 	3754 	3753
f 4069 	4083 	4087
f 4087 	4088 	4078
f 4077 	3750 	4081
f 4087 	4093 	4088
f 3717 	3750 	4077
f 4089 	4079 	4088
f 4085 	4090 	4083
f 4083 	4090 	4087
f 3761 	4097 	4091
f 4093 	4087 	4090
f 3762 	4098 	3761
f 4093 	4094 	4088
f 4091 	4097 	4092
f 4096 	4091 	4095
f 4091 	3768 	3761
f 4088 	4094 	4089
f 4091 	4096 	3768
f 2427 	4096 	2426
f 3768 	4096 	2427
f 4097 	4098 	1910
f 4008 	4009 	1910
f 4085 	4086 	4099
f 4009 	4010 	1910
f 4011 	4012 	1910
f 4099 	4086 	1868
f 4012 	4013 	1910
f 4099 	4100 	4085
f 4010 	4011 	1910
f 4098 	4008 	1910
f 4014 	1910 	4013
f 4085 	4100 	4090
f 4014 	4015 	1910
f 4093 	4090 	4101
f 4100 	4101 	4090
f 4102 	4094 	4093
f 4101 	4102 	4093
f 4092 	4097 	1910
f 4015 	4016 	1910
f 4017 	4018 	1910
f 4018 	4019 	1910
f 4020 	1910 	4019
f 778 	4100 	4099
f 4016 	4017 	1910
f 4020 	4021 	1910
f 4022 	4023 	1910
f 4021 	4024 	1910
f 4097 	3761 	4098
f 4098 	3766 	4008
f 4098 	3762 	3766
f 4104 	479 	4103
f 4104 	4105 	479
f 4493 	4027 	3950
f 4107 	3832 	4119
f 4108 	3832 	4107
f 4536 	4537 	4032
f 3833 	4108 	4109
f 4537 	4033 	4032
f 4108 	4112 	4109
f 3833 	4109 	3834
f 4109 	4103 	3669
f 4109 	3669 	3834
f 4540 	4342 	4034
f 4107 	4110 	4111
f 4107 	4111 	4108
f 4112 	4108 	4111
f 4109 	4112 	4104
f 4109 	4104 	4103
f 4111 	4131 	4133
f 4133 	4112 	4111
f 4123 	4124 	4114
f 4114 	4124 	4115
f 3840 	4118 	4119
f 4123 	4114 	4113
f 4117 	4120 	4118
f 4122 	4113 	4121
f 4118 	4120 	4127
f 4118 	4127 	4119
f 4122 	4123 	4113
f 3840 	4119 	3841
f 4122 	3946 	3945
f 3841 	4119 	3832
f 4121 	3946 	4122
f 3945 	4123 	4122
f 4125 	4117 	4320
f 4117 	4125 	4120
f 4127 	4120 	4275
f 4126 	4062 	4715
f 4063 	4126 	4128
f 4119 	4110 	4107
f 4119 	4127 	4110
f 4063 	4128 	4064
f 4064 	4129 	4066
f 4064 	4128 	4129
f 4120 	4125 	4273
f 4275 	4120 	4273
f 4127 	4130 	4110
f 4110 	4131 	4111
f 4110 	4130 	4131
f 4056 	4066 	4132
f 4056 	4132 	4134
f 4131 	4139 	4133
f 4112 	4133 	4104
f 4105 	4104 	4133
f 4134 	4135 	4058
f 4060 	4058 	4135
f 4060 	4135 	4137
f 4130 	4136 	4138
f 4137 	3914 	4060
f 4136 	4289 	4138
f 4130 	4138 	4131
f 4129 	4766 	4132
f 4139 	4131 	4138
f 4133 	4139 	4105
f 4106 	4105 	4139
f 4134 	4761 	4762
f 4762 	4135 	4134
f 4135 	4762 	4137
f 4140 	2971 	2538
f 3993 	3999 	4006
f 2538 	2541 	4140
f 3985 	4007 	4006
f 2973 	4143 	4142
f 2971 	4140 	4143
f 3999 	3985 	4006
f 4144 	3048 	3045
f 4007 	3984 	4141
f 4140 	4150 	4143
f 3985 	3984 	4007
f 3980 	3979 	4146
f 2541 	4145 	4147
f 2542 	4274 	4145
f 4146 	4148 	3980
f 2541 	4147 	4140
f 4150 	4149 	4143
f 4151 	4152 	3982
f 4151 	4157 	4152
f 4147 	4150 	4140
f 4149 	4142 	4143
f 4142 	4149 	4153
f 3449 	4154 	4146
f 3449 	3456 	4154
f 4146 	4155 	4148
f 4142 	4153 	4144
f 4146 	4154 	4155
f 4155 	4156 	4148
f 4151 	4148 	4156
f 2542 	2543 	4274
f 4156 	4157 	4151
f 4283 	4150 	4147
f 4154 	3456 	4158
f 4283 	4284 	4150
f 3456 	3462 	4158
f 4149 	4150 	4284
f 4158 	4159 	4154
f 3462 	3748 	4158
f 2506 	2623 	4158
f 4153 	4285 	4160
f 4153 	4160 	4144
f 4155 	4154 	4159
f 2530 	4156 	4155
f 4144 	4160 	3048
f 4160 	4161 	3048
f 4159 	2530 	4155
f 2530 	2531 	4156
f 3945 	4261 	4123
f 3945 	3950 	4261
f 4156 	2531 	4157
f 4261 	4124 	4123
f 4157 	2531 	2532
f 4159 	4158 	2623
f 2200 	414 	415
f 2623 	2624 	4159
f 2203 	418 	419
f 422 	2206 	421
f 2207 	2206 	423
f 422 	423 	2206
f 4163 	4164 	3986
f 4157 	4165 	4152
f 4157 	2532 	4165
f 4152 	4165 	4163
f 4165 	4166 	4163
f 4163 	4166 	4164
f 4166 	4480 	4164
f 4167 	4168 	2480
f 4169 	4170 	2480
f 4170 	4171 	2480
f 4172 	4173 	2480
f 2532 	2535 	4165
f 4173 	4174 	2480
f 4165 	2535 	4166
f 4166 	2535 	4480
f 4171 	4172 	2480
f 4168 	4169 	2480
f 3626 	3267 	3625
f 986 	988 	3625
f 4162 	4167 	2480
f 4376 	4377 	2480
f 4377 	4378 	2480
f 4375 	4376 	2480
f 4389 	2491 	2480
f 4385 	4391 	2480
f 4113 	4114 	4167
f 4167 	4114 	4168
f 4115 	4168 	4114
f 3725 	4175 	4176
f 4170 	4180 	4171
f 4175 	4178 	4176
f 4176 	3773 	3725
f 4116 	4179 	4168
f 4115 	4116 	4168
f 4162 	4113 	4167
f 4175 	4177 	4178
f 4176 	4178 	4203
f 4169 	4168 	4179
f 4124 	4242 	4115
f 4197 	4177 	4188
f 4169 	4179 	4170
f 4190 	4178 	4177
f 4170 	4179 	4180
f 4184 	4185 	3723
f 3724 	3723 	4185
f 2218 	2217 	436
f 4175 	3724 	4185
f 2172 	437 	439
f 4186 	4182 	4208
f 4182 	4186 	4187
f 4186 	4196 	4187
f 4186 	4195 	4196
f 4182 	4187 	4184
f 382 	712 	204
f 4184 	4188 	4185
f 206 	416 	204
f 4187 	4188 	4184
f 4185 	4188 	4177
f 4185 	4177 	4175
f 4196 	4188 	4187
f 4177 	4197 	4189
f 4190 	4177 	4189
f 4191 	4190 	4189
f 4197 	4191 	4189
f 4190 	4191 	4193
f 4190 	4193 	4205
f 4191 	4239 	4193
f 4196 	4197 	4188
f 4198 	4195 	4194
f 4199 	4198 	4194
f 4198 	4200 	4196
f 4198 	4196 	4195
f 4197 	4196 	4192
f 4200 	4192 	4196
f 4197 	4192 	4191
f 420 	208 	210
f 4201 	3773 	4176
f 4201 	4202 	3774
f 165 	220 	221
f 4204 	4203 	4178
f 4178 	4190 	4204
f 4203 	4201 	4176
f 2705 	4202 	4201
f 4203 	2705 	4201
f 2705 	2706 	4202
f 4202 	2706 	2704
f 4204 	2725 	4203
f 4190 	4205 	4204
f 4204 	2730 	2725
f 4205 	2730 	4204
f 4203 	2725 	2705
f 4243 	2743 	4205
f 4206 	3804 	3814
f 3814 	4213 	4206
f 3804 	4206 	4207
f 110 	196 	198
f 198 	200 	110
f 4206 	4210 	4207
f 4206 	4209 	4210
f 3804 	4207 	3805
f 4208 	3806 	4207
f 420 	416 	208
f 4213 	4209 	4206
f 4207 	4210 	4211
f 4207 	4211 	4208
f 4186 	4208 	4211
f 710 	708 	226
f 4209 	4218 	4219
f 1355 	369 	368
f 4219 	4210 	4209
f 4211 	4195 	4186
f 3814 	3813 	4213
f 1361 	1360 	376
f 4212 	4215 	4213
f 4212 	4214 	4215
f 4213 	4215 	4209
f 4214 	4217 	4215
f 4214 	4216 	4217
f 4218 	4209 	4215
f 389 	1373 	388
f 4218 	4215 	4217
f 4218 	4229 	4219
f 4210 	4194 	4211
f 2746 	2747 	3735
f 4210 	4219 	4194
f 2747 	4220 	3735
f 4194 	4195 	4211
f 4220 	2747 	2814
f 4217 	4216 	4223
f 4222 	4223 	4216
f 3739 	4224 	4225
f 4217 	4223 	4226
f 3739 	4227 	3743
f 4225 	4227 	3739
f 4227 	4228 	3743
f 4217 	4226 	4218
f 3383 	3385 	4225
f 4229 	4218 	4226
f 4225 	3385 	4227
f 4219 	4229 	4199
f 4227 	3386 	4228
f 3385 	3386 	4227
f 3743 	4228 	3742
f 4228 	3417 	3742
f 4219 	4199 	4194
f 4220 	3380 	4221
f 3380 	4220 	2814
f 3380 	3381 	4221
f 4248 	4249 	4226
f 4221 	3381 	4224
f 3381 	3383 	4224
f 4225 	4224 	3383
f 3386 	3387 	4228
f 4231 	4198 	4230
f 4199 	4230 	4198
f 3742 	3417 	3757
f 4198 	4231 	4232
f 3417 	3419 	3757
f 4198 	4232 	4200
f 3757 	3419 	3758
f 3419 	3421 	3758
f 4200 	4233 	4192
f 3758 	3421 	3759
f 4200 	4232 	4233
f 4192 	4233 	4236
f 4191 	4192 	4236
f 4237 	4174 	4240
f 4183 	4240 	4173
f 4239 	4191 	4236
f 4237 	4240 	4251
f 4251 	4253 	4237
f 4237 	4253 	4238
f 4116 	4115 	4242
f 4239 	4243 	4205
f 4239 	4205 	4193
f 4244 	4181 	4180
f 4180 	4247 	4244
f 4116 	4245 	4179
f 4242 	4245 	4116
f 4246 	4223 	4222
f 4245 	4247 	4179
f 2245 	4246 	4222
f 4223 	4246 	4248
f 4223 	4248 	4226
f 4229 	4226 	4249
f 4229 	4230 	4199
f 4229 	4249 	4230
f 4179 	4247 	4180
f 78 	4230 	4249
f 4244 	4250 	4181
f 4181 	4250 	4183
f 78 	4231 	4230
f 4252 	4251 	4240
f 4231 	80 	4232
f 4235 	2348 	4234
f 4251 	4330 	4253
f 2349 	4235 	4254
f 2349 	4254 	2421
f 4240 	4183 	4252
f 4250 	4252 	4183
f 4256 	4241 	4253
f 4241 	4238 	4253
f 4415 	4255 	4234
f 4234 	4255 	4258
f 4257 	4241 	4256
f 4234 	4258 	4235
f 4235 	4260 	4254
f 4235 	4258 	4260
f 4336 	4257 	4256
f 4262 	4255 	4501
f 4255 	4264 	4258
f 4258 	4265 	4266
f 4266 	4260 	4258
f 4261 	4263 	4124
f 4255 	4262 	4264
f 4265 	4258 	4264
f 3950 	4027 	4261
f 4261 	4027 	4263
f 4270 	4265 	4264
f 4270 	4266 	4265
f 4124 	4263 	4242
f 4242 	4267 	4245
f 4267 	4242 	4263
f 4264 	4262 	4269
f 4268 	4269 	4262
f 4269 	4270 	4264
f 4266 	4270 	4271
f 3541 	3400 	4161
f 4483 	4160 	4285
f 4160 	4484 	4161
f 4160 	4483 	4484
f 4161 	4484 	4485
f 3541 	4161 	4485
f 4273 	4125 	4272
f 4145 	4276 	4147
f 4130 	4127 	4275
f 4280 	4275 	4273
f 4275 	4136 	4130
f 4274 	4276 	4145
f 4275 	4280 	4136
f 4273 	4272 	4278
f 4005 	4279 	4001
f 4277 	4278 	4272
f 80 	4233 	4232
f 4233 	81 	4236
f 82 	4239 	4236
f 4003 	4281 	4282
f 4003 	4282 	4004
f 4000 	4281 	4003
f 4281 	4000 	4279
f 989 	990 	3635
f 4279 	4452 	4281
f 4455 	4282 	4281
f 4147 	4276 	4283
f 4283 	4276 	4324
f 4149 	4285 	4153
f 4284 	4285 	4149
f 4341 	4340 	4274
f 4273 	4278 	4280
f 4474 	4141 	3984
f 3987 	4477 	3984
f 4287 	4278 	4277
f 4277 	4286 	4287
f 4287 	4288 	4278
f 4280 	4278 	4288
f 4289 	4280 	4288
f 4136 	4280 	4289
f 4290 	4138 	4289
f 4138 	4291 	4139
f 4138 	4290 	4291
f 4139 	4291 	1883
f 4106 	4139 	1883
f 2254 	1004 	3928
f 999 	998 	3928
f 4292 	4040 	3281
f 3631 	988 	3635
f 4292 	3281 	4065
f 4292 	4293 	4040
f 4292 	4065 	4295
f 4080 	4295 	4065
f 3245 	4214 	4212
f 4292 	4295 	4296
f 4295 	4306 	4296
f 3250 	2251 	4222
f 4292 	4296 	4293
f 4293 	4297 	4294
f 4296 	4297 	4293
f 4297 	4302 	4294
f 3703 	990 	3705
f 3581 	3705 	992
f 4043 	4298 	4057
f 4294 	4298 	4043
f 999 	3928 	1004
f 4298 	4299 	4057
f 4302 	4298 	4294
f 1003 	982 	3939
f 4300 	4052 	4059
f 986 	3625 	3267
f 3631 	3625 	988
f 989 	3635 	988
f 3703 	3635 	990
f 4299 	4300 	4059
f 991 	3705 	990
f 4052 	4300 	4301
f 3581 	992 	3796
f 3798 	3796 	994
f 4052 	4301 	4054
f 995 	3811 	994
f 4054 	4301 	4319
f 4302 	4297 	4307
f 3927 	3928 	998
f 3927 	998 	3939
f 1003 	3939 	998
f 4298 	4303 	4299
f 4214 	3245 	3246
f 4298 	4302 	4303
f 3246 	4216 	4214
f 4303 	4304 	4299
f 3250 	4222 	3248
f 4216 	3248 	4222
f 2245 	4222 	2251
f 4162 	2480 	3977
f 2254 	3977 	2480
f 4113 	4162 	3908
f 3977 	3908 	4162
f 4299 	4304 	4300
f 4305 	4301 	4300
f 3918 	4121 	3908
f 4113 	3908 	4121
f 3918 	3842 	4121
f 4300 	4304 	4305
f 3944 	4121 	3842
f 4301 	4305 	4321
f 3847 	3947 	3944
f 3842 	3847 	3944
f 4472 	3947 	4141
f 4141 	4474 	4472
f 4310 	4302 	4307
f 4474 	3984 	4477
f 4164 	4478 	4477
f 3986 	4164 	3987
f 4477 	3987 	4164
f 4304 	4313 	4305
f 4295 	4317 	4306
f 4306 	4307 	4297
f 4306 	4297 	4296
f 4307 	4306 	4309
f 4308 	4309 	4306
f 4310 	4311 	4302
f 4314 	4311 	4310
f 4302 	4311 	4303
f 4303 	4312 	4304
f 4311 	4312 	4303
f 4313 	4304 	4312
f 4307 	4314 	4310
f 4309 	4314 	4307
f 4311 	4314 	4315
f 4315 	4316 	4311
f 4314 	4448 	4315
f 4315 	4448 	4316
f 4311 	4316 	4312
f 4312 	4437 	4313
f 4312 	4316 	4437
f 4080 	4089 	4317
f 3257 	3939 	982
f 984 	3267 	982
f 3257 	982 	3267
f 984 	986 	3267
f 4317 	4295 	4080
f 4089 	4318 	4317
f 4094 	4318 	4089
f 4317 	4318 	4306
f 4308 	4306 	4318
f 991 	992 	3705
f 993 	3796 	992
f 993 	994 	3796
f 3798 	994 	3811
f 995 	3813 	3811
f 3245 	4212 	3813
f 4055 	4319 	4320
f 4319 	4429 	4320
f 4055 	4320 	4061
f 4320 	4117 	3839
f 4320 	3839 	4061
f 4245 	4322 	4247
f 4267 	4322 	4245
f 4322 	4323 	4247
f 4301 	4321 	4319
f 2543 	4341 	4274
f 4263 	4027 	4267
f 4029 	4267 	4027
f 2543 	2592 	4341
f 4247 	4323 	4244
f 4283 	4325 	4284
f 4244 	4326 	4250
f 4283 	4324 	4325
f 4326 	4244 	4323
f 4327 	4328 	4252
f 4252 	4328 	4251
f 4328 	4330 	4251
f 4250 	4327 	4252
f 4326 	4327 	4250
f 4329 	4465 	4331
f 4330 	4333 	4253
f 4334 	5044 	4332
f 4335 	4005 	4002
f 4253 	4333 	4256
f 4333 	4336 	4256
f 4332 	4466 	4334
f 4269 	4396 	4270
f 2414 	4337 	4338
f 4339 	4346 	4337
f 4337 	4346 	4338
f 4347 	4259 	4257
f 4267 	4032 	4322
f 4323 	4322 	4033
f 4032 	4033 	4322
f 4482 	4325 	4324
f 4033 	4034 	4323
f 4323 	4034 	4326
f 4276 	4274 	4340
f 4326 	4342 	4327
f 4034 	4342 	4326
f 4356 	4327 	4342
f 4276 	4340 	4324
f 4343 	4341 	2592
f 4327 	4356 	4328
f 2592 	2593 	4343
f 4343 	4344 	4341
f 4341 	4344 	4340
f 4336 	4333 	4359
f 4345 	4324 	4340
f 4338 	3552 	2414
f 4346 	4535 	4338
f 4259 	4347 	4348
f 4353 	4354 	4349
f 4257 	4336 	4347
f 4339 	4351 	4346
f 4350 	4351 	4339
f 4383 	4390 	4349
f 4350 	4349 	4354
f 4354 	4355 	4350
f 4409 	4410 	4354
f 4350 	4355 	4351
f 4357 	4358 	4330
f 4330 	4358 	4333
f 4353 	4409 	4354
f 4359 	4333 	4358
f 4336 	4359 	4363
f 4694 	4695 	4358
f 4360 	4361 	2423
f 4358 	4695 	4359
f 4347 	4336 	4363
f 4362 	2403 	2402
f 4363 	4366 	4347
f 4328 	4357 	4330
f 4361 	4362 	2402
f 4362 	4370 	2403
f 4328 	4356 	4357
f 4360 	4365 	4361
f 4364 	4365 	4360
f 4365 	4367 	4361
f 4347 	4366 	4348
f 4361 	4367 	4362
f 4369 	4423 	4352
f 4367 	4368 	4362
f 4364 	4260 	4379
f 4366 	4369 	4348
f 4379 	4381 	4364
f 4352 	4348 	4369
f 4364 	4381 	4365
f 4356 	4342 	4602
f 4555 	4602 	4342
f 4368 	4367 	4383
f 4694 	4358 	4357
f 4371 	2413 	4370
f 2413 	4337 	2414
f 4697 	4366 	4696
f 4359 	4696 	4363
f 4371 	4337 	2413
f 4696 	4359 	4695
f 4368 	4370 	4362
f 4366 	4710 	4369
f 4368 	4372 	4370
f 4697 	4710 	4366
f 4370 	4372 	4371
f 4371 	4339 	4337
f 4372 	4339 	4371
f 4383 	4349 	4368
f 4174 	4373 	2480
f 4372 	4350 	4339
f 4374 	4375 	2480
f 4360 	2423 	2421
f 2421 	4254 	4360
f 4377 	4376 	4395
f 4254 	4260 	4364
f 4254 	4364 	4360
f 4260 	4266 	4379
f 2480 	4378 	4380
f 4379 	4387 	4381
f 4384 	4387 	4379
f 4365 	4382 	4367
f 4381 	4382 	4365
f 4367 	4382 	4383
f 4372 	4368 	4349
f 4349 	4350 	4372
f 4266 	4271 	4384
f 4374 	2480 	4373
f 4271 	4397 	4384
f 4384 	4379 	4266
f 4382 	4381 	4386
f 4387 	4386 	4381
f 4380 	4385 	2480
f 2480 	4388 	4389
f 4386 	4390 	4382
f 4388 	2480 	4391
f 4382 	4390 	4383
f 4181 	4183 	4172
f 4172 	4183 	4173
f 4353 	4349 	4390
f 4174 	4237 	4373
f 4374 	4373 	4238
f 4237 	4238 	4373
f 4173 	4240 	4174
f 4241 	4375 	4238
f 4374 	4238 	4375
f 4395 	4376 	4392
f 4408 	4353 	4390
f 4241 	4392 	4375
f 4171 	4181 	4172
f 4171 	4180 	4181
f 4394 	4269 	4268
f 4375 	4392 	4376
f 4392 	4241 	4257
f 4268 	4393 	4394
f 4396 	4269 	4394
f 4257 	4259 	4392
f 4270 	4397 	4271
f 4270 	4396 	4397
f 4399 	4398 	4378
f 4399 	4377 	4395
f 4400 	4384 	4397
f 4387 	4384 	4401
f 4400 	4401 	4384
f 4377 	4399 	4378
f 4401 	4402 	4387
f 4398 	4403 	4380
f 4387 	4402 	4386
f 4380 	4403 	4385
f 4390 	4386 	4405
f 4404 	4389 	4388
f 4404 	4388 	4406
f 4391 	4406 	4388
f 4407 	4406 	4391
f 4402 	4405 	4386
f 4405 	4408 	4390
f 4391 	4385 	4407
f 4403 	4407 	4385
f 4418 	4406 	4407
f 4408 	4409 	4353
f 4406 	4418 	4404
f 4355 	4354 	4410
f 4380 	4378 	4398
f 4395 	4411 	4399
f 4259 	4411 	4395
f 4259 	4348 	4411
f 4392 	4259 	4395
f 4399 	4411 	4412
f 3097 	3095 	4414
f 4399 	4412 	4398
f 4414 	3095 	4413
f 4415 	3097 	4414
f 4416 	4403 	4398
f 1374 	1373 	390
f 1374 	390 	1375
f 391 	1375 	390
f 4412 	4416 	4398
f 1375 	391 	392
f 4412 	4411 	4352
f 1377 	392 	393
f 393 	394 	1377
f 1378 	1377 	394
f 4407 	4417 	4418
f 1380 	395 	396
f 2502 	4404 	4418
f 4417 	4421 	4418
f 1384 	399 	400
f 401 	1385 	400
f 4403 	4417 	4407
f 402 	1385 	401
f 4416 	4417 	4403
f 1388 	404 	1389
f 4411 	4348 	4352
f 1393 	1392 	409
f 1394 	1393 	410
f 4417 	4419 	4421
f 4418 	4422 	2502
f 4416 	4419 	4417
f 377 	378 	1362
f 4420 	4419 	4416
f 1365 	379 	380
f 4412 	4420 	4416
f 4420 	4412 	4352
f 1356 	1354 	370
f 4419 	4420 	4424
f 1357 	1356 	371
f 370 	371 	1356
f 372 	1358 	385
f 1358 	372 	373
f 1358 	373 	1359
f 2533 	2502 	4422
f 374 	1360 	373
f 1359 	373 	1360
f 374 	376 	1360
f 1355 	1361 	369
f 376 	369 	1361
f 4422 	4418 	4421
f 378 	1363 	1362
f 378 	379 	1364
f 1364 	379 	1365
f 4423 	4420 	4352
f 1365 	380 	381
f 1365 	381 	1366
f 1366 	381 	1367
f 1367 	383 	384
f 4423 	4424 	4420
f 1369 	384 	385
f 1369 	385 	1358
f 386 	387 	1370
f 4425 	4426 	4421
f 4331 	4466 	4332
f 4421 	4426 	4422
f 4419 	4425 	4421
f 4335 	4449 	4005
f 4419 	4424 	4425
f 4428 	4427 	4664
f 4429 	4319 	4321
f 4125 	4320 	4429
f 4434 	4429 	4321
f 4434 	4272 	4429
f 4431 	4654 	4432
f 4433 	4321 	4305
f 4652 	4658 	4427
f 4427 	4658 	4664
f 4433 	4434 	4321
f 4430 	4428 	4667
f 4125 	4429 	4272
f 4430 	4667 	4653
f 4433 	4305 	4313
f 4653 	4431 	4430
f 4431 	4653 	4654
f 4313 	4437 	4435
f 4313 	4435 	4433
f 4437 	4316 	4453
f 4436 	4442 	4438
f 4433 	4435 	4439
f 4436 	4441 	4442
f 4433 	4439 	4434
f 4434 	4439 	4272
f 4277 	4272 	4439
f 4438 	4442 	4443
f 4286 	4277 	4439
f 4441 	4638 	4639
f 4444 	4318 	4102
f 4094 	4102 	4318
f 4444 	4445 	4318
f 4438 	4443 	4440
f 4308 	4318 	4445
f 4446 	4309 	4308
f 4445 	4446 	4308
f 4446 	4447 	4309
f 4442 	4441 	4639
f 4442 	4640 	4443
f 4309 	4447 	4314
f 4442 	4639 	4640
f 4447 	4448 	4314
f 4450 	4316 	4448
f 4451 	4279 	4005
f 4449 	4451 	4005
f 4452 	4279 	4451
f 4453 	4316 	4450
f 4437 	4453 	4454
f 4281 	4452 	4455
f 4435 	4437 	4454
f 4456 	4439 	4435
f 4456 	4435 	4454
f 4452 	4440 	4455
f 4439 	4456 	4286
f 4449 	4457 	4436
f 4436 	4451 	4449
f 4436 	4438 	4451
f 778 	4099 	1868
f 780 	4101 	4100
f 780 	4102 	4101
f 4438 	4452 	4451
f 783 	4287 	4286
f 4440 	4452 	4438
f 783 	4288 	4287
f 786 	4291 	4290
f 788 	4444 	4102
f 788 	789 	4445
f 788 	4445 	4444
f 789 	4446 	4445
f 793 	794 	4450
f 4453 	4450 	794
f 4453 	794 	4454
f 4457 	4461 	4441
f 4441 	4461 	4638
f 4457 	4441 	4436
f 4645 	4459 	4458
f 4460 	4647 	4461
f 4647 	4460 	4646
f 4461 	4647 	4638
f 4462 	5050 	4463
f 4329 	5050 	4464
f 4329 	4464 	4465
f 4464 	4470 	4465
f 4467 	4334 	4466
f 4331 	4465 	4466
f 4468 	4335 	4334
f 4334 	4467 	4468
f 4468 	4449 	4335
f 4462 	4469 	4464
f 4470 	4464 	4469
f 4465 	4470 	4471
f 2539 	2537 	4426
f 4473 	3947 	4472
f 4491 	3949 	3948
f 3948 	4473 	4491
f 4474 	4475 	4472
f 4476 	4475 	4474
f 4472 	4475 	4473
f 4476 	4474 	4477
f 4476 	4481 	4475
f 4478 	4479 	4477
f 4477 	4479 	4476
f 4478 	4164 	4480
f 4480 	4620 	4478
f 4620 	4619 	4479
f 4479 	4478 	4620
f 2535 	2865 	4480
f 4480 	2868 	4620
f 2865 	2868 	4480
f 4340 	4344 	4345
f 4345 	4482 	4324
f 4345 	4564 	4482
f 4483 	4496 	4484
f 44 	4393 	4529
f 4485 	4486 	3541
f 4488 	4487 	4544
f 4481 	4488 	4542
f 4487 	4617 	4618
f 4660 	61 	62
f 4618 	4490 	4489
f 4615 	4481 	4476
f 4481 	4616 	4488
f 4615 	4616 	4481
f 4617 	4487 	4488
f 4489 	4487 	4618
f 4491 	4492 	3949
f 4491 	4544 	4492
f 4492 	4493 	3950
f 4485 	4500 	4486
f 3541 	4486 	3543
f 3586 	3543 	4486
f 4284 	4325 	4494
f 4494 	4285 	4284
f 4285 	4494 	4495
f 4494 	4504 	4495
f 4495 	4483 	4285
f 4495 	4496 	4483
f 4496 	4497 	4484
f 2348 	3098 	4234
f 4506 	4507 	4496
f 4496 	4507 	4497
f 4485 	4484 	4497
f 4413 	4499 	4414
f 4497 	4500 	4485
f 4413 	4498 	4499
f 4414 	4499 	4501
f 4414 	4501 	4415
f 4415 	4501 	4255
f 4512 	4499 	4498
f 4557 	4500 	4559
f 4501 	4499 	4262
f 4503 	3113 	3111
f 4325 	4482 	4556
f 4503 	3111 	4502
f 3113 	4503 	4505
f 4503 	4510 	4505
f 3113 	4505 	3114
f 4504 	4506 	4496
f 4504 	4496 	4495
f 3114 	4505 	3095
f 4413 	3095 	4505
f 4502 	4508 	4509
f 4502 	4509 	4503
f 4509 	4510 	4503
f 4505 	4510 	4498
f 4510 	4511 	4498
f 4505 	4498 	4413
f 4500 	4558 	4559
f 4504 	4556 	4569
f 4518 	4510 	4509
f 4511 	4510 	4518
f 4498 	4511 	4512
f 1372 	388 	1373
f 389 	390 	1373
f 1376 	1375 	392
f 1376 	392 	1377
f 4262 	4499 	4512
f 1378 	394 	395
f 1380 	396 	397
f 4518 	4514 	4511
f 4511 	4515 	4512
f 4514 	4515 	4511
f 377 	1362 	397
f 4512 	4515 	4262
f 4268 	4262 	4515
f 4529 	4515 	4528
f 4508 	4517 	4509
f 1370 	1389 	386
f 4508 	4516 	4517
f 4509 	4517 	4518
f 412 	1396 	411
f 4516 	4519 	4520
f 1396 	412 	1397
f 413 	398 	1397
f 4519 	4526 	4520
f 1382 	398 	399
f 4516 	4520 	4517
f 4517 	4513 	4518
f 400 	1385 	1384
f 4513 	4517 	4520
f 402 	1386 	1385
f 4518 	4513 	4514
f 1387 	1386 	403
f 1388 	403 	404
f 405 	1389 	404
f 1390 	468 	406
f 4526 	4527 	4520
f 407 	1391 	406
f 1390 	406 	1391
f 1391 	407 	1392
f 408 	1392 	407
f 3111 	3378 	4502
f 4521 	4502 	3378
f 408 	409 	1392
f 4521 	4508 	4502
f 4521 	4522 	4508
f 413 	1397 	412
f 4523 	4516 	4522
f 4508 	4522 	4516
f 4524 	4519 	4523
f 4516 	4523 	4519
f 1418 	1437 	182
f 4525 	4519 	4524
f 1889 	4525 	4524
f 4526 	4519 	4525
f 4513 	4520 	4527
f 4513 	4528 	4514
f 4513 	4527 	4528
f 4514 	4528 	4515
f 4393 	4515 	4529
f 1429 	199 	201
f 4393 	4268 	4515
f 55 	4525 	1889
f 55 	4526 	4525
f 1435 	1434 	213
f 4530 	3553 	4338
f 1436 	215 	1437
f 4531 	3553 	4530
f 4531 	4532 	3554
f 4493 	4533 	4027
f 4531 	4539 	4532
f 3554 	4532 	3644
f 4534 	3645 	4532
f 4027 	4533 	4029
f 4338 	4535 	4530
f 4533 	4536 	4029
f 4535 	4538 	4530
f 4533 	4546 	4536
f 4530 	4538 	4531
f 4033 	4540 	4034
f 4538 	4539 	4531
f 4537 	4540 	4033
f 4539 	4541 	4532
f 4473 	4542 	4491
f 4532 	4541 	4534
f 4542 	4473 	4475
f 4543 	4493 	4492
f 4547 	4535 	4346
f 4493 	4543 	4545
f 4544 	4543 	4492
f 4542 	4544 	4491
f 4545 	4533 	4493
f 4538 	4549 	4539
f 4539 	4549 	4541
f 4545 	4546 	4533
f 4547 	4346 	4351
f 4603 	4537 	4536
f 4548 	4538 	4535
f 4546 	4603 	4536
f 4547 	4548 	4535
f 4548 	4549 	4538
f 4548 	4553 	4549
f 4475 	4481 	4542
f 4550 	4541 	4549
f 4542 	4488 	4544
f 4351 	4551 	4547
f 4551 	4351 	4355
f 4551 	4552 	4547
f 4544 	4487 	4543
f 4487 	4489 	4543
f 4551 	4659 	4552
f 4547 	4552 	4548
f 4489 	4545 	4543
f 4545 	4489 	4490
f 4552 	4553 	4548
f 4553 	4554 	4550
f 4553 	4550 	4549
f 4545 	4490 	4546
f 4490 	4609 	4546
f 4355 	4659 	4551
f 4603 	4546 	4609
f 4494 	4325 	4556
f 443 	444 	2176
f 4556 	4504 	4494
f 2178 	445 	2179
f 4568 	4556 	4482
f 446 	447 	2179
f 4568 	4569 	4556
f 4500 	4557 	4486
f 3586 	4486 	4557
f 4557 	3640 	3586
f 4507 	4558 	4497
f 4589 	4558 	4507
f 4497 	4558 	4500
f 2188 	456 	2189
f 458 	459 	2189
f 4560 	3640 	4557
f 4557 	4559 	4560
f 4560 	3859 	3640
f 4558 	4590 	4559
f 4559 	4591 	4560
f 3859 	4560 	3915
f 4561 	4343 	2593
f 2593 	2594 	4561
f 4562 	4344 	4343
f 4561 	4562 	4343
f 4526 	55 	56
f 4562 	4563 	4344
f 4562 	4567 	4563
f 4345 	4344 	4563
f 4563 	4564 	4345
f 4565 	4561 	2594
f 2594 	2595 	4565
f 4566 	4562 	4561
f 4565 	4566 	4561
f 4566 	4567 	4562
f 4567 	4571 	4563
f 4563 	4571 	4564
f 4565 	4576 	4566
f 4567 	4566 	4577
f 4576 	4577 	4566
f 4564 	4568 	4482
f 4402 	50 	51
f 4504 	4570 	4506
f 4569 	4570 	4504
f 4570 	4588 	4506
f 4506 	4588 	4507
f 4564 	4572 	4568
f 4564 	4571 	4572
f 4568 	4573 	4569
f 4572 	4573 	4568
f 4573 	4574 	4569
f 4569 	4574 	4570
f 4571 	4567 	4579
f 4579 	4580 	4571
f 4572 	4571 	4580
f 4581 	4573 	4572
f 57 	4527 	56
f 4575 	4565 	2595
f 4527 	57 	58
f 2595 	2596 	4575
f 4575 	4576 	4565
f 4660 	4659 	61
f 4577 	4579 	4567
f 2596 	4586 	4575
f 2596 	2597 	4586
f 4586 	4587 	4576
f 4586 	4576 	4575
f 4576 	4578 	4577
f 4576 	4587 	4578
f 4394 	44 	45
f 4577 	4578 	4579
f 4583 	4579 	4578
f 45 	46 	4394
f 46 	4396 	4394
f 4401 	48 	49
f 4580 	4581 	4572
f 50 	4402 	49
f 4401 	49 	4402
f 4573 	4582 	4574
f 4409 	52 	53
f 4581 	4582 	4573
f 4409 	53 	54
f 4583 	4584 	4579
f 4583 	4854 	4584
f 4579 	4584 	4580
f 4526 	56 	4527
f 4580 	4585 	4581
f 4580 	4584 	4585
f 4529 	58 	59
f 4585 	4665 	4581
f 4529 	59 	44
f 60 	4659 	54
f 60 	61 	4659
f 4584 	4855 	4585
f 4586 	2597 	4863
f 4865 	4578 	4587
f 4865 	4853 	4578
f 4588 	4589 	4507
f 4589 	4590 	4558
f 2191 	462 	2192
f 4589 	4594 	4590
f 2193 	2192 	463
f 464 	2194 	463
f 465 	2195 	464
f 4591 	4559 	4590
f 467 	2197 	2196
f 3915 	4560 	4591
f 2173 	440 	441
f 2174 	441 	2175
f 2175 	442 	2176
f 4574 	4592 	4570
f 4588 	4570 	4592
f 4592 	4593 	4588
f 449 	2182 	448
f 449 	450 	2182
f 453 	2186 	452
f 4588 	4593 	4589
f 4593 	4594 	4589
f 440 	2173 	2172
f 441 	2174 	2173
f 4590 	4595 	4591
f 4590 	4594 	4595
f 2177 	2176 	444
f 4591 	4596 	3915
f 444 	445 	2177
f 2178 	2177 	445
f 446 	2179 	445
f 4591 	4595 	4596
f 2180 	2179 	447
f 447 	448 	2180
f 4593 	4598 	4594
f 4595 	4594 	4663
f 4662 	4663 	4594
f 452 	2185 	451
f 2185 	452 	2186
f 2187 	2186 	454
f 453 	454 	2186
f 2187 	454 	2188
f 456 	2188 	454
f 458 	2189 	456
f 4574 	4597 	4592
f 462 	463 	2192
f 3936 	3915 	4596
f 2193 	463 	2194
f 2194 	464 	2195
f 465 	466 	2195
f 467 	468 	2197
f 4574 	4582 	4597
f 4665 	4582 	4581
f 4582 	4666 	4597
f 4665 	4666 	4582
f 656 	3350 	3349
f 655 	656 	3349
f 771 	3356 	3355
f 3350 	656 	3351
f 660 	771 	3354
f 229 	230 	1449
f 1454 	1453 	234
f 351 	1457 	238
f 1457 	351 	353
f 182 	183 	1418
f 1428 	199 	1429
f 371 	203 	1357
f 1430 	1357 	203
f 1432 	1431 	207
f 209 	1433 	207
f 1432 	207 	1433
f 1434 	1433 	211
f 1421 	1420 	188
f 1422 	1421 	189
f 188 	189 	1421
f 191 	1423 	189
f 1422 	189 	1423
f 1423 	191 	192
f 1425 	192 	194
f 194 	195 	1425
f 1426 	1425 	195
f 197 	1426 	195
f 1429 	201 	179
f 205 	1431 	203
f 209 	211 	1433
f 211 	213 	1434
f 1435 	213 	1436
f 217 	1437 	215
f 217 	182 	1437
f 1449 	227 	229
f 1450 	1449 	230
f 1452 	231 	232
f 233 	1453 	232
f 234 	1456 	1454
f 234 	238 	1456
f 1460 	356 	359
f 225 	1446 	179
f 227 	1447 	225
f 1449 	1447 	227
f 1450 	230 	231
f 233 	234 	1453
f 1459 	1458 	355
f 353 	355 	1458
f 1459 	355 	1460
f 1462 	1460 	359
f 1462 	359 	1464
f 361 	364 	1464
f 782 	4286 	4456
f 4465 	4471 	4466
f 4599 	4466 	4471
f 4599 	4467 	4466
f 4467 	4599 	4600
f 4467 	4600 	4468
f 4468 	4457 	4449
f 4468 	4600 	4457
f 4469 	4692 	4601
f 4555 	4342 	4540
f 4356 	4602 	4357
f 4603 	4604 	4537
f 4537 	4604 	4540
f 4604 	4605 	4540
f 4540 	4605 	4555
f 4606 	4602 	4555
f 4555 	4605 	4606
f 4606 	4607 	4602
f 4602 	4607 	4693
f 4490 	4625 	4609
f 4610 	4604 	4603
f 4609 	4610 	4603
f 4604 	4610 	4611
f 4636 	4611 	4610
f 4604 	4611 	4605
f 4611 	4612 	4605
f 4605 	4612 	4606
f 4606 	4613 	4607
f 4612 	4613 	4606
f 4607 	4614 	4608
f 4613 	4614 	4607
f 4636 	4637 	4611
f 4476 	4479 	4615
f 4616 	4617 	4488
f 4615 	4479 	4619
f 4615 	4619 	4621
f 4615 	4621 	4616
f 4616 	4622 	4617
f 4622 	4616 	4621
f 2868 	2869 	4620
f 4619 	4620 	2869
f 4619 	2871 	4621
f 2871 	4619 	2869
f 4623 	4621 	2871
f 2871 	2886 	4623
f 4622 	4621 	4623
f 2886 	2957 	4623
f 4490 	4618 	4624
f 4624 	4625 	4490
f 4626 	4609 	4625
f 4622 	4627 	4617
f 4617 	4627 	4618
f 4627 	4628 	4618
f 4627 	4633 	4628
f 4628 	4624 	4618
f 4625 	4624 	4629
f 4628 	4629 	4624
f 4625 	4629 	4630
f 4634 	4635 	4629
f 4629 	4635 	4630
f 4625 	4630 	4626
f 4630 	4631 	4626
f 4622 	4632 	4627
f 4623 	4632 	4622
f 4632 	4633 	4627
f 4629 	4633 	4634
f 4629 	4628 	4633
f 4786 	4635 	4634
f 4623 	2957 	4632
f 2957 	4784 	4632
f 4610 	4609 	4626
f 4626 	4636 	4610
f 4626 	4631 	4636
f 4611 	4637 	4612
f 4791 	4612 	4637
f 4794 	4637 	4636
f 4469 	4601 	4470
f 4471 	4470 	4458
f 4470 	4601 	4458
f 4471 	4459 	4599
f 4471 	4458 	4459
f 4599 	4460 	4600
f 4599 	4459 	4460
f 4600 	4460 	4461
f 4600 	4461 	4457
f 4644 	4458 	4601
f 4638 	4641 	4642
f 4638 	4642 	4639
f 4641 	4431 	4642
f 4639 	4642 	4643
f 4639 	4643 	4640
f 4642 	4431 	4432
f 4642 	4432 	4643
f 4644 	4645 	4458
f 4459 	4645 	4646
f 4645 	4650 	4646
f 4459 	4646 	4460
f 4699 	4648 	4644
f 4649 	4645 	4644
f 4644 	4648 	4649
f 4650 	4645 	4649
f 4646 	4650 	4651
f 4646 	4651 	4647
f 4647 	4641 	4638
f 4647 	4651 	4641
f 4648 	4652 	4649
f 4649 	4652 	4427
f 4649 	4427 	4650
f 4650 	4428 	4651
f 4650 	4427 	4428
f 4651 	4428 	4430
f 4641 	4651 	4430
f 4430 	4431 	4641
f 3378 	4673 	4675
f 4667 	4655 	4653
f 4653 	4655 	4656
f 4655 	4672 	4673
f 4655 	4673 	4656
f 4653 	4656 	4654
f 4656 	3359 	4654
f 4673 	3359 	4656
f 1890 	3075 	4554
f 4554 	3075 	4550
f 4355 	4410 	4659
f 4660 	4552 	4659
f 4552 	4661 	4553
f 4660 	4661 	4552
f 4661 	1890 	4553
f 4553 	1890 	4554
f 44 	4394 	4393
f 46 	47 	4396
f 4397 	4396 	47
f 4397 	47 	4400
f 48 	4400 	47
f 48 	4401 	4400
f 4405 	4402 	51
f 4408 	4405 	52
f 51 	52 	4405
f 52 	4409 	4408
f 4410 	4409 	54
f 1889 	41 	55
f 58 	4528 	4527
f 58 	4529 	4528
f 54 	4659 	4410
f 4661 	4660 	62
f 62 	1890 	4661
f 1890 	1891 	3075
f 777 	646 	3696
f 649 	650 	3148
f 653 	3153 	3152
f 655 	3349 	3153
f 3695 	776 	3696
f 427 	2210 	2209
f 428 	2211 	427
f 435 	2217 	434
f 2204 	419 	2205
f 421 	2206 	2205
f 796 	4456 	795
f 782 	4456 	796
f 4289 	784 	785
f 4289 	785 	786
f 4448 	791 	792
f 792 	793 	4448
f 780 	781 	4102
f 4597 	4598 	4592
f 4592 	4598 	4593
f 4662 	4594 	4598
f 4658 	4652 	4657
f 4712 	4595 	4663
f 4658 	4670 	4664
f 4658 	4669 	4670
f 4428 	4664 	4667
f 4657 	4668 	4669
f 4657 	4669 	4658
f 4664 	4670 	4671
f 4664 	4671 	4667
f 4671 	4655 	4667
f 4668 	4737 	4669
f 4669 	4676 	4677
f 4669 	4677 	4670
f 4678 	4671 	4677
f 4671 	4672 	4655
f 4672 	4674 	4675
f 4672 	4675 	4673
f 5135 	4675 	4674
f 4670 	4677 	4671
f 4678 	4672 	4671
f 4677 	4676 	4680
f 4679 	4680 	4676
f 4677 	4680 	4681
f 2 	4680 	4679
f 4677 	4681 	4678
f 4672 	4678 	4674
f 4681 	4674 	4678
f 1 	2 	4679
f 4680 	3 	4681
f 4680 	2 	3
f 4681 	3 	5135
f 4681 	5135 	4674
f 4463 	4682 	4685
f 4682 	4684 	4685
f 4463 	4685 	4686
f 4685 	4691 	4686
f 4463 	4686 	4462
f 4469 	4462 	4686
f 4683 	4688 	4689
f 4688 	4717 	4689
f 4683 	4689 	4684
f 4684 	4689 	4690
f 4684 	4690 	4685
f 4690 	4691 	4685
f 4443 	2944 	2943
f 2941 	4440 	2943
f 4643 	2949 	2948
f 4640 	4643 	2944
f 1910 	4957 	4092
f 4957 	4956 	4092
f 4443 	4640 	2944
f 2948 	2944 	4643
f 4654 	3358 	2949
f 4956 	4095 	4091
f 2666 	4004 	2667
f 4282 	2667 	4004
f 2940 	2667 	4455
f 4282 	4455 	2667
f 2941 	2940 	4440
f 4455 	4440 	2940
f 4443 	2943 	4440
f 4643 	4432 	2949
f 4432 	4654 	2949
f 4654 	3359 	3358
f 4673 	3360 	3359
f 4673 	3378 	3360
f 434 	2216 	2215
f 434 	2217 	2216
f 437 	2219 	2218
f 2232 	43 	2231
f 2232 	14 	43
f 64 	63 	2251
f 2245 	2251 	63
f 624 	2252 	65
f 2253 	2252 	624
f 1891 	648 	3148
f 773 	3692 	3356
f 3152 	3151 	653
f 776 	3695 	3694
f 777 	3696 	776
f 649 	3148 	648
f 658 	659 	3352
f 659 	660 	3353
f 774 	3694 	3693
f 3149 	3148 	650
f 651 	3150 	650
f 773 	774 	3692
f 3149 	650 	3150
f 3151 	3150 	652
f 651 	652 	3150
f 3151 	652 	653
f 653 	654 	3153
f 654 	655 	3153
f 3351 	656 	657
f 658 	3352 	657
f 3351 	657 	3352
f 3353 	3352 	659
f 3354 	3353 	660
f 3355 	3354 	771
f 3356 	771 	772
f 772 	773 	3356
f 3693 	3692 	774
f 775 	3694 	774
f 775 	776 	3694
f 417 	418 	2202
f 419 	2204 	2203
f 2205 	419 	421
f 2208 	2207 	424
f 424 	2209 	2208
f 2210 	427 	2211
f 2212 	2211 	429
f 428 	429 	2211
f 430 	2213 	429
f 2212 	429 	2213
f 431 	2214 	430
f 2213 	430 	2214
f 433 	2215 	431
f 2214 	431 	2215
f 4693 	4357 	4602
f 433 	434 	2215
f 4357 	4693 	4694
f 435 	436 	2217
f 2218 	436 	437
f 415 	2201 	2200
f 417 	2202 	415
f 2201 	415 	2202
f 4363 	4696 	4366
f 4686 	4692 	4469
f 4686 	4691 	4692
f 72 	73 	2811
f 4688 	4716 	4717
f 2245 	63 	75
f 4699 	4601 	4692
f 4691 	4698 	4692
f 4691 	4719 	4698
f 4699 	4692 	4698
f 4644 	4601 	4699
f 4701 	4698 	4719
f 4719 	4700 	4701
f 4702 	4699 	4698
f 4698 	4701 	4702
f 4699 	4702 	4648
f 4721 	4703 	4704
f 4700 	4705 	4701
f 4700 	4704 	4705
f 4702 	4701 	4706
f 4701 	4705 	4706
f 4648 	4702 	4707
f 4706 	4707 	4702
f 4707 	4652 	4648
f 1910 	2220 	4957
f 4004 	2666 	4095
f 5136 	4521 	3378
f 4521 	5136 	4522
f 5138 	4522 	5136
f 5138 	100 	4522
f 4523 	100 	4524
f 718 	3448 	3661
f 3753 	1500 	4072
f 4598 	4597 	4708
f 4666 	4708 	4597
f 4708 	4709 	4598
f 3661 	3698 	718
f 4598 	4709 	4662
f 1516 	1506 	4072
f 4665 	4585 	4894
f 4855 	4894 	4585
f 4710 	4711 	4369
f 4898 	4708 	4666
f 4697 	4813 	4710
f 4595 	4712 	4596
f 4713 	4663 	4662
f 4662 	4709 	4713
f 4663 	4713 	4712
f 4714 	4712 	4713
f 4712 	4714 	4715
f 4999 	3429 	3529
f 4712 	4715 	4062
f 3551 	720 	3698
f 720 	3551 	3645
f 4716 	4688 	4687
f 4689 	4717 	4718
f 4999 	3425 	3429
f 4717 	4720 	4721
f 4717 	4721 	4718
f 4718 	4690 	4689
f 4719 	4691 	4690
f 4690 	4718 	4719
f 4720 	4717 	4716
f 4718 	4700 	4719
f 5003 	5002 	3448
f 4718 	4721 	4700
f 4720 	4703 	4721
f 4721 	4704 	4700
f 4722 	4716 	4687
f 4723 	4725 	4722
f 4723 	4724 	4725
f 4722 	4725 	4726
f 4722 	4726 	4716
f 4720 	4716 	4726
f 4724 	4727 	4725
f 4728 	4725 	4727
f 4725 	4728 	4729
f 4725 	4729 	4726
f 4726 	4729 	4730
f 4726 	4730 	4720
f 4730 	4703 	4720
f 4730 	4799 	4703
f 4731 	4733 	4668
f 4731 	4668 	4657
f 4733 	4732 	4736
f 4737 	4668 	4733
f 4736 	4732 	4734
f 4734 	4740 	4736
f 4737 	4733 	4736
f 4676 	4669 	4737
f 4735 	4738 	4739
f 4735 	4739 	4734
f 4740 	4734 	4739
f 1857 	1856 	643
f 4736 	4740 	4741
f 643 	1858 	1857
f 4736 	4741 	4737
f 4737 	4679 	4676
f 4737 	4741 	4679
f 4738 	4829 	121
f 121 	114 	4738
f 4738 	114 	4739
f 4739 	114 	4740
f 115 	4740 	114
f 4740 	116 	4741
f 4740 	115 	116
f 4741 	116 	1
f 4741 	1 	4679
f 4742 	4704 	4703
f 4704 	4742 	4743
f 4742 	4745 	4743
f 4704 	4743 	4705
f 4744 	4706 	4705
f 4705 	4743 	4744
f 4706 	4744 	4731
f 4744 	4733 	4731
f 4731 	4707 	4706
f 4657 	4652 	4731
f 4707 	4731 	4652
f 4799 	4806 	4742
f 4806 	4745 	4742
f 4743 	4745 	4744
f 4732 	4744 	4745
f 4733 	4744 	4732
f 4909 	4912 	4714
f 4714 	4912 	4715
f 1922 	528 	1924
f 1929 	530 	531
f 1930 	1929 	532
f 1487 	4748 	4747
f 1487 	4747 	1483
f 533 	1932 	532
f 1487 	4749 	4748
f 533 	534 	1932
f 2463 	1933 	537
f 15 	4966 	1870
f 4715 	4912 	4126
f 2463 	537 	2464
f 539 	2464 	537
f 4751 	4128 	4126
f 540 	2465 	539
f 2464 	539 	2465
f 4751 	4126 	4750
f 2465 	540 	2466
f 541 	2466 	540
f 541 	542 	2466
f 2467 	2466 	542
f 543 	2469 	542
f 2470 	543 	544
f 544 	545 	2470
f 2472 	2470 	545
f 545 	546 	2472
f 2474 	2472 	546
f 2474 	546 	2475
f 548 	2475 	546
f 548 	549 	2475
f 2476 	2475 	549
f 2476 	549 	2477
f 550 	2477 	549
f 4752 	4753 	4775
f 550 	551 	2477
f 471 	2119 	470
f 2117 	470 	2119
f 472 	2120 	471
f 2119 	471 	2120
f 473 	2121 	472
f 2120 	472 	2121
f 2122 	2121 	474
f 473 	474 	2121
f 2125 	2122 	475
f 474 	475 	2122
f 476 	2127 	475
f 2125 	475 	2127
f 2129 	2127 	477
f 476 	477 	2127
f 477 	478 	2129
f 478 	506 	2131
f 4758 	4757 	4771
f 4759 	4758 	4774
f 4132 	4761 	4134
f 7 	15 	1870
f 4132 	4760 	4761
f 4761 	4765 	4762
f 19 	4970 	4969
f 4970 	19 	20
f 4756 	4137 	4762
f 4973 	22 	23
f 4760 	4763 	4764
f 4760 	4764 	4761
f 4765 	4761 	4764
f 4762 	4765 	4757
f 4762 	4757 	4756
f 16 	4967 	15
f 4764 	4770 	4771
f 4765 	4764 	4771
f 4771 	4757 	4765
f 4128 	4751 	4766
f 4767 	4751 	4750
f 4973 	4972 	22
f 4767 	4750 	4752
f 4751 	4767 	4768
f 4768 	4766 	4751
f 4766 	4129 	4128
f 4760 	4132 	4766
f 4766 	4763 	4760
f 4766 	4768 	4763
f 4752 	4775 	4767
f 4776 	4768 	4767
f 4768 	4776 	4769
f 4768 	4769 	4763
f 4763 	4770 	4764
f 4763 	4769 	4770
f 4770 	4774 	4771
f 4769 	4772 	4773
f 4772 	4850 	4773
f 4769 	4773 	4770
f 4774 	4770 	4773
f 4758 	4771 	4774
f 4852 	4774 	4773
f 4767 	4775 	4776
f 4778 	4776 	4775
f 4776 	4772 	4769
f 2219 	437 	2172
f 4776 	4778 	4772
f 4753 	4754 	4777
f 4753 	4777 	4775
f 4775 	4777 	4778
f 4369 	4711 	4423
f 4693 	4608 	4694
f 4693 	4607 	4608
f 4694 	4779 	4695
f 4608 	4779 	4694
f 4779 	4780 	4695
f 448 	2181 	2180
f 2182 	2181 	448
f 450 	2183 	2182
f 450 	451 	2183
f 2184 	2183 	451
f 4695 	4780 	4696
f 2185 	2184 	451
f 459 	2190 	2189
f 4696 	4812 	4697
f 2191 	2190 	459
f 4697 	4812 	4813
f 2197 	468 	2198
f 2198 	468 	1390
f 4710 	4814 	4711
f 4813 	4814 	4710
f 4999 	3529 	5000
f 4788 	4779 	4608
f 3444 	5002 	3529
f 3698 	719 	718
f 4423 	4781 	4424
f 4781 	4423 	4711
f 4781 	4782 	4424
f 4424 	4782 	4425
f 4782 	4783 	4425
f 4425 	4783 	4426
f 4783 	2539 	4426
f 5003 	3448 	718
f 4782 	4781 	4831
f 4782 	4832 	4783
f 4633 	4632 	4784
f 4633 	4785 	4634
f 4784 	4785 	4633
f 4994 	3759 	3421
f 4785 	4786 	4634
f 2957 	2961 	4784
f 2961 	4787 	4784
f 4784 	4787 	4785
f 5000 	3529 	5002
f 4787 	2961 	3081
f 4608 	4614 	4788
f 4788 	4614 	4793
f 4630 	4635 	4789
f 4789 	4631 	4630
f 4789 	4790 	4631
f 4635 	4890 	4789
f 4892 	4790 	4789
f 4892 	4893 	4790
f 4791 	4613 	4612
f 4613 	4792 	4614
f 4791 	4792 	4613
f 4792 	4793 	4614
f 4793 	4840 	4788
f 4636 	4631 	4794
f 4745 	4734 	4732
f 4745 	4735 	4734
f 4637 	4795 	4791
f 4637 	4794 	4795
f 4791 	4797 	4792
f 4795 	4797 	4791
f 4792 	4798 	4793
f 4730 	4796 	4799
f 4797 	4798 	4792
f 4798 	4800 	4793
f 4742 	4703 	4799
f 4793 	4800 	4840
f 4794 	4631 	4790
f 4794 	4802 	4795
f 4790 	4802 	4794
f 4811 	4801 	4796
f 4795 	4803 	4797
f 4796 	4801 	4804
f 4802 	4803 	4795
f 4823 	4804 	4801
f 4797 	4805 	4798
f 4796 	4804 	4799
f 4803 	4805 	4797
f 4800 	4798 	4807
f 4805 	4807 	4798
f 4799 	4804 	4806
f 4790 	4893 	4802
f 4801 	4816 	4823
f 4806 	4804 	4825
f 4802 	4905 	4803
f 4727 	5108 	4809
f 4805 	4908 	4807
f 4810 	4728 	4727
f 4727 	4809 	4810
f 4810 	4811 	4728
f 4696 	4780 	4812
f 4780 	4818 	4812
f 4811 	4729 	4728
f 4730 	4729 	4796
f 4811 	4796 	4729
f 4809 	4815 	4810
f 4811 	4810 	4816
f 4815 	4816 	4810
f 4779 	4817 	4780
f 4811 	4816 	4801
f 4779 	4788 	4817
f 4780 	4817 	4818
f 4812 	4819 	4813
f 4819 	4812 	4818
f 4819 	4820 	4813
f 4813 	4820 	4814
f 4820 	4822 	4814
f 4821 	4816 	4815
f 4821 	4823 	4816
f 4826 	4827 	4821
f 4804 	4823 	4824
f 4788 	4840 	4817
f 4804 	4824 	4825
f 4806 	4735 	4745
f 4735 	4806 	4825
f 4842 	4843 	4818
f 4818 	4843 	4819
f 4819 	4845 	4820
f 4819 	4843 	4845
f 4823 	4821 	4827
f 4823 	4827 	4828
f 4820 	4847 	4822
f 4823 	4828 	4824
f 4824 	4829 	4825
f 4711 	4814 	4830
f 4824 	4828 	4829
f 4825 	4829 	4735
f 4738 	4735 	4829
f 4830 	4781 	4711
f 4830 	4831 	4781
f 4830 	4833 	4831
f 134 	4827 	4826
f 4827 	135 	4828
f 4783 	4832 	2539
f 2540 	2539 	4832
f 134 	135 	4827
f 4831 	4832 	4782
f 120 	4829 	4828
f 4814 	4822 	4830
f 121 	4829 	120
f 4822 	4833 	4830
f 4833 	4835 	4831
f 4808 	4836 	4809
f 4808 	4834 	4836
f 4836 	4815 	4809
f 4831 	4835 	4832
f 4832 	4835 	2540
f 4834 	4837 	4838
f 4833 	4879 	4835
f 4834 	4838 	4836
f 4815 	4836 	4839
f 4836 	4838 	4839
f 4821 	4815 	4839
f 4840 	4842 	4817
f 4818 	4817 	4842
f 4837 	4844 	4838
f 4844 	4837 	4841
f 4838 	4844 	4846
f 4838 	4846 	4839
f 4847 	4820 	4845
f 4839 	4826 	4821
f 4839 	4846 	4826
f 4841 	144 	146
f 4844 	4841 	146
f 4846 	4844 	147
f 146 	147 	4844
f 4754 	4848 	4777
f 4848 	4754 	4755
f 4777 	4849 	4778
f 4848 	4849 	4777
f 4850 	4778 	4849
f 4772 	4778 	4850
f 4976 	4975 	25
f 4851 	4773 	4850
f 26 	4977 	25
f 4852 	4773 	4851
f 4848 	8 	9
f 4774 	4852 	2232
f 4849 	4848 	10
f 9 	10 	4848
f 4774 	2232 	4759
f 12 	13 	4851
f 18 	4969 	17
f 13 	14 	4852
f 18 	19 	4969
f 4583 	4578 	4853
f 4972 	20 	21
f 21 	22 	4972
f 4975 	23 	24
f 4853 	4854 	4583
f 24 	25 	4975
f 4854 	4855 	4584
f 4976 	25 	4977
f 4857 	4860 	4854
f 4854 	4860 	4855
f 4840 	4856 	4842
f 4800 	4856 	4840
f 4842 	4858 	4843
f 4853 	4857 	4854
f 4856 	4858 	4842
f 4872 	4857 	4853
f 4858 	4859 	4843
f 4857 	4861 	4860
f 4843 	4859 	4845
f 4845 	4866 	4847
f 4845 	4859 	4866
f 4847 	4866 	4880
f 4901 	4860 	4861
f 4901 	4861 	4922
f 4891 	4862 	4861
f 4877 	4847 	4880
f 4922 	4861 	4928
f 4862 	4928 	4861
f 4869 	4800 	4807
f 4587 	4586 	4864
f 4856 	4870 	4858
f 4863 	4864 	4586
f 4864 	4865 	4587
f 4864 	4871 	4865
f 4868 	4871 	4864
f 4859 	4874 	4866
f 4867 	4863 	4746
f 4746 	4747 	4867
f 4867 	4868 	4863
f 4800 	4869 	4856
f 4869 	4870 	4856
f 4863 	4868 	4864
f 4869 	566 	4870
f 4871 	4872 	4865
f 4858 	4873 	4859
f 4858 	4870 	4873
f 4873 	4874 	4859
f 4865 	4872 	4853
f 4870 	573 	4873
f 4873 	580 	4874
f 4748 	4875 	4747
f 573 	580 	4873
f 4807 	4908 	4869
f 566 	573 	4870
f 4867 	4747 	4875
f 4868 	4867 	4876
f 580 	665 	4874
f 4875 	4876 	4867
f 4847 	4877 	4822
f 4876 	4878 	4868
f 4822 	4877 	4833
f 4876 	4884 	4878
f 2543 	4835 	4879
f 4868 	4878 	4871
f 4877 	4879 	4833
f 4749 	4881 	4748
f 4866 	4885 	4880
f 4875 	4748 	4881
f 4881 	4882 	4875
f 4880 	4883 	4877
f 4967 	4882 	4881
f 4875 	4882 	4876
f 4877 	4883 	4879
f 4883 	2543 	4879
f 4882 	4884 	4876
f 4884 	4882 	4968
f 4885 	4866 	4874
f 4885 	4886 	4880
f 4967 	4968 	4882
f 4871 	4887 	4872
f 4880 	4886 	4883
f 4878 	4887 	4871
f 4886 	2593 	4883
f 4887 	4888 	4872
f 4885 	4874 	665
f 668 	4885 	665
f 4872 	4888 	4857
f 4885 	668 	4886
f 4888 	4861 	4857
f 4884 	4889 	4878
f 668 	2593 	4886
f 4878 	4889 	4887
f 4887 	4891 	4888
f 4891 	4887 	4889
f 4786 	4890 	4635
f 4861 	4888 	4891
f 4890 	4892 	4789
f 4889 	4969 	4891
f 4970 	4891 	4969
f 4895 	4666 	4665
f 4786 	4785 	4896
f 4787 	4896 	4785
f 4894 	4895 	4665
f 4896 	4897 	4786
f 4895 	4898 	4666
f 4708 	4899 	4709
f 4890 	4786 	4897
f 4897 	4900 	4890
f 4898 	4899 	4708
f 4890 	4900 	4892
f 4892 	4902 	4893
f 4901 	4894 	4855
f 4900 	4902 	4892
f 4855 	4860 	4901
f 4901 	4903 	4894
f 4901 	4922 	4903
f 4894 	4903 	4895
f 4895 	4904 	4898
f 4896 	4921 	4897
f 4903 	4904 	4895
f 4902 	4900 	4925
f 4915 	4899 	4898
f 4802 	4893 	4905
f 4803 	4906 	4805
f 4905 	4906 	4803
f 4709 	4899 	4907
f 4906 	4908 	4805
f 4899 	4917 	4907
f 4907 	4713 	4709
f 4909 	4714 	4713
f 4908 	4910 	4869
f 4910 	566 	4869
f 4713 	4907 	4909
f 4893 	4911 	4905
f 4893 	4902 	4911
f 4905 	4911 	4906
f 4913 	4906 	4911
f 4906 	4914 	4908
f 4750 	4126 	4912
f 4904 	4915 	4898
f 4913 	4914 	4906
f 4914 	4916 	4908
f 4904 	4947 	4915
f 4908 	4916 	4910
f 4917 	4899 	4915
f 4916 	605 	4910
f 4907 	4917 	4918
f 4948 	4917 	4915
f 4910 	605 	566
f 4907 	4918 	4909
f 4919 	4912 	4909
f 4919 	4909 	4918
f 4912 	4919 	4752
f 4913 	4935 	4914
f 4752 	4919 	4753
f 4936 	4916 	4914
f 4912 	4752 	4750
f 4787 	3081 	4920
f 4918 	4917 	4949
f 4917 	4948 	4949
f 4787 	4920 	4896
f 4949 	4950 	4918
f 4920 	4921 	4896
f 4919 	4950 	4753
f 4897 	4921 	4900
f 4924 	4900 	4921
f 4923 	4903 	4922
f 4900 	4924 	4925
f 4923 	4926 	4903
f 4925 	4931 	4902
f 4903 	4926 	4904
f 3081 	3096 	4920
f 4926 	4947 	4904
f 4921 	4920 	4927
f 3096 	4927 	4920
f 4927 	4929 	4921
f 4923 	4922 	4930
f 4921 	4929 	4924
f 141 	4826 	4846
f 4977 	26 	27
f 4929 	4932 	4924
f 4927 	3096 	1402
f 2782 	68 	69
f 4927 	1403 	4929
f 69 	70 	2782
f 1402 	1403 	4927
f 2811 	2784 	72
f 1403 	1404 	4929
f 2849 	2811 	73
f 4929 	1404 	4932
f 4911 	4902 	4931
f 3184 	626 	627
f 4924 	4932 	4925
f 3188 	3187 	630
f 4925 	4932 	4931
f 4933 	4931 	4932
f 3229 	632 	633
f 4932 	1405 	4933
f 1404 	1405 	4932
f 83 	4239 	82
f 84 	4239 	83
f 4911 	4934 	4913
f 4911 	4931 	4934
f 4934 	4935 	4913
f 4936 	4914 	4935
f 674 	605 	4936
f 4916 	4936 	605
f 4933 	4937 	4931
f 4931 	4937 	4934
f 4934 	4938 	4935
f 4937 	4938 	4934
f 4938 	223 	4935
f 4935 	223 	4936
f 4936 	680 	674
f 223 	680 	4936
f 4933 	1405 	1409
f 4933 	1409 	4937
f 4937 	1409 	4938
f 1410 	4938 	1409
f 4938 	1411 	223
f 4938 	1410 	1411
f 4534 	3068 	3645
f 578 	915 	577
f 4928 	4930 	4922
f 4923 	4930 	4926
f 4939 	4926 	4930
f 4846 	147 	141
f 141 	134 	4826
f 4095 	4956 	4965
f 933 	931 	587
f 4940 	4987 	5024
f 4943 	4991 	4945
f 4990 	4942 	4945
f 555 	851 	554
f 4943 	4962 	4960
f 4930 	4974 	4939
f 559 	859 	558
f 860 	859 	560
f 865 	562 	563
f 4915 	4947 	4948
f 4947 	4953 	4948
f 4919 	4918 	4950
f 4939 	4951 	4926
f 917 	915 	579
f 4939 	4974 	4951
f 562 	865 	579
f 4926 	4951 	4947
f 922 	920 	582
f 4949 	4948 	4952
f 4953 	4952 	4948
f 4953 	4947 	4951
f 4953 	4951 	4976
f 4975 	4976 	4951
f 4949 	4952 	4954
f 4949 	4954 	4950
f 4950 	4954 	4753
f 4754 	4753 	4954
f 575 	910 	574
f 4996 	4994 	3425
f 910 	575 	913
f 576 	913 	575
f 576 	577 	913
f 578 	579 	915
f 581 	582 	920
f 2199 	1910 	4023
f 929 	927 	585
f 586 	931 	585
f 929 	585 	931
f 1504 	1499 	3759
f 586 	587 	931
f 1504 	3759 	4994
f 933 	587 	588
f 3444 	3448 	5002
f 4945 	4962 	4943
f 4960 	4946 	4943
f 4958 	4965 	4956
f 4959 	4965 	4958
f 551 	590 	2293
f 591 	2293 	590
f 2298 	594 	595
f 596 	2299 	595
f 4941 	5031 	4942
f 4940 	5031 	4941
f 4962 	5045 	4960
f 4945 	5033 	4962
f 4961 	4946 	4960
f 591 	2294 	2293
f 4961 	4944 	4946
f 4961 	4963 	4944
f 2298 	595 	2299
f 4955 	4944 	4963
f 2303 	598 	599
f 4002 	4961 	4960
f 4965 	4959 	4964
f 4954 	4755 	4754
f 4881 	4749 	4966
f 4749 	1870 	4966
f 4966 	4967 	4881
f 4964 	4959 	4955
f 4955 	4963 	4964
f 4969 	4889 	4884
f 4968 	4969 	4884
f 4970 	4971 	4891
f 4891 	4971 	4862
f 15 	4967 	4966
f 4963 	4000 	4964
f 4972 	4928 	4862
f 4963 	4001 	4000
f 4972 	4862 	4971
f 4003 	4964 	4000
f 4972 	4973 	4928
f 4928 	4973 	4930
f 4965 	4003 	4004
f 4973 	4974 	4930
f 4963 	4961 	4001
f 4001 	4961 	4002
f 4975 	4951 	4974
f 4964 	4003 	4965
f 4953 	4976 	4977
f 4977 	4952 	4953
f 4978 	4954 	4952
f 4980 	4981 	2220
f 4952 	4977 	4978
f 4982 	4983 	2220
f 4983 	4984 	2220
f 4978 	4755 	4954
f 4985 	4986 	2220
f 4986 	4987 	2220
f 4984 	4985 	2220
f 4981 	4982 	2220
f 4987 	4988 	2220
f 4988 	4989 	2220
f 4978 	27 	4755
f 8 	4848 	4755
f 2307 	602 	603
f 12 	4851 	4850
f 4852 	4851 	13
f 2311 	606 	2312
f 2312 	607 	2314
f 608 	2314 	607
f 608 	609 	2314
f 920 	611 	581
f 5022 	4984 	5054
f 4979 	4980 	2220
f 4989 	4990 	2220
f 2220 	4991 	4992
f 4992 	4993 	2220
f 16 	17 	4967
f 720 	719 	3698
f 17 	4969 	4968
f 3645 	721 	720
f 4971 	4970 	20
f 1506 	2199 	4023
f 4023 	4072 	1506
f 20 	4972 	4971
f 1516 	4072 	1500
f 3755 	1499 	1500
f 3755 	1500 	3753
f 3755 	3759 	1499
f 4973 	23 	4974
f 23 	4975 	4974
f 721 	3645 	3068
f 4541 	3069 	3068
f 4541 	3068 	4534
f 3069 	4541 	3074
f 4550 	3074 	4541
f 27 	4978 	4977
f 4550 	3075 	3074
f 8 	4755 	27
f 2743 	4243 	84
f 4995 	1504 	4994
f 2743 	66 	2744
f 67 	2744 	66
f 67 	68 	2744
f 70 	2783 	2782
f 2784 	70 	71
f 3421 	3425 	4994
f 71 	72 	2784
f 4996 	4997 	4994
f 2849 	73 	74
f 3425 	4999 	4996
f 2252 	74 	65
f 4994 	4997 	4995
f 3182 	625 	626
f 626 	3184 	3182
f 3184 	627 	628
f 4997 	5005 	4995
f 3187 	628 	629
f 629 	630 	3187
f 4998 	4996 	4999
f 3227 	631 	632
f 4998 	4997 	4996
f 632 	3229 	3227
f 2245 	75 	4246
f 4246 	75 	4248
f 76 	4248 	75
f 76 	77 	4248
f 4249 	4248 	77
f 4249 	77 	78
f 4231 	78 	79
f 4231 	79 	80
f 5001 	4998 	4999
f 4233 	80 	81
f 82 	4236 	81
f 84 	4243 	4239
f 5000 	5001 	4999
f 66 	2743 	84
f 5000 	358 	5001
f 5000 	5002 	358
f 5003 	362 	5002
f 5003 	728 	362
f 718 	728 	5003
f 1505 	4995 	5004
f 5004 	4995 	5005
f 5006 	2265 	2264
f 5006 	5008 	2265
f 5006 	2264 	5007
f 5004 	5007 	2264
f 5005 	5007 	5004
f 5008 	2266 	2265
f 5008 	5009 	2266
f 4997 	4998 	5010
f 5010 	5005 	4997
f 917 	579 	865
f 5012 	5011 	5007
f 5005 	5012 	5007
f 5010 	5012 	5005
f 5011 	5006 	5007
f 5006 	5011 	5013
f 5006 	5013 	5008
f 5013 	5014 	5008
f 5008 	5014 	5009
f 849 	554 	851
f 5014 	5015 	5009
f 853 	851 	556
f 4998 	671 	5010
f 5001 	671 	4998
f 5012 	5010 	672
f 671 	672 	5010
f 672 	673 	5012
f 5011 	5012 	673
f 676 	5013 	5011
f 873 	565 	567
f 673 	676 	5011
f 567 	568 	873
f 875 	873 	568
f 569 	877 	568
f 5009 	2277 	2267
f 552 	845 	570
f 5009 	5015 	2277
f 5015 	5016 	2277
f 2351 	2280 	5016
f 855 	853 	557
f 5013 	676 	5014
f 855 	557 	558
f 683 	5014 	676
f 5014 	688 	5015
f 559 	560 	859
f 683 	688 	5014
f 688 	690 	5015
f 560 	561 	860
f 5015 	690 	5016
f 690 	702 	5016
f 5016 	702 	2351
f 702 	706 	2351
f 2351 	706 	2353
f 706 	2544 	2353
f 5001 	358 	5017
f 358 	365 	5017
f 571 	572 	904
f 906 	904 	572
f 572 	574 	906
f 5017 	671 	5001
f 5017 	662 	671
f 661 	662 	5017
f 5017 	365 	661
f 671 	662 	672
f 664 	672 	662
f 927 	583 	584
f 362 	358 	5002
f 4990 	4991 	2220
f 5018 	5019 	2220
f 5020 	4957 	2220
f 5020 	2220 	5021
f 5019 	5021 	2220
f 4993 	5018 	2220
f 4980 	5052 	4981
f 5023 	4986 	4985
f 4987 	4940 	4988
f 4940 	4941 	4988
f 4986 	5024 	4987
f 5051 	4980 	4979
f 4989 	4941 	4990
f 4942 	4990 	4941
f 4991 	4943 	4992
f 4946 	4944 	4993
f 4946 	4992 	4943
f 4992 	4946 	4993
f 4990 	4945 	4991
f 5018 	4944 	4955
f 5019 	5018 	4955
f 4955 	4959 	5019
f 4993 	4944 	5018
f 4989 	4988 	4941
f 4956 	4957 	5020
f 4956 	5020 	4958
f 5021 	4958 	5020
f 5021 	4959 	4958
f 5021 	5019 	4959
f 5023 	5024 	4986
f 4940 	5024 	5029
f 5024 	5030 	5029
f 5030 	5024 	5023
f 5027 	5022 	5054
f 5022 	5027 	5028
f 5028 	5023 	5022
f 5029 	5031 	4940
f 5028 	5030 	5023
f 5028 	5039 	5030
f 5040 	5029 	5030
f 5032 	4942 	5031
f 571 	904 	589
f 4942 	5033 	4945
f 4942 	5032 	5033
f 5037 	5027 	5026
f 482 	481 	2443
f 2444 	481 	483
f 2448 	486 	2450
f 488 	2451 	487
f 5026 	5025 	5036
f 2443 	489 	482
f 5025 	5035 	5036
f 5037 	5026 	5036
f 497 	2461 	496
f 497 	498 	2461
f 633 	634 	3229
f 5027 	5038 	5028
f 5027 	5037 	5038
f 5030 	5039 	5040
f 1495 	636 	637
f 637 	638 	1495
f 5029 	5041 	5031
f 1497 	638 	639
f 5029 	5040 	5041
f 639 	640 	1497
f 5028 	5038 	5039
f 5031 	5041 	5042
f 5048 	5039 	5038
f 5040 	5050 	5041
f 5031 	5042 	5032
f 5032 	5042 	5043
f 5042 	4331 	5043
f 5032 	5043 	5033
f 5045 	4962 	5044
f 5045 	4002 	4960
f 4334 	4335 	5045
f 5044 	4962 	5033
f 5033 	5043 	5044
f 2300 	2299 	597
f 2299 	596 	597
f 5035 	5034 	5067
f 5036 	5046 	5037
f 599 	600 	2303
f 5037 	5046 	5047
f 5037 	5047 	5038
f 5038 	5047 	5048
f 5039 	5048 	5049
f 2296 	2295 	593
f 2296 	593 	2297
f 5049 	5040 	5039
f 4329 	5041 	5050
f 5042 	5041 	4329
f 606 	2311 	604
f 5042 	4329 	4331
f 5043 	4331 	4332
f 5043 	4332 	5044
f 609 	2315 	2314
f 2315 	609 	611
f 5049 	5050 	5040
f 5044 	4334 	5045
f 4002 	5045 	4335
f 555 	556 	851
f 4463 	5049 	5048
f 5049 	4463 	5050
f 558 	857 	855
f 4462 	4464 	5050
f 5051 	5052 	4980
f 5053 	4981 	5052
f 4983 	5054 	4984
f 4983 	5056 	5054
f 4984 	5022 	4985
f 5055 	4982 	4981
f 4981 	5053 	5055
f 4982 	5055 	5056
f 5060 	5053 	5052
f 5056 	4983 	4982
f 556 	557 	853
f 5022 	5023 	4985
f 5056 	5025 	5026
f 5056 	5026 	5054
f 5054 	5026 	5027
f 5025 	5056 	5055
f 5051 	5058 	5057
f 5052 	5059 	5060
f 5061 	5055 	5053
f 5053 	5060 	5061
f 5061 	5025 	5055
f 5035 	5025 	5061
f 577 	914 	913
f 5052 	5051 	5059
f 5051 	5057 	5059
f 5058 	5062 	5063
f 922 	582 	583
f 5062 	5071 	5063
f 584 	585 	927
f 5058 	5063 	5057
f 5064 	5057 	5063
f 937 	935 	589
f 5064 	5059 	5057
f 937 	589 	904
f 5059 	5064 	5065
f 908 	906 	574
f 5059 	5065 	5060
f 5034 	5060 	5065
f 5065 	5067 	5034
f 5034 	5061 	5060
f 5034 	5035 	5061
f 879 	570 	845
f 5072 	5064 	5063
f 847 	845 	553
f 552 	553 	845
f 553 	849 	847
f 2275 	4979 	2220
f 5051 	2449 	5058
f 5062 	5058 	2482
f 2473 	2482 	5058
f 5078 	5048 	5047
f 563 	867 	865
f 564 	869 	563
f 5067 	5065 	5066
f 5035 	5067 	5068
f 1858 	643 	623
f 5035 	5068 	5069
f 5069 	5036 	5035
f 1893 	500 	501
f 5069 	5046 	5036
f 504 	1897 	503
f 5075 	5068 	5067
f 5066 	5074 	5067
f 5067 	5074 	5075
f 5069 	5077 	5046
f 5046 	5078 	5047
f 5046 	5077 	5078
f 1907 	513 	515
f 5063 	5071 	5072
f 5065 	5064 	5066
f 5066 	5064 	5072
f 5071 	5062 	5070
f 5071 	5088 	5072
f 5071 	5087 	5088
f 5087 	5071 	5070
f 5066 	5072 	5073
f 2482 	5070 	5062
f 5087 	5070 	5086
f 5074 	5066 	5073
f 5075 	5076 	5068
f 5069 	5068 	5076
f 5077 	5069 	5076
f 504 	505 	1897
f 5083 	5076 	5075
f 510 	1903 	509
f 5078 	4682 	5048
f 4682 	4463 	5048
f 512 	1905 	511
f 1905 	512 	513
f 5080 	5074 	5073
f 5081 	5080 	5073
f 1911 	505 	612
f 612 	613 	1911
f 5074 	5082 	5075
f 5074 	5080 	5082
f 1912 	613 	614
f 1914 	614 	520
f 5083 	5075 	5082
f 521 	1915 	520
f 5076 	5084 	5077
f 1917 	522 	523
f 523 	524 	1917
f 1918 	1917 	524
f 5084 	5076 	5083
f 5077 	5084 	4683
f 5077 	4683 	5078
f 5078 	4683 	4684
f 879 	877 	570
f 4688 	4683 	5084
f 5078 	4684 	4682
f 5079 	5095 	5081
f 558 	859 	857
f 5094 	5080 	5081
f 860 	561 	862
f 5080 	5094 	5096
f 2454 	862 	561
f 5080 	5096 	5082
f 867 	563 	869
f 872 	869 	565
f 564 	565 	869
f 872 	565 	873
f 5082 	5085 	5083
f 4687 	5083 	5085
f 875 	568 	877
f 569 	570 	877
f 5085 	4722 	4687
f 4687 	5084 	5083
f 574 	910 	908
f 4688 	5084 	4687
f 577 	915 	914
f 5085 	4723 	4722
f 5073 	5072 	5088
f 5087 	5079 	5088
f 5073 	5088 	5081
f 5081 	5088 	5079
f 5086 	5089 	5090
f 5086 	5090 	5087
f 5079 	5087 	5090
f 922 	583 	924
f 924 	583 	927
f 5089 	5091 	5090
f 5090 	5091 	5093
f 5093 	5079 	5090
f 588 	935 	933
f 588 	589 	935
f 5091 	5089 	5092
f 594 	2297 	593
f 5081 	5095 	5094
f 594 	2298 	2297
f 598 	2301 	597
f 5095 	5079 	5093
f 5096 	5085 	5082
f 5092 	5110 	5091
f 5093 	5091 	5097
f 592 	2294 	591
f 5091 	5110 	5097
f 5099 	5094 	5095
f 5096 	5094 	5100
f 5100 	4723 	5085
f 5100 	5085 	5096
f 603 	604 	2308
f 5098 	5095 	5093
f 5093 	5097 	5098
f 5099 	5095 	5098
f 5097 	5102 	5098
f 2431 	2315 	611
f 920 	2431 	611
f 5100 	5094 	5099
f 5101 	5097 	5110
f 5102 	5097 	5101
f 5101 	5106 	5102
f 2300 	597 	2301
f 5098 	5103 	5099
f 2303 	2301 	598
f 600 	2304 	2303
f 5098 	5102 	5103
f 601 	2306 	600
f 5099 	5103 	5104
f 603 	2308 	2307
f 2309 	2308 	604
f 2309 	604 	2311
f 5099 	5104 	5100
f 5100 	5104 	4724
f 592 	2295 	2294
f 592 	593 	2295
f 5100 	4724 	4723
f 2304 	600 	2306
f 601 	2307 	2306
f 5106 	5101 	5105
f 5102 	5106 	5107
f 5102 	5107 	5103
f 5108 	5104 	5103
f 5103 	5107 	5108
f 5104 	5108 	4727
f 5104 	4727 	4724
f 5106 	5117 	5107
f 5107 	4808 	5108
f 4808 	4809 	5108
f 5092 	5109 	5110
f 5109 	5112 	5110
f 5109 	5111 	5112
f 5110 	5112 	5101
f 5111 	5114 	5112
f 5112 	5105 	5101
f 5114 	5111 	5113
f 5112 	5114 	5105
f 5115 	5105 	5114
f 5105 	5116 	5106
f 3329 	5089 	5086
f 5092 	3391 	5109
f 3391 	5111 	5109
f 5113 	5111 	3393
f 3393 	5121 	5113
f 5106 	5116 	5117
f 5117 	4834 	4808
f 5115 	5114 	5122
f 5116 	5105 	5115
f 4808 	5107 	5117
f 5122 	5118 	5115
f 5115 	5119 	5116
f 5115 	5118 	5119
f 3579 	3577 	184
f 5116 	5119 	5120
f 5116 	5120 	5117
f 5117 	5120 	4834
f 5125 	5126 	5118
f 5127 	5120 	5119
f 87 	3527 	3526
f 5127 	4837 	5120
f 5122 	5114 	5113
f 5113 	5121 	5122
f 5121 	5124 	5122
f 5121 	5123 	5124
f 5122 	5124 	5118
f 5124 	5125 	5118
f 5124 	5132 	5125
f 5119 	5118 	5126
f 5126 	5127 	5119
f 4834 	5120 	4837
f 5125 	5134 	5128
f 5125 	5129 	5126
f 184 	3577 	2231
f 5125 	5128 	5129
f 5126 	5129 	5127
f 5130 	5127 	5129
f 5127 	5130 	4841
f 5130 	144 	4841
f 144 	5130 	145
f 5127 	4841 	4837
f 5134 	460 	5128
f 5128 	460 	469
f 469 	5129 	5128
f 469 	145 	5129
f 5132 	5124 	5123
f 5123 	5131 	5132
f 5131 	5134 	5132
f 5131 	5133 	5134
f 5125 	5132 	5134
f 5134 	5133 	457
f 455 	457 	5133
f 5134 	457 	460
f 5121 	3667 	5123
f 3668 	5131 	3667
f 5123 	3667 	5131
f 3669 	5133 	3668
f 5131 	3668 	5133
f 3669 	455 	5133
f 3378 	4675 	5136
f 102 	4524 	100
f 102 	113 	4524
f 4675 	5135 	5136
f 5137 	5135 	3
f 5137 	3 	6
f 5135 	5137 	5138
f 99 	5137 	6
f 100 	5138 	99
f 5135 	5138 	5136
f 5137 	99 	5138
f 87 	3526 	3525
f 2231 	43 	184
f 185 	3699 	3579
f 470 	2117 	484
f 2447 	484 	2117
f 2445 	483 	2447
f 88 	89 	3527
f 90 	91 	3518
f 3528 	89 	3518
f 3579 	184 	185
f 98 	64 	3515
f 2251 	3515 	64
f 85 	86 	3524
f 3483 	95 	3484
f 3519 	91 	3522
f 3528 	3527 	89
f 3483 	3482 	95
f 3484 	95 	96
f 3484 	96 	3485
f 3515 	3485 	98
f 3519 	3518 	91
f 3522 	91 	92
f 180 	3547 	3699
f 187 	3699 	185
f 187 	180 	3699
f 93 	94 	3481
f 3482 	3481 	94
f 3482 	94 	95
f 97 	3485 	96
f 97 	98 	3485
f 3548 	181 	3524
f 3525 	3524 	86
f 3525 	86 	87
f 3527 	87 	88
f 90 	3518 	89
f 3481 	3522 	93
f 92 	93 	3522
f 181 	3548 	180
f 3547 	180 	3548
f 85 	3524 	181
f 2445 	2444 	483
f 484 	2447 	483
f 487 	2450 	486
f 2450 	487 	2451
f 488 	489 	2451
f 481 	2444 	2443
f 492 	2456 	490
f 2457 	2456 	493
f 493 	494 	2457
f 2458 	494 	495
f 2460 	495 	496
f 2452 	2451 	489
f 489 	2443 	2452
f 2454 	561 	490
f 490 	2456 	2454
f 492 	493 	2456
f 2458 	2457 	494
f 2459 	2458 	495
f 495 	2460 	2459
f 496 	2461 	2460
f 2462 	2461 	498
f 2448 	2462 	486
f 498 	486 	2462
f 1492 	634 	635
f 1494 	635 	636
f 636 	1495 	1494
f 1498 	1497 	640
f 640 	641 	1498
f 1909 	518 	499
f 502 	1895 	501
f 1896 	1895 	503
f 1897 	1896 	503
f 506 	507 	1899
f 508 	1901 	507
f 1902 	1901 	509
f 1902 	509 	1903
f 510 	511 	1903
f 1906 	513 	1907
f 515 	516 	1907
f 1908 	516 	518
f 613 	1912 	1911
f 1916 	1915 	522
f 1916 	522 	1917
f 1918 	524 	526
f 530 	1926 	529
f 531 	532 	1929
f 1930 	532 	1932
f 1933 	1932 	534
f 534 	537 	1933
f 1892 	1909 	499
f 1892 	499 	1893
f 501 	1894 	1893
f 1894 	501 	1895
f 502 	503 	1895
f 505 	1898 	1897
f 505 	1911 	1898
f 2131 	506 	1899
f 1900 	1899 	507
f 1900 	507 	1901
f 508 	509 	1901
f 511 	1904 	1903
f 511 	1905 	1904
f 513 	1906 	1905
f 516 	1908 	1907
f 1909 	1908 	518
f 614 	1913 	1912
f 1913 	614 	1914
f 1914 	520 	1915
f 521 	522 	1915
f 1919 	1918 	526
f 526 	527 	1919
f 1920 	1919 	527
f 1920 	527 	1922
f 528 	1922 	527
f 529 	1924 	528
# 10300 faces

 #end of obj_0

